{
	"credit": "Made with Blockbench",
	"parent": "carved_pumpkin",
	"texture_size": [32, 32],
	"textures": {
		"0": "block/aroacedetail",
		"1": "block/aroacebase",
		"particle": "block/aroacedetail"
	},
	"elements": [
		{
			"from": [4, 6, 7],
			"to": [4, 8, 9],
			"rotation": {"angle": 0, "axis": "y", "origin": [4, 0, 4]},
			"faces": {
				"north": {"uv": [0, 0, 0, 1], "texture": "#1"},
				"east": {"uv": [6, 4, 7, 5], "texture": "#1"},
				"south": {"uv": [0, 0, 0, 1], "texture": "#1"},
				"west": {"uv": [4.5, 6, 5.5, 7], "texture": "#1"},
				"up": {"uv": [0, 1, 0, 0], "texture": "#1"},
				"down": {"uv": [0, 0, 0, 1], "texture": "#1"}
			}
		},
		{
			"from": [3.75, 2, 6],
			"to": [4.5, 6, 10],
			"rotation": {"angle": 0, "axis": "y", "origin": [4.5, -2, 4]},
			"faces": {
				"north": {"uv": [3.5, 7, 3.875, 9], "texture": "#1"},
				"east": {"uv": [2, 2, 4, 4], "texture": "#1"},
				"south": {"uv": [4, 7, 4.375, 9], "texture": "#1"},
				"west": {"uv": [0, 4, 2, 6], "texture": "#1"},
				"up": {"uv": [7.375, 6, 7, 4], "texture": "#1"},
				"down": {"uv": [4.875, 7, 4.5, 9], "texture": "#1"}
			}
		},
		{
			"from": [13.375, 2.25, 6.25],
			"to": [13.375, 5.75, 9.75],
			"rotation": {"angle": 0, "axis": "y", "origin": [4.5, -2.25, 3.75]},
			"faces": {
				"north": {"uv": [0, 0, 0, 8], "texture": "#0"},
				"east": {"uv": [8, 0, 16, 8], "texture": "#0"},
				"south": {"uv": [0, 0, 0, 8], "texture": "#0"},
				"west": {"uv": [8, 8, 16, 16], "texture": "#0"},
				"up": {"uv": [0, 8, 0, 0], "texture": "#0"},
				"down": {"uv": [0, 0, 0, 8], "texture": "#0"}
			}
		},
		{
			"from": [2.625, 2.25, 6.25],
			"to": [2.625, 5.75, 9.75],
			"rotation": {"angle": 0, "axis": "y", "origin": [3.5, -1.75, 3.75]},
			"faces": {
				"north": {"uv": [0, 0, 0, 8], "texture": "#0"},
				"east": {"uv": [0, 0, 8, 8], "texture": "#0"},
				"south": {"uv": [0, 0, 0, 8], "texture": "#0"},
				"west": {"uv": [0, 8, 8, 16], "texture": "#0"},
				"up": {"uv": [0, 8, 0, 0], "texture": "#0"},
				"down": {"uv": [0, 0, 0, 8], "texture": "#0"}
			}
		},
		{
			"from": [2.75, 2, 7],
			"to": [3.75, 6, 9],
			"rotation": {"angle": 0, "axis": "y", "origin": [3.75, -2, 4]},
			"faces": {
				"north": {"uv": [6.5, 0, 7, 2], "texture": "#1"},
				"east": {"uv": [5, 4, 6, 6], "texture": "#1"},
				"south": {"uv": [6.5, 5, 7, 7], "texture": "#1"},
				"west": {"uv": [0, 6, 1, 8], "texture": "#1"},
				"up": {"uv": [8, 2, 7.5, 1], "texture": "#1"},
				"down": {"uv": [8, 2, 7.5, 3], "texture": "#1"}
			}
		},
		{
			"from": [2.75, 3, 6],
			"to": [3.75, 5, 10],
			"rotation": {"angle": 0, "axis": "y", "origin": [3.75, -2, 4]},
			"faces": {
				"north": {"uv": [7, 7, 7.5, 8], "texture": "#1"},
				"east": {"uv": [3, 5, 5, 6], "texture": "#1"},
				"south": {"uv": [7.5, 0, 8, 1], "texture": "#1"},
				"west": {"uv": [5, 3, 7, 4], "texture": "#1"},
				"up": {"uv": [6.5, 7, 6, 5], "texture": "#1"},
				"down": {"uv": [6, 6, 5.5, 8], "texture": "#1"}
			}
		},
		{
			"from": [12, 6, 7],
			"to": [12, 8, 9],
			"rotation": {"angle": 0, "axis": "y", "origin": [4, 0, 4]},
			"faces": {
				"north": {"uv": [0, 0, 0, 1], "texture": "#1"},
				"east": {"uv": [6, 2, 7, 3], "texture": "#1"},
				"south": {"uv": [0, 0, 0, 1], "texture": "#1"},
				"west": {"uv": [3.5, 6, 4.5, 7], "texture": "#1"},
				"up": {"uv": [0, 1, 0, 0], "texture": "#1"},
				"down": {"uv": [0, 0, 0, 1], "texture": "#1"}
			}
		},
		{
			"from": [11.5, 2, 6],
			"to": [12.25, 6, 10],
			"rotation": {"angle": 0, "axis": "y", "origin": [3.5, -2, 4]},
			"faces": {
				"north": {"uv": [7, 0, 7.375, 2], "texture": "#1"},
				"east": {"uv": [0, 0, 2, 2], "texture": "#1"},
				"south": {"uv": [2, 7, 2.375, 9], "texture": "#1"},
				"west": {"uv": [0, 2, 2, 4], "texture": "#1"},
				"up": {"uv": [7.375, 4, 7, 2], "texture": "#1"},
				"down": {"uv": [2.875, 7, 2.5, 9], "texture": "#1"}
			}
		},
		{
			"from": [12.25, 3, 6],
			"to": [13.25, 5, 10],
			"rotation": {"angle": 0, "axis": "y", "origin": [4.25, -2, 4]},
			"faces": {
				"north": {"uv": [5, 7, 5.5, 8], "texture": "#1"},
				"east": {"uv": [2, 4, 4, 5], "texture": "#1"},
				"south": {"uv": [6, 7, 6.5, 8], "texture": "#1"},
				"west": {"uv": [4, 2, 6, 3], "texture": "#1"},
				"up": {"uv": [6.5, 2, 6, 0], "texture": "#1"},
				"down": {"uv": [1.5, 6, 1, 8], "texture": "#1"}
			}
		},
		{
			"from": [12.25, 2, 7],
			"to": [13.25, 6, 9],
			"rotation": {"angle": 0, "axis": "y", "origin": [4.25, -2, 4]},
			"faces": {
				"north": {"uv": [1.5, 6, 2, 8], "texture": "#1"},
				"east": {"uv": [4, 3, 5, 5], "texture": "#1"},
				"south": {"uv": [3, 6, 3.5, 8], "texture": "#1"},
				"west": {"uv": [2, 5, 3, 7], "texture": "#1"},
				"up": {"uv": [7.5, 7, 7, 6], "texture": "#1"},
				"down": {"uv": [7, 7, 6.5, 8], "texture": "#1"}
			}
		},
		{
			"from": [4, 8, 7],
			"to": [12, 8, 9],
			"rotation": {"angle": 0, "axis": "y", "origin": [4, 0, 4]},
			"faces": {
				"north": {"uv": [0, 0, 4, 0], "texture": "#1"},
				"east": {"uv": [0, 0, 1, 0], "texture": "#1"},
				"south": {"uv": [0, 0, 4, 0], "texture": "#1"},
				"west": {"uv": [0, 0, 1, 0], "texture": "#1"},
				"up": {"uv": [6, 1, 2, 0], "texture": "#1"},
				"down": {"uv": [6, 1, 2, 2], "texture": "#1"}
			}
		}
	],
	"display": {
		"thirdperson_righthand": {
			"rotation": [75, 0, 0],
			"translation": [0, -0.5, 0.375],
			"scale": [0.75, 0.75, 0.75]
		},
		"thirdperson_lefthand": {
			"rotation": [75, 0, 0],
			"translation": [0, -0.5, 0.375],
			"scale": [0.75, 0.75, 0.75]
		},
		"firstperson_righthand": {
			"rotation": [45, 0, 0],
			"translation": [0, 0.25, 0.5]
		},
		"firstperson_lefthand": {
			"rotation": [45, 0, 0],
			"translation": [0, 0.25, 0.5]
		},
		"ground": {
			"translation": [0, 3.25, 0]
		},
		"gui": {
			"rotation": [25, 45, 0],
			"translation": [0, 4, 0],
			"scale": [1.4, 1.4, 1.4]
		},
		"head": {
			"translation": [0, 7.5, 0],
			"scale": [1.85, 1.85, 1.85]
		},
		"fixed": {
			"translation": [0, 7.5, -3.75],
			"scale": [1.85, 1.85, 1.85]
		}
	},
	"groups": [
		0,
		1,
		{
			"name": "group",
			"origin": [3.5, -2, 4],
			"color": 0,
			"children": [2, 3]
		},
		4,
		5,
		6,
		7,
		8,
		9,
		10
	]
}