{
	"credit": "Made with Blockbench",
	"parent": "carved_pumpkin",
	"texture_size": [64, 64],
	"textures": {
		"0": "block/blitz_horns",
		"particle": "block/blitz_horns"
	},
	"elements": [
		{
			"from": [-0.5, 0, -0.5],
			"to": [5.5, 4, 5.5],
			"faces": {
				"north": {"uv": [5.75, 3.5, 7.25, 4.5], "texture": "#0"},
				"east": {"uv": [10.5, 1.25, 12, 2.25], "texture": "#0"},
				"south": {"uv": [2.5, 10.5, 4, 11.5], "texture": "#0"},
				"west": {"uv": [10.5, 7.75, 12, 8.75], "texture": "#0"},
				"up": {"uv": [9.25, 8.5, 7.75, 7], "texture": "#0"},
				"down": {"uv": [9.5, 1.25, 8, 2.75], "texture": "#0"}
			}
		},
		{
			"from": [-0.25, 3.5, -1.75],
			"to": [5.25, 12.5, 3.75],
			"rotation": {"angle": 22.5, "axis": "x", "origin": [0, 0, 0]},
			"faces": {
				"north": {"uv": [0, 0, 1.5, 2.25], "texture": "#0"},
				"east": {"uv": [1.5, 0, 3, 2.25], "texture": "#0"},
				"south": {"uv": [0, 2.25, 1.5, 4.5], "texture": "#0"},
				"west": {"uv": [1.5, 2.25, 3, 4.5], "texture": "#0"},
				"up": {"uv": [6.5, 9.5, 5, 8], "texture": "#0"},
				"down": {"uv": [8, 8.5, 6.5, 10], "texture": "#0"}
			}
		},
		{
			"from": [0, 11, -6.25],
			"to": [5, 20, -1.25],
			"rotation": {"angle": 45, "axis": "x", "origin": [0, 0, 0]},
			"faces": {
				"north": {"uv": [1.5, 4.5, 2.75, 6.75], "texture": "#0"},
				"east": {"uv": [4.5, 2.25, 5.75, 4.5], "texture": "#0"},
				"south": {"uv": [2.75, 4.5, 4, 6.75], "texture": "#0"},
				"west": {"uv": [4, 4.5, 5.25, 6.75], "texture": "#0"},
				"up": {"uv": [11, 4.5, 9.75, 3.25], "texture": "#0"},
				"down": {"uv": [7.75, 10, 6.5, 11.25], "texture": "#0"}
			}
		},
		{
			"from": [0.25, 14, 9.75],
			"to": [4.75, 18.5, 18.75],
			"faces": {
				"north": {"uv": [7.75, 10, 9, 11.25], "texture": "#0"},
				"east": {"uv": [5.25, 4.5, 7.5, 5.75], "texture": "#0"},
				"south": {"uv": [9, 10, 10.25, 11.25], "texture": "#0"},
				"west": {"uv": [5.75, 2.25, 8, 3.5], "texture": "#0"},
				"up": {"uv": [6.5, 8, 5.25, 5.75], "texture": "#0"},
				"down": {"uv": [7.25, 0, 6, 2.25], "texture": "#0"}
			}
		},
		{
			"from": [0.5, 22, 0],
			"to": [4.5, 26, 9],
			"rotation": {"angle": 45, "axis": "x", "origin": [0, 0, 0]},
			"faces": {
				"north": {"uv": [6.5, 11.25, 7.5, 12.25], "texture": "#0"},
				"east": {"uv": [9, 4.75, 11.25, 5.75], "texture": "#0"},
				"south": {"uv": [7.5, 11.25, 8.5, 12.25], "texture": "#0"},
				"west": {"uv": [9, 5.75, 11.25, 6.75], "texture": "#0"},
				"up": {"uv": [10.5, 2.25, 9.5, 0], "texture": "#0"},
				"down": {"uv": [5.5, 9.5, 4.5, 11.75], "texture": "#0"}
			}
		},
		{
			"from": [0.75, -2.25, 23.5],
			"to": [4.25, 1.75, 27],
			"rotation": {"angle": -22.5, "axis": "x", "origin": [0, 0, 0]},
			"faces": {
				"north": {"uv": [8.5, 11.25, 9.5, 12.25], "texture": "#0"},
				"east": {"uv": [9.5, 11.25, 10.5, 12.25], "texture": "#0"},
				"south": {"uv": [10.5, 11.25, 11.5, 12.25], "texture": "#0"},
				"west": {"uv": [2.5, 11.5, 3.5, 12.5], "texture": "#0"},
				"up": {"uv": [4.5, 12.5, 3.5, 11.5], "texture": "#0"},
				"down": {"uv": [12.5, 6.25, 11.5, 7.25], "texture": "#0"}
			}
		},
		{
			"from": [1, -3.25, 23.75],
			"to": [4, -2.25, 26.75],
			"rotation": {"angle": -22.5, "axis": "x", "origin": [0, 0, 0]},
			"faces": {
				"north": {"uv": [7.25, 2, 8, 2.25], "texture": "#0"},
				"east": {"uv": [9.75, 4.5, 10.5, 4.75], "texture": "#0"},
				"south": {"uv": [10.5, 4.5, 11.25, 4.75], "texture": "#0"},
				"west": {"uv": [10.5, 9.75, 11.25, 10], "texture": "#0"},
				"up": {"uv": [8, 2, 7.25, 1.25], "texture": "#0"},
				"down": {"uv": [8.75, 2.75, 8, 3.5], "texture": "#0"}
			}
		},
		{
			"from": [1.25, -4.25, 24.25],
			"to": [3.75, -3.25, 26.25],
			"rotation": {"angle": -22.5, "axis": "x", "origin": [0, 0, 0]},
			"faces": {
				"north": {"uv": [12, 2, 12.75, 2.25], "texture": "#0"},
				"east": {"uv": [2, 11.75, 2.5, 12], "texture": "#0"},
				"south": {"uv": [12, 7.75, 12.75, 8], "texture": "#0"},
				"west": {"uv": [2, 12, 2.5, 12.25], "texture": "#0"},
				"up": {"uv": [7.25, 8.5, 6.5, 8], "texture": "#0"},
				"down": {"uv": [12.25, 7.25, 11.5, 7.75], "texture": "#0"}
			}
		},
		{
			"from": [1.5, -5.25, 24.5],
			"to": [3.5, -4.25, 26],
			"rotation": {"angle": -22.5, "axis": "x", "origin": [0, 0, 0]},
			"faces": {
				"north": {"uv": [12, 9.5, 12.5, 9.75], "texture": "#0"},
				"east": {"uv": [2, 12.25, 2.5, 12.5], "texture": "#0"},
				"south": {"uv": [6.5, 12.25, 7, 12.5], "texture": "#0"},
				"west": {"uv": [7, 12.25, 7.5, 12.5], "texture": "#0"},
				"up": {"uv": [7.75, 8.5, 7.25, 8], "texture": "#0"},
				"down": {"uv": [5, 9, 4.5, 9.5], "texture": "#0"}
			}
		},
		{
			"from": [10.5, 0, -0.5],
			"to": [16.5, 4, 5.5],
			"rotation": {"angle": 0, "axis": "y", "origin": [16, 0, 0]},
			"faces": {
				"north": {"uv": [10.5, 8.75, 12, 9.75], "texture": "#0"},
				"east": {"uv": [11, 3.25, 12.5, 4.25], "texture": "#0"},
				"south": {"uv": [11.25, 4.25, 12.75, 5.25], "texture": "#0"},
				"west": {"uv": [11.25, 5.25, 12.75, 6.25], "texture": "#0"},
				"up": {"uv": [9.5, 10, 8, 8.5], "texture": "#0"},
				"down": {"uv": [1.5, 9, 0, 10.5], "texture": "#0"}
			}
		},
		{
			"from": [10.75, 3.5, -1.75],
			"to": [16.25, 12.5, 3.75],
			"rotation": {"angle": 22.5, "axis": "x", "origin": [16, 0, 0]},
			"faces": {
				"north": {"uv": [3, 0, 4.5, 2.25], "texture": "#0"},
				"east": {"uv": [3, 2.25, 4.5, 4.5], "texture": "#0"},
				"south": {"uv": [0, 4.5, 1.5, 6.75], "texture": "#0"},
				"west": {"uv": [4.5, 0, 6, 2.25], "texture": "#0"},
				"up": {"uv": [3, 10.5, 1.5, 9], "texture": "#0"},
				"down": {"uv": [4.5, 9, 3, 10.5], "texture": "#0"}
			}
		},
		{
			"from": [11, 11, -6.25],
			"to": [16, 20, -1.25],
			"rotation": {"angle": 45, "axis": "x", "origin": [16, 0, 0]},
			"faces": {
				"north": {"uv": [6.5, 5.75, 7.75, 8], "texture": "#0"},
				"east": {"uv": [0, 6.75, 1.25, 9], "texture": "#0"},
				"south": {"uv": [1.25, 6.75, 2.5, 9], "texture": "#0"},
				"west": {"uv": [2.5, 6.75, 3.75, 9], "texture": "#0"},
				"up": {"uv": [11.5, 11.25, 10.25, 10], "texture": "#0"},
				"down": {"uv": [1.25, 10.5, 0, 11.75], "texture": "#0"}
			}
		},
		{
			"from": [11.25, 14, 9.75],
			"to": [15.75, 18.5, 18.75],
			"rotation": {"angle": 0, "axis": "x", "origin": [16, 0, 0]},
			"faces": {
				"north": {"uv": [10.5, 0, 11.75, 1.25], "texture": "#0"},
				"east": {"uv": [7.25, 0, 9.5, 1.25], "texture": "#0"},
				"south": {"uv": [1.25, 10.5, 2.5, 11.75], "texture": "#0"},
				"west": {"uv": [7.5, 3.5, 9.75, 4.75], "texture": "#0"},
				"up": {"uv": [5, 9, 3.75, 6.75], "texture": "#0"},
				"down": {"uv": [9, 4.75, 7.75, 7], "texture": "#0"}
			}
		},
		{
			"from": [11.5, 22, 0],
			"to": [15.5, 26, 9],
			"rotation": {"angle": 45, "axis": "x", "origin": [16, 0, 0]},
			"faces": {
				"north": {"uv": [11.5, 9.75, 12.5, 10.75], "texture": "#0"},
				"east": {"uv": [9.25, 6.75, 11.5, 7.75], "texture": "#0"},
				"south": {"uv": [11.5, 10.75, 12.5, 11.75], "texture": "#0"},
				"west": {"uv": [9.5, 2.25, 11.75, 3.25], "texture": "#0"},
				"up": {"uv": [6.5, 11.75, 5.5, 9.5], "texture": "#0"},
				"down": {"uv": [10.5, 7.75, 9.5, 10], "texture": "#0"}
			}
		},
		{
			"from": [11.75, -2.25, 23.5],
			"to": [15.25, 1.75, 27],
			"rotation": {"angle": -22.5, "axis": "x", "origin": [16, 0, 0]},
			"faces": {
				"north": {"uv": [0, 11.75, 1, 12.75], "texture": "#0"},
				"east": {"uv": [11.75, 0, 12.75, 1], "texture": "#0"},
				"south": {"uv": [1, 11.75, 2, 12.75], "texture": "#0"},
				"west": {"uv": [11.75, 2.25, 12.75, 3.25], "texture": "#0"},
				"up": {"uv": [5.5, 12.75, 4.5, 11.75], "texture": "#0"},
				"down": {"uv": [6.5, 11.75, 5.5, 12.75], "texture": "#0"}
			}
		},
		{
			"from": [12, -3.25, 23.75],
			"to": [15, -2.25, 26.75],
			"rotation": {"angle": -22.5, "axis": "x", "origin": [16, 0, 0]},
			"faces": {
				"north": {"uv": [12, 8, 12.75, 8.25], "texture": "#0"},
				"east": {"uv": [12, 8.25, 12.75, 8.5], "texture": "#0"},
				"south": {"uv": [12, 8.5, 12.75, 8.75], "texture": "#0"},
				"west": {"uv": [12, 8.75, 12.75, 9], "texture": "#0"},
				"up": {"uv": [9.5, 3.5, 8.75, 2.75], "texture": "#0"},
				"down": {"uv": [12.25, 11.75, 11.5, 12.5], "texture": "#0"}
			}
		},
		{
			"from": [12.25, -4.25, 24.25],
			"to": [14.75, -3.25, 26.25],
			"rotation": {"angle": -22.5, "axis": "x", "origin": [16, 0, 0]},
			"faces": {
				"north": {"uv": [12, 9, 12.75, 9.25], "texture": "#0"},
				"east": {"uv": [12.25, 7.25, 12.75, 7.5], "texture": "#0"},
				"south": {"uv": [12, 9.25, 12.75, 9.5], "texture": "#0"},
				"west": {"uv": [7.5, 12.25, 8, 12.5], "texture": "#0"},
				"up": {"uv": [12.75, 1.5, 12, 1], "texture": "#0"},
				"down": {"uv": [12.75, 1.5, 12, 2], "texture": "#0"}
			}
		},
		{
			"from": [12.5, -5.25, 24.5],
			"to": [14.5, -4.25, 26],
			"rotation": {"angle": -22.5, "axis": "x", "origin": [16, 0, 0]},
			"faces": {
				"north": {"uv": [12.25, 7.5, 12.75, 7.75], "texture": "#0"},
				"east": {"uv": [8, 12.25, 8.5, 12.5], "texture": "#0"},
				"south": {"uv": [8.5, 12.25, 9, 12.5], "texture": "#0"},
				"west": {"uv": [9, 12.25, 9.5, 12.5], "texture": "#0"},
				"up": {"uv": [4.5, 11, 4, 10.5], "texture": "#0"},
				"down": {"uv": [4.5, 11, 4, 11.5], "texture": "#0"}
			}
		}
	],
	"gui_light": "front",
	"display": {
		"thirdperson_righthand": {
			"scale": [0.3, 0.3, 0.2]
		},
		"thirdperson_lefthand": {
			"scale": [0.3, 0.3, 0.3]
		},
		"firstperson_righthand": {
			"rotation": [-16, 107, 0],
			"translation": [-0.5, 3, 0],
			"scale": [0.4, 0.4, 0.4]
		},
		"firstperson_lefthand": {
			"rotation": [-16, 107, 0],
			"translation": [-0.5, 3, 0],
			"scale": [0.4, 0.4, 0.4]
		},
		"ground": {
			"scale": [0.3, 0.3, 0.3]
		},
		"gui": {
			"rotation": [0, 150, 0],
			"translation": [-0.5, -1.25, 0],
			"scale": [0.5, 0.5, 0.5]
		},
		"head": {
			"rotation": [21, 0, 0],
			"translation": [0, 9.5, 1.5],
			"scale": [0.7, 0.7, 0.7]
		},
		"fixed": {
			"rotation": [-82, 0, 0],
			"translation": [0, 0, -3],
			"scale": [0.5, 0.5, 0.5]
		}
	}
}