{
	"credit": "Made with Blockbench",
	"parent": "carved_pumpkin",
	"texture_size": [32, 32],
	"textures": {
		"0": "block/gray_cowboy_hat"
	},
	"elements": [
		{
			"from": [4, 0.5, 4],
			"to": [12, 1, 11.75],
			"faces": {
				"north": {"uv": [10, 9, 15, 9.5], "texture": "#0"},
				"east": {"uv": [10, 9.5, 15, 10], "texture": "#0"},
				"south": {"uv": [10, 10, 15, 10.5], "texture": "#0"},
				"west": {"uv": [10, 10.5, 15, 11], "texture": "#0"},
				"up": {"uv": [5, 5, 0, 0], "texture": "#0"},
				"down": {"uv": [5, 5, 0, 10], "texture": "#0"}
			}
		},
		{
			"from": [5, 0.75, 5],
			"to": [11, 3, 11],
			"faces": {
				"north": {"uv": [8, 0, 11, 2], "texture": "#0"},
				"east": {"uv": [8, 2, 11, 4], "texture": "#0"},
				"south": {"uv": [8, 4, 11, 6], "texture": "#0"},
				"west": {"uv": [5, 9, 8, 11], "texture": "#0"},
				"up": {"uv": [8, 3, 5, 0], "texture": "#0"},
				"down": {"uv": [8, 3, 5, 6], "texture": "#0"}
			}
		},
		{
			"from": [5.5, 3, 5.25],
			"to": [10.5, 4, 10.75],
			"faces": {
				"north": {"uv": [5, 11, 7.5, 11.5], "texture": "#0"},
				"east": {"uv": [11, 2, 14, 2.5], "texture": "#0"},
				"south": {"uv": [11, 5, 13.5, 5.5], "texture": "#0"},
				"west": {"uv": [11, 2.5, 14, 3], "texture": "#0"},
				"up": {"uv": [7.5, 9, 5, 6], "texture": "#0"},
				"down": {"uv": [10, 6, 7.5, 9], "texture": "#0"}
			}
		},
		{
			"from": [6, 4, 5.25],
			"to": [7.5, 4.75, 10.75],
			"faces": {
				"north": {"uv": [12, 6.5, 11, 7], "texture": "#0"},
				"east": {"uv": [14, 4.5, 11, 5], "texture": "#0"},
				"south": {"uv": [12, 7, 11, 7.5], "texture": "#0"},
				"west": {"uv": [14, 4, 11, 4.5], "texture": "#0"},
				"up": {"uv": [4, 13, 5, 10], "texture": "#0"},
				"down": {"uv": [10, 6, 11, 9], "texture": "#0"}
			}
		},
		{
			"from": [7, 1, 4.5],
			"to": [9, 2, 5.5],
			"rotation": {"angle": 0, "axis": "y", "origin": [16, 0, 0]},
			"faces": {
				"north": {"uv": [11, 8.5, 12, 9], "texture": "#0"},
				"east": {"uv": [7.5, 11, 8, 11.5], "texture": "#0"},
				"south": {"uv": [10, 11, 11, 11.5], "texture": "#0"},
				"west": {"uv": [10, 11.5, 10.5, 12], "texture": "#0"},
				"up": {"uv": [12, 11.5, 11, 11], "texture": "#0"},
				"down": {"uv": [6, 11.5, 5, 12], "texture": "#0"}
			}
		},
		{
			"from": [11.75, 1, 4],
			"to": [12.5, 1.5, 11.75],
			"rotation": {"angle": 0, "axis": "y", "origin": [16, 0, 0]},
			"faces": {
				"north": {"uv": [6, 11.5, 7, 12], "texture": "#0"},
				"east": {"uv": [11, 1, 16, 1.5], "texture": "#0"},
				"south": {"uv": [7, 11.5, 8, 12], "texture": "#0"},
				"west": {"uv": [11, 1.5, 16, 2], "texture": "#0"},
				"up": {"uv": [1, 15, 0, 10], "texture": "#0"},
				"down": {"uv": [2, 10, 1, 15], "texture": "#0"}
			}
		},
		{
			"from": [12.5, 1.5, 4],
			"to": [13.25, 2, 11.75],
			"rotation": {"angle": 0, "axis": "y", "origin": [16, 0, 0]},
			"faces": {
				"north": {"uv": [6, 11.5, 7, 12], "texture": "#0"},
				"east": {"uv": [11, 1, 16, 1.5], "texture": "#0"},
				"south": {"uv": [7, 11.5, 8, 12], "texture": "#0"},
				"west": {"uv": [11, 1.5, 16, 2], "texture": "#0"},
				"up": {"uv": [1, 15, 0, 10], "texture": "#0"},
				"down": {"uv": [2, 10, 1, 15], "texture": "#0"}
			}
		},
		{
			"from": [8.5, 4, 5.25],
			"to": [10, 4.75, 10.75],
			"rotation": {"angle": 0, "axis": "y", "origin": [16, 0, 0]},
			"faces": {
				"north": {"uv": [11, 6.5, 12, 7], "texture": "#0"},
				"east": {"uv": [11, 4, 14, 4.5], "texture": "#0"},
				"south": {"uv": [11, 7, 12, 7.5], "texture": "#0"},
				"west": {"uv": [11, 4.5, 14, 5], "texture": "#0"},
				"up": {"uv": [5, 13, 4, 10], "texture": "#0"},
				"down": {"uv": [11, 6, 10, 9], "texture": "#0"}
			}
		},
		{
			"from": [2.75, 1.5, 4],
			"to": [3.5, 2, 11.75],
			"faces": {
				"north": {"uv": [7, 11.5, 6, 12], "texture": "#0"},
				"east": {"uv": [16, 1.5, 11, 2], "texture": "#0"},
				"south": {"uv": [8, 11.5, 7, 12], "texture": "#0"},
				"west": {"uv": [16, 1, 11, 1.5], "texture": "#0"},
				"up": {"uv": [0, 15, 1, 10], "texture": "#0"},
				"down": {"uv": [1, 10, 2, 15], "texture": "#0"}
			}
		},
		{
			"from": [3.5, 1, 4],
			"to": [4.25, 1.5, 11.75],
			"faces": {
				"north": {"uv": [7, 11.5, 6, 12], "texture": "#0"},
				"east": {"uv": [16, 1.5, 11, 2], "texture": "#0"},
				"south": {"uv": [8, 11.5, 7, 12], "texture": "#0"},
				"west": {"uv": [16, 1, 11, 1.5], "texture": "#0"},
				"up": {"uv": [0, 15, 1, 10], "texture": "#0"},
				"down": {"uv": [1, 10, 2, 15], "texture": "#0"}
			}
		}
	],
	"display": {
		"thirdperson_righthand": {
			"translation": [0, 7.25, 2.25]
		},
		"thirdperson_lefthand": {
			"translation": [0, 6.75, 0]
		},
		"firstperson_righthand": {
			"translation": [0, 7, 0]
		},
		"firstperson_lefthand": {
			"translation": [0, 6.5, 0]
		},
		"ground": {
			"translation": [0, 5.5, 0]
		},
		"gui": {
			"rotation": [19, 152, 0],
			"translation": [0.25, 6.25, 0],
			"scale": [1.2, 1.2, 1.2]
		},
		"head": {
			"rotation": [9, 0, 0],
			"translation": [0, 20.5, 2.5],
			"scale": [2.19, 2.41, 2.34]
		},
		"fixed": {
			"translation": [0, 6.75, 0],
			"scale": [1.54, 1.51, 1.16]
		}
	}
}