{
	"credit": "Made with Blockbench",
	"parent": "carved_pumpkin",
	"texture_size": [64, 64],
	"textures": {
		"0": "block/drinking_hat",
		"particle": "block/drinking_hat"
	},
	"elements": [
		{
			"from": [0, 18, 0],
			"to": [16, 26, 15],
			"faces": {
				"north": {"uv": [4, 5, 8, 7], "texture": "#0"},
				"east": {"uv": [0, 7.5, 3.75, 9.5], "texture": "#0"},
				"south": {"uv": [4, 7, 8, 9], "texture": "#0"},
				"west": {"uv": [8, 0, 11.75, 2], "texture": "#0"},
				"up": {"uv": [4, 3.75, 0, 0], "texture": "#0"},
				"down": {"uv": [4, 3.75, 0, 7.5], "texture": "#0"}
			}
		},
		{
			"from": [0, 21, 15],
			"to": [16, 26, 16],
			"faces": {
				"north": {"uv": [8, 2, 12, 3.25], "texture": "#0"},
				"east": {"uv": [3.75, 7.5, 4, 8.75], "texture": "#0"},
				"south": {"uv": [8, 3.25, 12, 4.5], "texture": "#0"},
				"west": {"uv": [10, 11.5, 10.25, 12.75], "texture": "#0"},
				"up": {"uv": [15, 6.25, 11, 6], "texture": "#0"},
				"down": {"uv": [15, 6.25, 11, 6.5], "texture": "#0"}
			}
		},
		{
			"from": [0, 18, 15],
			"to": [6, 21, 16],
			"faces": {
				"north": {"uv": [3, 10.75, 4.5, 11.5], "texture": "#0"},
				"east": {"uv": [6, 11.75, 6.25, 12.5], "texture": "#0"},
				"south": {"uv": [4.5, 10.75, 6, 11.5], "texture": "#0"},
				"west": {"uv": [6.25, 11.75, 6.5, 12.5], "texture": "#0"},
				"up": {"uv": [7.5, 11.75, 6, 11.5], "texture": "#0"},
				"down": {"uv": [10, 11.5, 8.5, 11.75], "texture": "#0"}
			}
		},
		{
			"from": [10, 18, 15],
			"to": [16, 21, 16],
			"rotation": {"angle": 0, "axis": "y", "origin": [16, 0, 0]},
			"faces": {
				"north": {"uv": [6, 10.75, 7.5, 11.5], "texture": "#0"},
				"east": {"uv": [6.5, 11.75, 6.75, 12.5], "texture": "#0"},
				"south": {"uv": [8.75, 10.75, 10.25, 11.5], "texture": "#0"},
				"west": {"uv": [6.75, 11.75, 7, 12.5], "texture": "#0"},
				"up": {"uv": [13, 9.25, 11.5, 9], "texture": "#0"},
				"down": {"uv": [13, 9.25, 11.5, 9.5], "texture": "#0"}
			}
		},
		{
			"from": [6, 18, 15],
			"to": [10, 19.5, 16],
			"faces": {
				"north": {"uv": [11, 6.5, 12, 7], "texture": "#0"},
				"east": {"uv": [7.75, 9, 8, 9.5], "texture": "#0"},
				"south": {"uv": [5, 11.5, 6, 12], "texture": "#0"},
				"west": {"uv": [7.5, 10.75, 7.75, 11.25], "texture": "#0"},
				"up": {"uv": [12.75, 0.75, 11.75, 0.5], "texture": "#0"},
				"down": {"uv": [12.75, 0.75, 11.75, 1], "texture": "#0"}
			}
		},
		{
			"from": [0, 18, -10],
			"to": [16, 18, 0],
			"faces": {
				"north": {"uv": [0, 0, 4, 0], "texture": "#0"},
				"east": {"uv": [0, 0, 2.5, 0], "texture": "#0"},
				"south": {"uv": [0, 0, 4, 0], "texture": "#0"},
				"west": {"uv": [0, 0, 2.5, 0], "texture": "#0"},
				"up": {"uv": [8, 2.5, 4, 0], "texture": "#0"},
				"down": {"uv": [8, 2.5, 4, 5], "texture": "#0"}
			}
		},
		{
			"from": [-4, 19, 6],
			"to": [0, 26, 10],
			"faces": {
				"north": {"uv": [3.75, 9, 4.75, 10.75], "texture": "#0"},
				"east": {"uv": [4.75, 9, 5.75, 10.75], "texture": "#0"},
				"south": {"uv": [5.75, 9, 6.75, 10.75], "texture": "#0"},
				"west": {"uv": [6.75, 9, 7.75, 10.75], "texture": "#0"},
				"up": {"uv": [1, 12.25, 0, 11.25], "texture": "#0"},
				"down": {"uv": [2, 11.25, 1, 12.25], "texture": "#0"}
			}
		},
		{
			"from": [-4.25, 22, 5.75],
			"to": [0, 23, 10.25],
			"faces": {
				"north": {"uv": [11.75, 1.5, 12.75, 1.75], "texture": "#0"},
				"east": {"uv": [11.75, 0, 13, 0.25], "texture": "#0"},
				"south": {"uv": [11.75, 1.75, 12.75, 2], "texture": "#0"},
				"west": {"uv": [11.75, 0.25, 13, 0.5], "texture": "#0"},
				"up": {"uv": [11, 5.75, 10, 4.5], "texture": "#0"},
				"down": {"uv": [11, 5.75, 10, 7], "texture": "#0"}
			}
		},
		{
			"from": [16, 22, 5.75],
			"to": [20.25, 23, 10.25],
			"rotation": {"angle": 0, "axis": "y", "origin": [16, 0, 0]},
			"faces": {
				"north": {"uv": [11.75, 1, 12.75, 1.25], "texture": "#0"},
				"east": {"uv": [11.5, 10, 12.75, 10.25], "texture": "#0"},
				"south": {"uv": [11.75, 1.25, 12.75, 1.5], "texture": "#0"},
				"west": {"uv": [11.5, 10.25, 12.75, 10.5], "texture": "#0"},
				"up": {"uv": [9.75, 10.75, 8.75, 9.5], "texture": "#0"},
				"down": {"uv": [10.75, 9.5, 9.75, 10.75], "texture": "#0"}
			}
		},
		{
			"from": [16, 19, 6],
			"to": [20, 26, 10],
			"rotation": {"angle": 0, "axis": "y", "origin": [16, 0, 0]},
			"faces": {
				"north": {"uv": [0, 9.5, 1, 11.25], "texture": "#0"},
				"east": {"uv": [1, 9.5, 2, 11.25], "texture": "#0"},
				"south": {"uv": [2, 9.5, 3, 11.25], "texture": "#0"},
				"west": {"uv": [7.75, 9.5, 8.75, 11.25], "texture": "#0"},
				"up": {"uv": [3, 12.25, 2, 11.25], "texture": "#0"},
				"down": {"uv": [8.5, 11.25, 7.5, 12.25], "texture": "#0"}
			}
		},
		{
			"from": [11, 26, 8],
			"to": [19, 31, 8],
			"faces": {
				"north": {"uv": [8, 4.5, 10, 5.75], "texture": "#0"},
				"east": {"uv": [0, 0, 0, 1.25], "texture": "#0"},
				"south": {"uv": [8, 5.75, 10, 7], "texture": "#0"},
				"west": {"uv": [0, 0, 0, 1.25], "texture": "#0"},
				"up": {"uv": [2, 0, 0, 0], "texture": "#0"},
				"down": {"uv": [2, 0, 0, 0], "texture": "#0"}
			}
		},
		{
			"from": [-3, 26, 8],
			"to": [5, 31, 8],
			"rotation": {"angle": 0, "axis": "y", "origin": [16, 0, 0]},
			"faces": {
				"north": {"uv": [8, 7, 10, 8.25], "texture": "#0"},
				"east": {"uv": [0, 0, 0, 1.25], "texture": "#0"},
				"south": {"uv": [8, 8.25, 10, 9.5], "texture": "#0"},
				"west": {"uv": [0, 0, 0, 1.25], "texture": "#0"},
				"up": {"uv": [2, 0, 0, 0], "texture": "#0"},
				"down": {"uv": [2, 0, 0, 0], "texture": "#0"}
			}
		},
		{
			"from": [-3.5, 14, 7],
			"to": [-1, 20, 9],
			"faces": {
				"north": {"uv": [10.75, 9, 11.5, 10.5], "texture": "#0"},
				"east": {"uv": [3, 11.5, 3.5, 13], "texture": "#0"},
				"south": {"uv": [10.25, 10.75, 11, 12.25], "texture": "#0"},
				"west": {"uv": [3.5, 11.5, 4, 13], "texture": "#0"},
				"up": {"uv": [3.75, 10, 3, 9.5], "texture": "#0"},
				"down": {"uv": [3.75, 10, 3, 10.5], "texture": "#0"}
			}
		},
		{
			"from": [-5.5, 8, 3.25],
			"to": [4.5, 10, 5.25],
			"rotation": {"angle": 22.5, "axis": "y", "origin": [0, 0, 0]},
			"faces": {
				"north": {"uv": [10, 7, 12.5, 7.5], "texture": "#0"},
				"east": {"uv": [11.75, 4.5, 12.25, 5], "texture": "#0"},
				"south": {"uv": [10, 7.5, 12.5, 8], "texture": "#0"},
				"west": {"uv": [11.75, 5, 12.25, 5.5], "texture": "#0"},
				"up": {"uv": [12.5, 8.5, 10, 8], "texture": "#0"},
				"down": {"uv": [12.5, 8.5, 10, 9], "texture": "#0"}
			}
		},
		{
			"from": [-3.5, 10.5, 1],
			"to": [-1, 16.5, 3],
			"rotation": {"angle": 22.5, "axis": "x", "origin": [0, 0, 0]},
			"faces": {
				"north": {"uv": [11, 4.5, 11.75, 6], "texture": "#0"},
				"east": {"uv": [4, 11.5, 4.5, 13], "texture": "#0"},
				"south": {"uv": [11, 10.5, 11.75, 12], "texture": "#0"},
				"west": {"uv": [4.5, 11.5, 5, 13], "texture": "#0"},
				"up": {"uv": [10.75, 9.5, 10, 9], "texture": "#0"},
				"down": {"uv": [12.25, 9.5, 11.5, 10], "texture": "#0"}
			}
		}
	],
	"display": {
		"thirdperson_righthand": {
			"translation": [0, -4.5, 0],
			"scale": [0.4, 0.4, 0.4]
		},
		"thirdperson_lefthand": {
			"translation": [0, -4.5, 0],
			"scale": [0.4, 0.4, 0.4]
		},
		"firstperson_righthand": {
			"rotation": [0, 141, 0],
			"translation": [-0.5, 0.5, 0],
			"scale": [0.3, 0.3, 0.3]
		},
		"firstperson_lefthand": {
			"rotation": [0, 141, 0],
			"translation": [-0.5, 0.5, 0],
			"scale": [0.3, 0.3, 0.3]
		},
		"ground": {
			"rotation": [14, 0, 0],
			"translation": [0, 2.5, 0],
			"scale": [0.5, 0.5, 0.5]
		},
		"gui": {
			"rotation": [16, 141, 0],
			"translation": [0.5, -6, 0],
			"scale": [0.6, 0.6, 0.6]
		},
		"head": {
			"rotation": [13, 0, 0],
			"translation": [0, -6, -2.25]
		},
		"fixed": {
			"rotation": [-90, 0, 0],
			"translation": [0.75, 2, 0]
		}
	}
}