{
	"credit": "Made with Blockbench",
	"parent": "carved_pumpkin",
	"texture_size": [64, 64],
	"textures": {
		"0": "block/fire_wizard_hat",
		"particle": "block/fire_wizard_hat"
	},
	"elements": [
		{
			"from": [-1.25, 0, -1.25],
			"to": [17.5, 1, 17.25],
			"faces": {
				"north": {"uv": [12.25, 8.75, 15.75, 9], "texture": "#0"},
				"east": {"uv": [12.25, 9, 15.75, 9.25], "texture": "#0"},
				"south": {"uv": [12.25, 9.25, 15.75, 9.5], "texture": "#0"},
				"west": {"uv": [12.5, 9.5, 16, 9.75], "texture": "#0"},
				"up": {"uv": [3.5, 3.5, 0, 0], "texture": "#0"},
				"down": {"uv": [3.5, 3.5, 0, 7], "texture": "#0"}
			}
		},
		{
			"from": [1.5, 1, 1.5],
			"to": [14.5, 4, 14.5],
			"faces": {
				"north": {"uv": [9.75, 1.5, 13, 2.25], "texture": "#0"},
				"east": {"uv": [9.75, 2.25, 13, 3], "texture": "#0"},
				"south": {"uv": [9.75, 3, 13, 3.75], "texture": "#0"},
				"west": {"uv": [8.75, 10, 12, 10.75], "texture": "#0"},
				"up": {"uv": [6.75, 3.25, 3.5, 0], "texture": "#0"},
				"down": {"uv": [6.75, 3.25, 3.5, 6.5], "texture": "#0"}
			}
		},
		{
			"from": [5, -1.5, 2.5],
			"to": [15.5, 6, 14],
			"rotation": {"angle": 22.5, "axis": "z", "origin": [0.75, -3, 0]},
			"faces": {
				"north": {"uv": [9, 4, 11.625, 5.875], "texture": "#0"},
				"east": {"uv": [6.75, 0, 9.625, 1.875], "texture": "#0"},
				"south": {"uv": [9, 6, 11.625, 7.875], "texture": "#0"},
				"west": {"uv": [6.75, 2, 9.625, 3.875], "texture": "#0"},
				"up": {"uv": [6.125, 9.375, 3.5, 6.5], "texture": "#0"},
				"down": {"uv": [8.875, 6.5, 6.25, 9.375], "texture": "#0"}
			}
		},
		{
			"from": [5.75, 5.25, 3.75],
			"to": [14.25, 9.75, 13.5],
			"rotation": {"angle": 22.5, "axis": "z", "origin": [0.75, -3, 0]},
			"faces": {
				"north": {"uv": [1.75, 10.75, 3.875, 11.875], "texture": "#0"},
				"east": {"uv": [1.75, 9.5, 4.25, 10.625], "texture": "#0"},
				"south": {"uv": [4, 10.75, 6.125, 11.875], "texture": "#0"},
				"west": {"uv": [4.25, 9.5, 6.75, 10.625], "texture": "#0"},
				"up": {"uv": [8.875, 6.5, 6.75, 4], "texture": "#0"},
				"down": {"uv": [2.125, 7, 0, 9.5], "texture": "#0"}
			}
		},
		{
			"from": [11, 4, 4.75],
			"to": [17.5, 9.25, 12.5],
			"rotation": {"angle": 45, "axis": "z", "origin": [0.75, -3, 0]},
			"faces": {
				"north": {"uv": [10.25, 10.75, 11.875, 12.125], "texture": "#0"},
				"east": {"uv": [6.75, 9.5, 8.75, 10.875], "texture": "#0"},
				"south": {"uv": [6.25, 11, 7.875, 12.375], "texture": "#0"},
				"west": {"uv": [9.75, 0, 11.75, 1.375], "texture": "#0"},
				"up": {"uv": [10.625, 10, 9, 8], "texture": "#0"},
				"down": {"uv": [1.625, 9.5, 0, 11.5], "texture": "#0"}
			}
		},
		{
			"from": [-9.25, 10.5, 6],
			"to": [-3.5, 16.25, 11.5],
			"rotation": {"angle": -22.5, "axis": "z", "origin": [0.75, -3, 0]},
			"faces": {
				"north": {"uv": [10.75, 8, 12.25, 9.5], "texture": "#0"},
				"east": {"uv": [0, 11.5, 1.375, 13], "texture": "#0"},
				"south": {"uv": [8.75, 10.75, 10.25, 12.25], "texture": "#0"},
				"west": {"uv": [11.75, 0, 13.125, 1.5], "texture": "#0"},
				"up": {"uv": [13.25, 5.125, 11.75, 3.75], "texture": "#0"},
				"down": {"uv": [13.25, 5.25, 11.75, 6.625], "texture": "#0"}
			}
		},
		{
			"from": [-12.25, 11.25, 6.75],
			"to": [-8, 15.25, 10.75],
			"rotation": {"angle": -22.5, "axis": "z", "origin": [0.75, -3, 0]},
			"faces": {
				"north": {"uv": [11.75, 6.75, 12.875, 7.75], "texture": "#0"},
				"east": {"uv": [9.5, 12.25, 10.5, 13.25], "texture": "#0"},
				"south": {"uv": [2.5, 12, 3.625, 13], "texture": "#0"},
				"west": {"uv": [10.5, 12.25, 11.5, 13.25], "texture": "#0"},
				"up": {"uv": [4.875, 13, 3.75, 12], "texture": "#0"},
				"down": {"uv": [6.125, 12, 5, 13], "texture": "#0"}
			}
		},
		{
			"from": [-2.25, 0, -0.25],
			"to": [3.5, 1, 16.25],
			"faces": {
				"north": {"uv": [3.25, 7, 3.5, 7.25], "texture": "#0"},
				"east": {"uv": [12.5, 9.75, 15.5, 10], "texture": "#0"},
				"south": {"uv": [3.25, 7.25, 3.5, 7.5], "texture": "#0"},
				"west": {"uv": [12.5, 10, 15.5, 10.25], "texture": "#0"},
				"up": {"uv": [11.75, 15.25, 11.5, 12.25], "texture": "#0"},
				"down": {"uv": [12, 12.25, 11.75, 15.25], "texture": "#0"}
			}
		},
		{
			"from": [12.75, 0, -0.25],
			"to": [18.5, 1, 16.25],
			"faces": {
				"north": {"uv": [3.25, 7.5, 3.5, 7.75], "texture": "#0"},
				"east": {"uv": [12.5, 10.25, 15.5, 10.5], "texture": "#0"},
				"south": {"uv": [3.25, 7.75, 3.5, 8], "texture": "#0"},
				"west": {"uv": [12.5, 10.5, 15.5, 10.75], "texture": "#0"},
				"up": {"uv": [6.5, 15.5, 6.25, 12.5], "texture": "#0"},
				"down": {"uv": [6.75, 12.5, 6.5, 15.5], "texture": "#0"}
			}
		},
		{
			"from": [14, 1, 2],
			"to": [15.25, 2, 14],
			"faces": {
				"north": {"uv": [2.25, 8.75, 2.625, 9], "texture": "#0"},
				"east": {"uv": [12, 12.75, 15, 13], "texture": "#0"},
				"south": {"uv": [2.75, 8.75, 3.125, 9], "texture": "#0"},
				"west": {"uv": [13, 1.5, 16, 1.75], "texture": "#0"},
				"up": {"uv": [8.375, 14, 8, 11], "texture": "#0"},
				"down": {"uv": [12.375, 9.5, 12, 12.5], "texture": "#0"}
			}
		},
		{
			"from": [-0.25, 0, -2.25],
			"to": [16.5, 1, 3.25],
			"faces": {
				"north": {"uv": [12.5, 10.75, 15.5, 11], "texture": "#0"},
				"east": {"uv": [3.25, 8, 3.5, 8.25], "texture": "#0"},
				"south": {"uv": [12.5, 11, 15.5, 11.25], "texture": "#0"},
				"west": {"uv": [3.25, 8.25, 3.5, 8.5], "texture": "#0"},
				"up": {"uv": [15.5, 11.5, 12.5, 11.25], "texture": "#0"},
				"down": {"uv": [15.5, 11.5, 12.5, 11.75], "texture": "#0"}
			}
		},
		{
			"from": [2, 1, 14],
			"to": [14, 2, 15.25],
			"faces": {
				"north": {"uv": [13, 3, 16, 3.25], "texture": "#0"},
				"east": {"uv": [2.25, 9.25, 2.625, 9.5], "texture": "#0"},
				"south": {"uv": [13, 3.25, 16, 3.5], "texture": "#0"},
				"west": {"uv": [2.75, 9.25, 3.125, 9.5], "texture": "#0"},
				"up": {"uv": [15.25, 8.125, 12.25, 7.75], "texture": "#0"},
				"down": {"uv": [15.25, 8.25, 12.25, 8.625], "texture": "#0"}
			}
		},
		{
			"from": [0.75, 1, 2],
			"to": [2, 2, 14],
			"faces": {
				"north": {"uv": [2.25, 9, 2.625, 9.25], "texture": "#0"},
				"east": {"uv": [13, 2.5, 16, 2.75], "texture": "#0"},
				"south": {"uv": [2.75, 9, 3.125, 9.25], "texture": "#0"},
				"west": {"uv": [13, 2.75, 16, 3], "texture": "#0"},
				"up": {"uv": [8.875, 15.25, 8.5, 12.25], "texture": "#0"},
				"down": {"uv": [9.375, 12.25, 9, 15.25], "texture": "#0"}
			}
		},
		{
			"from": [2, 1, 0.75],
			"to": [14, 2, 1.75],
			"faces": {
				"north": {"uv": [13, 1.75, 16, 2], "texture": "#0"},
				"east": {"uv": [3.25, 9, 3.5, 9.25], "texture": "#0"},
				"south": {"uv": [13, 2, 16, 2.25], "texture": "#0"},
				"west": {"uv": [3.25, 9.25, 3.5, 9.5], "texture": "#0"},
				"up": {"uv": [16, 2.5, 13, 2.25], "texture": "#0"},
				"down": {"uv": [5.5, 13, 2.5, 13.25], "texture": "#0"}
			}
		},
		{
			"from": [-0.25, 0, 12.75],
			"to": [16.5, 1, 18.25],
			"faces": {
				"north": {"uv": [12.5, 11.75, 15.5, 12], "texture": "#0"},
				"east": {"uv": [3.25, 8.5, 3.5, 8.75], "texture": "#0"},
				"south": {"uv": [12, 12.5, 15, 12.75], "texture": "#0"},
				"west": {"uv": [3.25, 8.75, 3.5, 9], "texture": "#0"},
				"up": {"uv": [15.5, 12.25, 12.5, 12], "texture": "#0"},
				"down": {"uv": [15.5, 12.25, 12.5, 12.5], "texture": "#0"}
			}
		},
		{
			"from": [-6.25, 9, 9],
			"to": [-2.5, 15.25, 9],
			"faces": {
				"north": {"uv": [2.25, 7, 3.25, 8.625], "texture": "#0"},
				"east": {"uv": [0, 0, 0, 1.625], "texture": "#0"},
				"south": {"uv": [1.5, 12, 2.5, 13.625], "texture": "#0"},
				"west": {"uv": [0, 0, 0, 1.625], "texture": "#0"},
				"up": {"uv": [1, 0, 0, 0], "texture": "#0"},
				"down": {"uv": [1, 0, 0, 0], "texture": "#0"}
			}
		}
	],
	"display": {
		"thirdperson_righthand": {
			"translation": [0, 2.75, 0],
			"scale": [0.4, 0.4, 0.4]
		},
		"thirdperson_lefthand": {
			"translation": [0, 1.75, 0],
			"scale": [0.4, 0.4, 0.4]
		},
		"firstperson_righthand": {
			"rotation": [-19, 128, 0],
			"translation": [0, 3.5, 0],
			"scale": [0.4, 0.4, 0.4]
		},
		"firstperson_lefthand": {
			"rotation": [-19, 128, 0],
			"translation": [0, 3.5, 0],
			"scale": [0.4, 0.4, 0.4]
		},
		"ground": {
			"scale": [0.4, 0.4, 0.4]
		},
		"gui": {
			"rotation": [21, 154, 0],
			"translation": [-0.25, 0, 0],
			"scale": [0.6, 0.6, 0.6]
		},
		"head": {
			"translation": [0, 12, 0]
		},
		"fixed": {
			"translation": [0, 0, -0.5],
			"scale": [0.6, 0.6, 0.6]
		}
	}
}