{
	"credit": "Made with Blockbench",
	"parent": "carved_pumpkin",
	"texture_size": [128, 128],
	"textures": {
		"1": "block/hells_deadliest_dad",
		"particle": "block/hells_deadliest_dad"
	},
	"elements": [
		{
			"from": [0, 0, 0],
			"to": [16, 1, 16],
			"faces": {
				"north": {"uv": [8.125, 5, 10.125, 5.125], "texture": "#1"},
				"east": {"uv": [8.125, 5.125, 10.125, 5.25], "texture": "#1"},
				"south": {"uv": [8.125, 5.25, 10.125, 5.375], "texture": "#1"},
				"west": {"uv": [8.125, 5.375, 10.125, 5.5], "texture": "#1"},
				"up": {"uv": [2, 2, 0, 0], "texture": "#1"},
				"down": {"uv": [2, 2, 0, 4], "texture": "#1"}
			}
		},
		{
			"from": [0.5, 0, -0.5],
			"to": [15.5, 1, 0],
			"faces": {
				"north": {"uv": [7.625, 8.25, 9.5, 8.375], "texture": "#1"},
				"east": {"uv": [2.875, 7.375, 3, 7.5], "texture": "#1"},
				"south": {"uv": [7.625, 8.375, 9.5, 8.5], "texture": "#1"},
				"west": {"uv": [8.875, 6.5, 9, 6.625], "texture": "#1"},
				"up": {"uv": [10.375, 0.125, 8.5, 0], "texture": "#1"},
				"down": {"uv": [10.375, 0.125, 8.5, 0.25], "texture": "#1"}
			}
		},
		{
			"from": [0.5, 0, 16],
			"to": [15.5, 1, 16.5],
			"faces": {
				"north": {"uv": [8.5, 0.25, 10.375, 0.375], "texture": "#1"},
				"east": {"uv": [8.875, 6.625, 9, 6.75], "texture": "#1"},
				"south": {"uv": [8.5, 0.375, 10.375, 0.5], "texture": "#1"},
				"west": {"uv": [8.875, 6.75, 9, 6.875], "texture": "#1"},
				"up": {"uv": [10.375, 0.625, 8.5, 0.5], "texture": "#1"},
				"down": {"uv": [10.375, 0.625, 8.5, 0.75], "texture": "#1"}
			}
		},
		{
			"from": [14.75, -6, 0.25],
			"to": [17.25, -5, 15.75],
			"rotation": {"angle": 22.5, "axis": "z", "origin": [0, 0, 0]},
			"faces": {
				"north": {"uv": [8.75, 3.25, 9.125, 3.375], "texture": "#1"},
				"east": {"uv": [8.125, 5.5, 10.125, 5.625], "texture": "#1"},
				"south": {"uv": [8.75, 3.375, 9.125, 3.5], "texture": "#1"},
				"west": {"uv": [8.125, 5.625, 10.125, 5.75], "texture": "#1"},
				"up": {"uv": [0.375, 8.125, 0, 6.125], "texture": "#1"},
				"down": {"uv": [0.75, 6.125, 0.375, 8.125], "texture": "#1"}
			}
		},
		{
			"from": [13.5, -12, 0.5],
			"to": [15, -11, 15.5],
			"rotation": {"angle": 45, "axis": "z", "origin": [0, 0, 0]},
			"faces": {
				"north": {"uv": [8.75, 6.125, 9, 6.25], "texture": "#1"},
				"east": {"uv": [8.125, 7.75, 10, 7.875], "texture": "#1"},
				"south": {"uv": [6.25, 8.75, 6.5, 8.875], "texture": "#1"},
				"west": {"uv": [8.125, 7.875, 10, 8], "texture": "#1"},
				"up": {"uv": [7.375, 9.875, 7.125, 8], "texture": "#1"},
				"down": {"uv": [7.625, 8, 7.375, 9.875], "texture": "#1"}
			}
		},
		{
			"from": [1, -12, 0.5],
			"to": [2.5, -11, 15.5],
			"rotation": {"angle": -45, "axis": "z", "origin": [16, 0, 0]},
			"faces": {
				"north": {"uv": [6, 8.75, 6.25, 8.875], "texture": "#1"},
				"east": {"uv": [8.125, 7, 10, 7.125], "texture": "#1"},
				"south": {"uv": [8.75, 6, 9, 6.125], "texture": "#1"},
				"west": {"uv": [8.125, 7.125, 10, 7.25], "texture": "#1"},
				"up": {"uv": [6.875, 9.875, 6.625, 8], "texture": "#1"},
				"down": {"uv": [7.125, 8, 6.875, 9.875], "texture": "#1"}
			}
		},
		{
			"from": [-1.25, -6, 0.25],
			"to": [1.5, -5, 15.75],
			"rotation": {"angle": -22.5, "axis": "z", "origin": [16, 0, 0]},
			"faces": {
				"north": {"uv": [4, 8.75, 4.375, 8.875], "texture": "#1"},
				"east": {"uv": [8.125, 5.75, 10.125, 5.875], "texture": "#1"},
				"south": {"uv": [4.375, 8.75, 4.75, 8.875], "texture": "#1"},
				"west": {"uv": [8.125, 5.875, 10.125, 6], "texture": "#1"},
				"up": {"uv": [1.125, 8.125, 0.75, 6.125], "texture": "#1"},
				"down": {"uv": [1.5, 6.125, 1.125, 8.125], "texture": "#1"}
			}
		},
		{
			"from": [1.5, 0, 1.25],
			"to": [14.5, 14.5, 14.75],
			"faces": {
				"north": {"uv": [5.5, 0, 7.125, 1.875], "texture": "#1"},
				"east": {"uv": [2, 0, 3.75, 1.875], "texture": "#1"},
				"south": {"uv": [5.5, 1.875, 7.125, 3.75], "texture": "#1"},
				"west": {"uv": [2, 1.875, 3.75, 3.75], "texture": "#1"},
				"up": {"uv": [8.125, 5.5, 6.5, 3.75], "texture": "#1"},
				"down": {"uv": [8.125, 5.5, 6.5, 7.25], "texture": "#1"}
			}
		},
		{
			"from": [2.5, 14, 5],
			"to": [13.5, 18, 8.5],
			"rotation": {"angle": 22.5, "axis": "x", "origin": [0, -4.25, 0]},
			"faces": {
				"north": {"uv": [3, 7, 4.375, 7.5], "texture": "#1"},
				"east": {"uv": [1.5, 4, 2, 4.5], "texture": "#1"},
				"south": {"uv": [4.375, 7, 5.75, 7.5], "texture": "#1"},
				"west": {"uv": [1.5, 4.5, 2, 5], "texture": "#1"},
				"up": {"uv": [8.5, 0.5, 7.125, 0], "texture": "#1"},
				"down": {"uv": [8.5, 0.5, 7.125, 1], "texture": "#1"}
			}
		},
		{
			"from": [2.5, 7.75, 6.25],
			"to": [13.5, 11.75, 9.75],
			"rotation": {"angle": -22.5, "axis": "x", "origin": [0, -4.25, 0]},
			"faces": {
				"north": {"uv": [7.125, 1, 8.5, 1.5], "texture": "#1"},
				"east": {"uv": [8.125, 6, 8.625, 6.5], "texture": "#1"},
				"south": {"uv": [7.125, 1.5, 8.5, 2], "texture": "#1"},
				"west": {"uv": [8.125, 6.5, 8.625, 7], "texture": "#1"},
				"up": {"uv": [8.5, 2.5, 7.125, 2], "texture": "#1"},
				"down": {"uv": [8.5, 2.5, 7.125, 3], "texture": "#1"}
			}
		},
		{
			"from": [6.5, 7.75, 2.5],
			"to": [9.75, 11.75, 13.5],
			"rotation": {"angle": 22.5, "axis": "z", "origin": [0, -4.25, 0]},
			"faces": {
				"north": {"uv": [4.875, 8.25, 5.25, 8.75], "texture": "#1"},
				"east": {"uv": [7.125, 3, 8.5, 3.5], "texture": "#1"},
				"south": {"uv": [5.25, 8.25, 5.625, 8.75], "texture": "#1"},
				"west": {"uv": [5.75, 7.25, 7.125, 7.75], "texture": "#1"},
				"up": {"uv": [1.875, 9.25, 1.5, 7.875], "texture": "#1"},
				"down": {"uv": [2.25, 7.875, 1.875, 9.25], "texture": "#1"}
			}
		},
		{
			"from": [-0.25, 12.75, 2.25],
			"to": [16.25, 14.25, 13.75],
			"rotation": {"angle": 0, "axis": "z", "origin": [0, -4.25, 0]},
			"faces": {
				"north": {"uv": [7.125, 3.5, 9.25, 3.75], "texture": "#1"},
				"east": {"uv": [0, 8.125, 1.5, 8.375], "texture": "#1"},
				"south": {"uv": [3.875, 7.75, 6, 8], "texture": "#1"},
				"west": {"uv": [8.125, 4.25, 9.625, 4.5], "texture": "#1"},
				"up": {"uv": [4.125, 5.25, 2, 3.75], "texture": "#1"},
				"down": {"uv": [6.25, 3.75, 4.125, 5.25], "texture": "#1"}
			}
		},
		{
			"from": [2.25, 12.75, -0.5],
			"to": [13.75, 14.25, 16.5],
			"rotation": {"angle": 0, "axis": "y", "origin": [0, -4.25, 0]},
			"faces": {
				"north": {"uv": [8.125, 4.5, 9.625, 4.75], "texture": "#1"},
				"east": {"uv": [6, 7.75, 8.125, 8], "texture": "#1"},
				"south": {"uv": [8.125, 4.75, 9.625, 5], "texture": "#1"},
				"west": {"uv": [3.875, 8, 6, 8.25], "texture": "#1"},
				"up": {"uv": [1.5, 6.125, 0, 4], "texture": "#1"},
				"down": {"uv": [3, 5.25, 1.5, 7.375], "texture": "#1"}
			}
		},
		{
			"from": [4.75, 13.75, 2.5],
			"to": [8.25, 17.75, 13.5],
			"rotation": {"angle": -22.5, "axis": "z", "origin": [0, -4.25, 0]},
			"faces": {
				"north": {"uv": [3.875, 8.25, 4.375, 8.75], "texture": "#1"},
				"east": {"uv": [7.125, 7.25, 8.5, 7.75], "texture": "#1"},
				"south": {"uv": [4.375, 8.25, 4.875, 8.75], "texture": "#1"},
				"west": {"uv": [1.5, 7.375, 2.875, 7.875], "texture": "#1"},
				"up": {"uv": [3.375, 8.875, 2.875, 7.5], "texture": "#1"},
				"down": {"uv": [3.875, 7.5, 3.375, 8.875], "texture": "#1"}
			}
		},
		{
			"from": [1.25, 1, 1],
			"to": [14.75, 2.5, 15],
			"faces": {
				"north": {"uv": [3.875, 7.5, 5.625, 7.75], "texture": "#1"},
				"east": {"uv": [7.625, 8, 9.375, 8.25], "texture": "#1"},
				"south": {"uv": [8.125, 3.75, 9.875, 4], "texture": "#1"},
				"west": {"uv": [8.125, 4, 9.875, 4.25], "texture": "#1"},
				"up": {"uv": [4.75, 7, 3, 5.25], "texture": "#1"},
				"down": {"uv": [6.5, 5.25, 4.75, 7], "texture": "#1"}
			}
		},
		{
			"from": [1, 1.75, 0.75],
			"to": [15, 2.75, 15.25],
			"faces": {
				"north": {"uv": [8.5, 1, 10.25, 1.125], "texture": "#1"},
				"east": {"uv": [8.5, 0.75, 10.375, 0.875], "texture": "#1"},
				"south": {"uv": [8.5, 1.125, 10.25, 1.25], "texture": "#1"},
				"west": {"uv": [8.5, 0.875, 10.375, 1], "texture": "#1"},
				"up": {"uv": [5.5, 1.875, 3.75, 0], "texture": "#1"},
				"down": {"uv": [5.5, 1.875, 3.75, 3.75], "texture": "#1"}
			}
		},
		{
			"from": [5.25, 2, 1],
			"to": [5.5, 3.75, 3],
			"rotation": {"angle": 0, "axis": "y", "origin": [16, 0, 0]},
			"faces": {
				"north": {"uv": [5.625, 7.5, 5.75, 7.75], "texture": "#1"},
				"east": {"uv": [1.5, 5, 1.75, 5.25], "texture": "#1"},
				"south": {"uv": [5.75, 8.75, 5.875, 9], "texture": "#1"},
				"west": {"uv": [1.75, 5, 2, 5.25], "texture": "#1"},
				"up": {"uv": [8.875, 6.5, 8.75, 6.25], "texture": "#1"},
				"down": {"uv": [6.625, 8.75, 6.5, 9], "texture": "#1"}
			}
		},
		{
			"from": [4.25, 9.25, 1],
			"to": [5, 11, 2.75],
			"rotation": {"angle": 22.5, "axis": "z", "origin": [16, 0, 0]},
			"faces": {
				"north": {"uv": [4.25, 8.875, 4.375, 9.125], "texture": "#1"},
				"east": {"uv": [8.75, 1.25, 9, 1.5], "texture": "#1"},
				"south": {"uv": [4.375, 8.875, 4.5, 9.125], "texture": "#1"},
				"west": {"uv": [8.75, 1.5, 9, 1.75], "texture": "#1"},
				"up": {"uv": [4.625, 9.125, 4.5, 8.875], "texture": "#1"},
				"down": {"uv": [4.75, 8.875, 4.625, 9.125], "texture": "#1"}
			}
		},
		{
			"from": [10.5, 2, 1],
			"to": [10.75, 3.75, 3],
			"faces": {
				"north": {"uv": [3, 8.875, 3.125, 9.125], "texture": "#1"},
				"east": {"uv": [8.625, 6.75, 8.875, 7], "texture": "#1"},
				"south": {"uv": [8.875, 3, 9, 3.25], "texture": "#1"},
				"west": {"uv": [8.625, 7.25, 8.875, 7.5], "texture": "#1"},
				"up": {"uv": [3.25, 9.125, 3.125, 8.875], "texture": "#1"},
				"down": {"uv": [3.375, 8.875, 3.25, 9.125], "texture": "#1"}
			}
		},
		{
			"from": [9.5, 2, 1],
			"to": [10.5, 5, 3],
			"rotation": {"angle": 0, "axis": "y", "origin": [16, 0, 0]},
			"faces": {
				"north": {"uv": [4.75, 8.75, 4.875, 9.125], "texture": "#1"},
				"east": {"uv": [0.5, 8.375, 0.75, 8.75], "texture": "#1"},
				"south": {"uv": [4.875, 8.75, 5, 9.125], "texture": "#1"},
				"west": {"uv": [0.75, 8.375, 1, 8.75], "texture": "#1"},
				"up": {"uv": [9, 3, 8.875, 2.75], "texture": "#1"},
				"down": {"uv": [3, 8.875, 2.875, 9.125], "texture": "#1"}
			}
		},
		{
			"from": [9.25, 2, 1],
			"to": [9.5, 3.75, 3],
			"rotation": {"angle": 0, "axis": "y", "origin": [16, 0, 0]},
			"faces": {
				"north": {"uv": [8.875, 1.75, 9, 2], "texture": "#1"},
				"east": {"uv": [6.25, 7, 6.5, 7.25], "texture": "#1"},
				"south": {"uv": [8.875, 2, 9, 2.25], "texture": "#1"},
				"west": {"uv": [8.625, 6.5, 8.875, 6.75], "texture": "#1"},
				"up": {"uv": [9, 2.5, 8.875, 2.25], "texture": "#1"},
				"down": {"uv": [9, 2.5, 8.875, 2.75], "texture": "#1"}
			}
		},
		{
			"from": [6.5, 2, 1],
			"to": [6.75, 3.75, 3],
			"faces": {
				"north": {"uv": [8.625, 8.75, 8.75, 9], "texture": "#1"},
				"east": {"uv": [5.75, 7, 6, 7.25], "texture": "#1"},
				"south": {"uv": [8.75, 8.75, 8.875, 9], "texture": "#1"},
				"west": {"uv": [6, 7, 6.25, 7.25], "texture": "#1"},
				"up": {"uv": [0.125, 9.125, 0, 8.875], "texture": "#1"},
				"down": {"uv": [0.25, 8.875, 0.125, 9.125], "texture": "#1"}
			}
		},
		{
			"from": [7.5, 2, 1],
			"to": [8.5, 6, 3],
			"rotation": {"angle": 0, "axis": "y", "origin": [16, 0, 0]},
			"faces": {
				"north": {"uv": [8.5, 7.25, 8.625, 7.75], "texture": "#1"},
				"east": {"uv": [6.25, 3.75, 6.5, 4.25], "texture": "#1"},
				"south": {"uv": [8.625, 6, 8.75, 6.5], "texture": "#1"},
				"west": {"uv": [6.25, 4.25, 6.5, 4.75], "texture": "#1"},
				"up": {"uv": [0.375, 9.125, 0.25, 8.875], "texture": "#1"},
				"down": {"uv": [0.5, 8.875, 0.375, 9.125], "texture": "#1"}
			}
		},
		{
			"from": [8.5, 2, 1],
			"to": [8.75, 4.75, 3],
			"faces": {
				"north": {"uv": [5, 8.75, 5.125, 9.125], "texture": "#1"},
				"east": {"uv": [1, 8.375, 1.25, 8.75], "texture": "#1"},
				"south": {"uv": [5.125, 8.75, 5.25, 9.125], "texture": "#1"},
				"west": {"uv": [1.25, 8.375, 1.5, 8.75], "texture": "#1"},
				"up": {"uv": [3.5, 9.125, 3.375, 8.875], "texture": "#1"},
				"down": {"uv": [3.625, 8.875, 3.5, 9.125], "texture": "#1"}
			}
		},
		{
			"from": [7.25, 2, 1],
			"to": [7.5, 4.75, 3],
			"rotation": {"angle": 0, "axis": "y", "origin": [16, 0, 0]},
			"faces": {
				"north": {"uv": [5.25, 8.75, 5.375, 9.125], "texture": "#1"},
				"east": {"uv": [8.5, 1.25, 8.75, 1.625], "texture": "#1"},
				"south": {"uv": [5.375, 8.75, 5.5, 9.125], "texture": "#1"},
				"west": {"uv": [8.5, 1.625, 8.75, 2], "texture": "#1"},
				"up": {"uv": [3.75, 9.125, 3.625, 8.875], "texture": "#1"},
				"down": {"uv": [3.875, 8.875, 3.75, 9.125], "texture": "#1"}
			}
		},
		{
			"from": [5.5, 2, 1],
			"to": [6.5, 5, 3],
			"faces": {
				"north": {"uv": [5.5, 8.75, 5.625, 9.125], "texture": "#1"},
				"east": {"uv": [8.5, 2, 8.75, 2.375], "texture": "#1"},
				"south": {"uv": [5.625, 8.75, 5.75, 9.125], "texture": "#1"},
				"west": {"uv": [8.5, 2.375, 8.75, 2.75], "texture": "#1"},
				"up": {"uv": [4.125, 9.125, 4, 8.875], "texture": "#1"},
				"down": {"uv": [4.25, 8.875, 4.125, 9.125], "texture": "#1"}
			}
		},
		{
			"from": [1, 3, 0.75],
			"to": [3.25, 5, 3],
			"faces": {
				"north": {"uv": [8.625, 7.5, 8.875, 7.75], "texture": "#1"},
				"east": {"uv": [8.625, 8.5, 8.875, 8.75], "texture": "#1"},
				"south": {"uv": [0.5, 8.75, 0.75, 9], "texture": "#1"},
				"west": {"uv": [0.75, 8.75, 1, 9], "texture": "#1"},
				"up": {"uv": [1.25, 9, 1, 8.75], "texture": "#1"},
				"down": {"uv": [1.5, 8.75, 1.25, 9], "texture": "#1"}
			}
		},
		{
			"from": [3, 0, 0],
			"to": [4.75, 3.75, 1.25],
			"rotation": {"angle": -22.5, "axis": "x", "origin": [1, 0, 0]},
			"faces": {
				"north": {"uv": [6.25, 4.75, 6.5, 5.25], "texture": "#1"},
				"east": {"uv": [8.75, 1.75, 8.875, 2.25], "texture": "#1"},
				"south": {"uv": [5.625, 8.25, 5.875, 8.75], "texture": "#1"},
				"west": {"uv": [8.75, 2.25, 8.875, 2.75], "texture": "#1"},
				"up": {"uv": [6.25, 9, 6, 8.875], "texture": "#1"},
				"down": {"uv": [6.5, 8.875, 6.25, 9], "texture": "#1"}
			}
		},
		{
			"from": [3.5, 8.25, -1],
			"to": [4.25, 13.75, -0.5],
			"rotation": {"angle": 0, "axis": "y", "origin": [1, 0, 0]},
			"faces": {
				"north": {"uv": [7.875, 8.5, 8, 9.25], "texture": "#1"},
				"east": {"uv": [8, 8.5, 8.125, 9.25], "texture": "#1"},
				"south": {"uv": [8.125, 8.5, 8.25, 9.25], "texture": "#1"},
				"west": {"uv": [8.25, 8.5, 8.375, 9.25], "texture": "#1"},
				"up": {"uv": [9, 7.5, 8.875, 7.375], "texture": "#1"},
				"down": {"uv": [9, 7.5, 8.875, 7.625], "texture": "#1"}
			}
		},
		{
			"from": [11.75, 8.25, -1],
			"to": [12.5, 13.75, -0.5],
			"rotation": {"angle": 0, "axis": "x", "origin": [15, 0, 0]},
			"faces": {
				"north": {"uv": [5.875, 8.25, 6, 9], "texture": "#1"},
				"east": {"uv": [8.5, 2.75, 8.625, 3.5], "texture": "#1"},
				"south": {"uv": [7.625, 8.5, 7.75, 9.25], "texture": "#1"},
				"west": {"uv": [7.75, 8.5, 7.875, 9.25], "texture": "#1"},
				"up": {"uv": [9, 7, 8.875, 6.875], "texture": "#1"},
				"down": {"uv": [9, 7.25, 8.875, 7.375], "texture": "#1"}
			}
		},
		{
			"from": [11.25, 0, 0],
			"to": [13, 3.75, 1.25],
			"rotation": {"angle": -22.5, "axis": "x", "origin": [15, 0, 0]},
			"faces": {
				"north": {"uv": [0, 8.375, 0.25, 8.875], "texture": "#1"},
				"east": {"uv": [8.75, 2.75, 8.875, 3.25], "texture": "#1"},
				"south": {"uv": [0.25, 8.375, 0.5, 8.875], "texture": "#1"},
				"west": {"uv": [3.875, 8.75, 4, 9.25], "texture": "#1"},
				"up": {"uv": [9.125, 6.375, 8.875, 6.25], "texture": "#1"},
				"down": {"uv": [9.125, 6.375, 8.875, 6.5], "texture": "#1"}
			}
		},
		{
			"from": [11.5, 3.25, -1.25],
			"to": [12.75, 8.75, -0.25],
			"rotation": {"angle": 0, "axis": "y", "origin": [15, 0, 0]},
			"faces": {
				"north": {"uv": [8.375, 8.5, 8.5, 9.25], "texture": "#1"},
				"east": {"uv": [8.5, 8.5, 8.625, 9.25], "texture": "#1"},
				"south": {"uv": [2.25, 8.625, 2.375, 9.375], "texture": "#1"},
				"west": {"uv": [2.375, 8.625, 2.5, 9.375], "texture": "#1"},
				"up": {"uv": [9, 7.75, 8.875, 7.625], "texture": "#1"},
				"down": {"uv": [9, 8.5, 8.875, 8.625], "texture": "#1"}
			}
		},
		{
			"from": [5.5, 5.25, -0.25],
			"to": [10.75, 10.75, -0.25],
			"rotation": {"angle": 0, "axis": "y", "origin": [15, 0, 0]},
			"faces": {
				"north": {"uv": [2.25, 7.875, 2.875, 8.625], "texture": "#1"},
				"east": {"uv": [0, 0, 0, 0.75], "texture": "#1"},
				"south": {"uv": [6, 8, 6.625, 8.75], "texture": "#1"},
				"west": {"uv": [0, 0, 0, 0.75], "texture": "#1"},
				"up": {"uv": [0.625, 0, 0, 0], "texture": "#1"},
				"down": {"uv": [0.625, 0, 0, 0], "texture": "#1"}
			}
		},
		{
			"from": [3.25, 3.25, -1.25],
			"to": [4.5, 8.75, -0.25],
			"rotation": {"angle": 0, "axis": "y", "origin": [1, 0, 0]},
			"faces": {
				"north": {"uv": [2.5, 8.625, 2.625, 9.375], "texture": "#1"},
				"east": {"uv": [2.625, 8.625, 2.75, 9.375], "texture": "#1"},
				"south": {"uv": [2.75, 8.625, 2.875, 9.375], "texture": "#1"},
				"west": {"uv": [8.625, 2.75, 8.75, 3.5], "texture": "#1"},
				"up": {"uv": [9, 8.75, 8.875, 8.625], "texture": "#1"},
				"down": {"uv": [9, 8.75, 8.875, 8.875], "texture": "#1"}
			}
		}
	],
	"display": {
		"thirdperson_righthand": {
			"scale": [0.4, 0.4, 0.4]
		},
		"thirdperson_lefthand": {
			"scale": [0.4, 0.4, 0.4]
		},
		"firstperson_righthand": {
			"rotation": [-2, 130, 0],
			"translation": [0, 5, 0],
			"scale": [0.4, 0.4, 0.4]
		},
		"firstperson_lefthand": {
			"rotation": [-2, 130, 0],
			"translation": [0, 5, 0],
			"scale": [0.4, 0.4, 0.4]
		},
		"ground": {
			"scale": [0.4, 0.4, 0.4]
		},
		"gui": {
			"rotation": [7, 148, 0],
			"scale": [0.6, 0.6, 0.6]
		},
		"head": {
			"translation": [0, 10.75, 0],
			"scale": [1.1, 1.1, 1.1]
		},
		"fixed": {
			"rotation": [-90, 0, 0],
			"translation": [0, 0, -6],
			"scale": [0.8, 0.8, 0.8]
		}
	}
}