{
	"credit": "Made with Blockbench",
	"parent": "carved_pumpkin",
	"texture_size": [4, 4],
	"textures": {
		"0": "block/beretbase",
		"1": "block/transherald",
		"particle": "block/beretbase"
	},
	"elements": [
		{
			"from": [4, 6.25, 4],
			"to": [12, 8.25, 12.25],
			"rotation": {"angle": 0, "axis": "y", "origin": [4, 0, 4]},
			"faces": {
				"north": {"uv": [10, 2, 14, 3], "texture": "#0"},
				"east": {"uv": [10, 1, 14.125, 2], "texture": "#0"},
				"south": {"uv": [10, 3, 14, 4], "texture": "#0"},
				"west": {"uv": [1.5, 10, 5.625, 11], "texture": "#0"},
				"up": {"uv": [4, 4.125, 0, 0], "texture": "#0"},
				"down": {"uv": [8, 0, 4, 4.125], "texture": "#0"}
			}
		},
		{
			"from": [5, 6.3125, 3.875],
			"to": [7, 8.1875, 3.875],
			"rotation": {"angle": 0, "axis": "y", "origin": [4, 0, 4]},
			"faces": {
				"north": {"uv": [0, 0, 8, 7.5], "texture": "#1"},
				"east": {"uv": [0, 0, 0, 7.5], "texture": "#1"},
				"south": {"uv": [0, 8, 8, 15.5], "texture": "#1"},
				"west": {"uv": [0, 0, 0, 7.5], "texture": "#1"},
				"up": {"uv": [8, 0, 0, 0], "texture": "#1"},
				"down": {"uv": [8, 0, 0, 0], "texture": "#1"}
			}
		},
		{
			"from": [5.80358, 6.87386, 3.75],
			"to": [13.05358, 8.87386, 12.5],
			"rotation": {"angle": -22.5, "axis": "z", "origin": [10.55358, 7.99886, 8]},
			"faces": {
				"north": {"uv": [10, 4, 13.625, 5], "texture": "#0"},
				"east": {"uv": [1.5, 9, 5.875, 10], "texture": "#0"},
				"south": {"uv": [10, 5, 13.625, 6], "texture": "#0"},
				"west": {"uv": [9.5, 8, 13.875, 9], "texture": "#0"},
				"up": {"uv": [3.625, 8.875, 0, 4.5], "texture": "#0"},
				"down": {"uv": [7.625, 4.5, 4, 8.875], "texture": "#0"}
			}
		},
		{
			"from": [8.05358, 8.12386, 7.75],
			"to": [9.05358, 9.12386, 8.75],
			"rotation": {"angle": -22.5, "axis": "z", "origin": [10.55358, 7.99886, 8]},
			"faces": {
				"north": {"uv": [7.5, 9, 8, 9.5], "texture": "#0"},
				"east": {"uv": [7.5, 9.5, 8, 10], "texture": "#0"},
				"south": {"uv": [7.5, 10, 8, 10.5], "texture": "#0"},
				"west": {"uv": [9.5, 10, 10, 10.5], "texture": "#0"},
				"up": {"uv": [10.5, 10.5, 10, 10], "texture": "#0"},
				"down": {"uv": [8, 10.5, 7.5, 11], "texture": "#0"}
			}
		},
		{
			"from": [3.75, 8.625, 3.75],
			"to": [6.5, 10.625, 12.5],
			"rotation": {"angle": 0, "axis": "y", "origin": [9.99426, 9.99163, 8]},
			"faces": {
				"north": {"uv": [6, 9, 7.375, 10], "texture": "#0"},
				"east": {"uv": [9.5, 9, 13.875, 10], "texture": "#0"},
				"south": {"uv": [6, 10, 7.375, 11], "texture": "#0"},
				"west": {"uv": [10, 0, 14.375, 1], "texture": "#0"},
				"up": {"uv": [9.375, 12.375, 8, 8], "texture": "#0"},
				"down": {"uv": [1.375, 9, 0, 13.375], "texture": "#0"}
			}
		},
		{
			"from": [4.25, 8.25, 4.25],
			"to": [8, 9.25, 12],
			"rotation": {"angle": 0, "axis": "y", "origin": [4, 2.25, 4]},
			"faces": {
				"north": {"uv": [10, 7, 11.875, 7.5], "texture": "#0"},
				"east": {"uv": [10, 6, 13.75, 6.5], "texture": "#0"},
				"south": {"uv": [10, 7.5, 11.875, 8], "texture": "#0"},
				"west": {"uv": [10, 6.5, 13.75, 7], "texture": "#0"},
				"up": {"uv": [9.875, 3.75, 8, 0], "texture": "#0"},
				"down": {"uv": [9.875, 4, 8, 7.75], "texture": "#0"}
			}
		}
	],
	"display": {
		"thirdperson_righthand": {
			"rotation": [1, 115, 0],
			"translation": [0.5, 0, -3.5],
			"scale": [0.75, 0.75, 0.75]
		},
		"thirdperson_lefthand": {
			"rotation": [1, 115, 0],
			"translation": [-1.5, 0, -3.5],
			"scale": [0.75, 0.75, 0.75]
		},
		"firstperson_righthand": {
			"rotation": [-25, 110, 0],
			"translation": [0, 3.75, 2]
		},
		"firstperson_lefthand": {
			"rotation": [-25, 110, 0],
			"translation": [0, 3.75, 2.75]
		},
		"ground": {
			"rotation": [15, 0, 0],
			"translation": [0, 0.25, 0]
		},
		"gui": {
			"rotation": [15, -135, 0],
			"translation": [0.5, -0.5, 0]
		},
		"head": {
			"rotation": [5, 0, 0],
			"translation": [0, 7.5, 0],
			"scale": [1.85, 1.85, 1.85]
		},
		"fixed": {
			"rotation": [-90, 0, 0],
			"translation": [0, 0, -3.25],
			"scale": [1.85, 1.85, 1.85]
		}
	}
}