{
	"credit": "Made with Blockbench",
	"parent": "carved_pumpkin",
	"texture_size": [128, 128],
	"textures": {
		"0": "block/gray_mushroom_hat",
		"particle": "block/gray_mushroom_hat"
	},
	"elements": [
		{
			"from": [0, 1, 0],
			"to": [16, 7, 16],
			"faces": {
				"north": {"uv": [2, 3.5, 4, 4.25], "texture": "#0"},
				"east": {"uv": [3.75, 0, 5.75, 0.75], "texture": "#0"},
				"south": {"uv": [3.75, 0.75, 5.75, 1.5], "texture": "#0"},
				"west": {"uv": [3.75, 1.5, 5.75, 2.25], "texture": "#0"},
				"up": {"uv": [2, 2, 0, 0], "texture": "#0"},
				"down": {"uv": [2, 2, 0, 4], "texture": "#0"}
			}
		},
		{
			"from": [-1, 2, 2],
			"to": [0, 7, 14],
			"faces": {
				"north": {"uv": [1.75, 6.5, 1.875, 7.125], "texture": "#0"},
				"east": {"uv": [2, 4.75, 3.5, 5.375], "texture": "#0"},
				"south": {"uv": [1.875, 6.5, 2, 7.125], "texture": "#0"},
				"west": {"uv": [3.5, 4.75, 5, 5.375], "texture": "#0"},
				"up": {"uv": [1.125, 7.75, 1, 6.25], "texture": "#0"},
				"down": {"uv": [1.25, 6.25, 1.125, 7.75], "texture": "#0"}
			}
		},
		{
			"from": [-2, 1, 2],
			"to": [0, 5, 14],
			"faces": {
				"north": {"uv": [4.75, 6.25, 5, 6.75], "texture": "#0"},
				"east": {"uv": [5.75, 0, 7.25, 0.5], "texture": "#0"},
				"south": {"uv": [5, 6.25, 5.25, 6.75], "texture": "#0"},
				"west": {"uv": [5.75, 0.5, 7.25, 1], "texture": "#0"},
				"up": {"uv": [6.25, 4.5, 6, 3], "texture": "#0"},
				"down": {"uv": [4.75, 6, 4.5, 7.5], "texture": "#0"}
			}
		},
		{
			"from": [-1, 1, 0],
			"to": [0, 5, 16],
			"faces": {
				"north": {"uv": [2.75, 6.5, 2.875, 7], "texture": "#0"},
				"east": {"uv": [3.75, 2.25, 5.75, 2.75], "texture": "#0"},
				"south": {"uv": [2.875, 6.5, 3, 7], "texture": "#0"},
				"west": {"uv": [3.75, 2.75, 5.75, 3.25], "texture": "#0"},
				"up": {"uv": [0.625, 8.25, 0.5, 6.25], "texture": "#0"},
				"down": {"uv": [0.75, 6.25, 0.625, 8.25], "texture": "#0"}
			}
		},
		{
			"from": [2, 2, -1],
			"to": [14, 7, 0],
			"faces": {
				"north": {"uv": [0, 5, 1.5, 5.625], "texture": "#0"},
				"east": {"uv": [2, 6.5, 2.125, 7.125], "texture": "#0"},
				"south": {"uv": [5, 4.75, 6.5, 5.375], "texture": "#0"},
				"west": {"uv": [2.125, 6.5, 2.25, 7.125], "texture": "#0"},
				"up": {"uv": [7.75, 4, 6.25, 3.875], "texture": "#0"},
				"down": {"uv": [7.75, 4, 6.25, 4.125], "texture": "#0"}
			}
		},
		{
			"from": [2, 1, -2],
			"to": [14, 5, 0],
			"faces": {
				"north": {"uv": [5.75, 1, 7.25, 1.5], "texture": "#0"},
				"east": {"uv": [5.25, 6.25, 5.5, 6.75], "texture": "#0"},
				"south": {"uv": [5.75, 1.5, 7.25, 2], "texture": "#0"},
				"west": {"uv": [5.5, 6.25, 5.75, 6.75], "texture": "#0"},
				"up": {"uv": [7.5, 4.75, 6, 4.5], "texture": "#0"},
				"down": {"uv": [6.25, 6, 4.75, 6.25], "texture": "#0"}
			}
		},
		{
			"from": [0, 1, -1],
			"to": [16, 5, 0],
			"faces": {
				"north": {"uv": [0, 4, 2, 4.5], "texture": "#0"},
				"east": {"uv": [3, 6.5, 3.125, 7], "texture": "#0"},
				"south": {"uv": [4, 3.25, 6, 3.75], "texture": "#0"},
				"west": {"uv": [3.125, 6.5, 3.25, 7], "texture": "#0"},
				"up": {"uv": [8, 6, 6, 5.875], "texture": "#0"},
				"down": {"uv": [8.25, 3, 6.25, 3.125], "texture": "#0"}
			}
		},
		{
			"from": [16, 2, 2],
			"to": [17, 7, 14],
			"faces": {
				"north": {"uv": [2.25, 6.5, 2.375, 7.125], "texture": "#0"},
				"east": {"uv": [1.5, 5.375, 3, 6], "texture": "#0"},
				"south": {"uv": [2.375, 6.5, 2.5, 7.125], "texture": "#0"},
				"west": {"uv": [3, 5.375, 4.5, 6], "texture": "#0"},
				"up": {"uv": [1.375, 7.75, 1.25, 6.25], "texture": "#0"},
				"down": {"uv": [1.5, 6.25, 1.375, 7.75], "texture": "#0"}
			}
		},
		{
			"from": [16, 1, 2],
			"to": [18, 5, 14],
			"faces": {
				"north": {"uv": [5.75, 6.25, 6, 6.75], "texture": "#0"},
				"east": {"uv": [5.75, 2, 7.25, 2.5], "texture": "#0"},
				"south": {"uv": [6, 6.25, 6.25, 6.75], "texture": "#0"},
				"west": {"uv": [5.75, 2.5, 7.25, 3], "texture": "#0"},
				"up": {"uv": [0.25, 7.75, 0, 6.25], "texture": "#0"},
				"down": {"uv": [0.5, 6.25, 0.25, 7.75], "texture": "#0"}
			}
		},
		{
			"from": [16, 1, 0],
			"to": [17, 5, 16],
			"faces": {
				"north": {"uv": [3.25, 6.5, 3.375, 7], "texture": "#0"},
				"east": {"uv": [4, 3.75, 6, 4.25], "texture": "#0"},
				"south": {"uv": [3.375, 6.5, 3.5, 7], "texture": "#0"},
				"west": {"uv": [2, 4.25, 4, 4.75], "texture": "#0"},
				"up": {"uv": [0.875, 8.25, 0.75, 6.25], "texture": "#0"},
				"down": {"uv": [1, 6.25, 0.875, 8.25], "texture": "#0"}
			}
		},
		{
			"from": [2, 2, 16],
			"to": [14, 7, 17],
			"faces": {
				"north": {"uv": [4.5, 5.375, 6, 6], "texture": "#0"},
				"east": {"uv": [2.5, 6.5, 2.625, 7.125], "texture": "#0"},
				"south": {"uv": [0, 5.625, 1.5, 6.25], "texture": "#0"},
				"west": {"uv": [2.625, 6.5, 2.75, 7.125], "texture": "#0"},
				"up": {"uv": [7.75, 4.25, 6.25, 4.125], "texture": "#0"},
				"down": {"uv": [7.75, 4.25, 6.25, 4.375], "texture": "#0"}
			}
		},
		{
			"from": [2, 1, 16],
			"to": [14, 5, 18],
			"faces": {
				"north": {"uv": [1.5, 6, 3, 6.5], "texture": "#0"},
				"east": {"uv": [6.25, 6, 6.5, 6.5], "texture": "#0"},
				"south": {"uv": [3, 6, 4.5, 6.5], "texture": "#0"},
				"west": {"uv": [1.5, 6.5, 1.75, 7], "texture": "#0"},
				"up": {"uv": [7.5, 5.625, 6, 5.375], "texture": "#0"},
				"down": {"uv": [7.5, 5.625, 6, 5.875], "texture": "#0"}
			}
		},
		{
			"from": [0, 1, 16],
			"to": [16, 5, 17],
			"faces": {
				"north": {"uv": [4, 4.25, 6, 4.75], "texture": "#0"},
				"east": {"uv": [3.5, 6.5, 3.625, 7], "texture": "#0"},
				"south": {"uv": [0, 4.5, 2, 5], "texture": "#0"},
				"west": {"uv": [3.625, 6.5, 3.75, 7], "texture": "#0"},
				"up": {"uv": [8.25, 3.25, 6.25, 3.125], "texture": "#0"},
				"down": {"uv": [8.25, 3.25, 6.25, 3.375], "texture": "#0"}
			}
		},
		{
			"from": [1, 7, 1],
			"to": [15, 8, 15],
			"faces": {
				"north": {"uv": [6.25, 3.375, 8, 3.5], "texture": "#0"},
				"east": {"uv": [6.25, 3.5, 8, 3.625], "texture": "#0"},
				"south": {"uv": [6.25, 3.625, 8, 3.75], "texture": "#0"},
				"west": {"uv": [6.25, 3.75, 8, 3.875], "texture": "#0"},
				"up": {"uv": [3.75, 1.75, 2, 0], "texture": "#0"},
				"down": {"uv": [3.75, 1.75, 2, 3.5], "texture": "#0"}
			}
		}
	],
	"display": {
		"thirdperson_righthand": {
			"rotation": [-20, 0, 0],
			"translation": [0, 1.25, 0],
			"scale": [0.4, 0.4, 0.4]
		},
		"thirdperson_lefthand": {
			"rotation": [-20, 0, 0],
			"translation": [0, 1.25, 0],
			"scale": [0.4, 0.4, 0.4]
		},
		"firstperson_righthand": {
			"rotation": [0, 17, 0],
			"translation": [0, 2.75, 0],
			"scale": [0.4, 0.4, 0.4]
		},
		"firstperson_lefthand": {
			"rotation": [0, 17, 0],
			"translation": [0, 2.75, 0],
			"scale": [0.4, 0.4, 0.4]
		},
		"ground": {
			"translation": [0, 3.75, 0],
			"scale": [0.5, 0.5, 0.5]
		},
		"gui": {
			"rotation": [23, 34, 0],
			"translation": [0.25, 0.75, 0],
			"scale": [0.5, 0.5, 0.5]
		},
		"head": {
			"rotation": [8, 0, 4],
			"translation": [-0.6, 10, 1],
			"scale": [1, 1.16, 1]
		}
	}
}