{
	"credit": "Made with Blockbench",
	"texture_size": [64, 64],
	"textures": {
		"0": "block/harmony"
	},
	"elements": [
		{
			"from": [1, 4, -1],
			"to": [3, 12, 1],
			"faces": {
				"north": {"uv": [3.75, 6, 4.25, 7.5], "texture": "#0"},
				"east": {"uv": [4.25, 6, 4.75, 7.5], "texture": "#0"},
				"south": {"uv": [8.5, 11.25, 9, 12.75], "texture": "#0"},
				"west": {"uv": [9, 11.25, 9.5, 12.75], "texture": "#0"},
				"up": {"uv": [14.75, 13.25, 14.25, 12.75], "texture": "#0"},
				"down": {"uv": [1, 14.5, 0.5, 15], "texture": "#0"}
			}
		},
		{
			"from": [1, 4, 5.5],
			"to": [3, 11, 7.5],
			"faces": {
				"north": {"uv": [9.5, 11.25, 10, 12.75], "texture": "#0"},
				"east": {"uv": [10, 11.25, 10.5, 12.75], "texture": "#0"},
				"south": {"uv": [10.5, 11.25, 11, 12.75], "texture": "#0"},
				"west": {"uv": [11, 11.25, 11.5, 12.75], "texture": "#0"},
				"up": {"uv": [1.5, 15, 1, 14.5], "texture": "#0"},
				"down": {"uv": [2, 14.5, 1.5, 15], "texture": "#0"}
			}
		},
		{
			"from": [0, 0, 0],
			"to": [2, 6, 2],
			"faces": {
				"north": {"uv": [0, 11.5, 0.5, 13], "texture": "#0"},
				"east": {"uv": [0.5, 11.5, 1, 13], "texture": "#0"},
				"south": {"uv": [1, 11.5, 1.5, 13], "texture": "#0"},
				"west": {"uv": [1.5, 11.5, 2, 13], "texture": "#0"},
				"up": {"uv": [2.5, 15, 2, 14.5], "texture": "#0"},
				"down": {"uv": [3, 14.5, 2.5, 15], "texture": "#0"}
			}
		},
		{
			"from": [0, 0, 5],
			"to": [2, 6, 7],
			"faces": {
				"north": {"uv": [2, 11.5, 2.5, 13], "texture": "#0"},
				"east": {"uv": [2.5, 11.5, 3, 13], "texture": "#0"},
				"south": {"uv": [3, 11.5, 3.5, 13], "texture": "#0"},
				"west": {"uv": [3.5, 11.5, 4, 13], "texture": "#0"},
				"up": {"uv": [3.5, 15, 3, 14.5], "texture": "#0"},
				"down": {"uv": [4, 14.5, 3.5, 15], "texture": "#0"}
			}
		},
		{
			"from": [-1, -2, -0.25],
			"to": [1, 1, 1.75],
			"rotation": {"angle": -22.5, "axis": "z", "origin": [0, 0, 0]},
			"faces": {
				"north": {"uv": [11.75, 4.25, 12.25, 5], "texture": "#0"},
				"east": {"uv": [12.25, 4.25, 12.75, 5], "texture": "#0"},
				"south": {"uv": [12.25, 5.5, 12.75, 6.25], "texture": "#0"},
				"west": {"uv": [13.5, 4.25, 14, 5], "texture": "#0"},
				"up": {"uv": [4.5, 15, 4, 14.5], "texture": "#0"},
				"down": {"uv": [15, 4.25, 14.5, 4.75], "texture": "#0"}
			}
		},
		{
			"from": [-1, -2, 4.75],
			"to": [1, 1, 6.75],
			"rotation": {"angle": -22.5, "axis": "z", "origin": [0, 0, 0]},
			"faces": {
				"north": {"uv": [4.5, 13.5, 5, 14.25], "texture": "#0"},
				"east": {"uv": [5, 13.5, 5.5, 14.25], "texture": "#0"},
				"south": {"uv": [13.5, 5, 14, 5.75], "texture": "#0"},
				"west": {"uv": [5.5, 13.5, 6, 14.25], "texture": "#0"},
				"up": {"uv": [15, 5.25, 14.5, 4.75], "texture": "#0"},
				"down": {"uv": [15, 5.25, 14.5, 5.75], "texture": "#0"}
			}
		},
		{
			"from": [13, 4, -1],
			"to": [15, 12, 1],
			"faces": {
				"north": {"uv": [4, 11.5, 4.5, 13], "texture": "#0"},
				"east": {"uv": [4.5, 11.5, 5, 13], "texture": "#0"},
				"south": {"uv": [5, 11.5, 5.5, 13], "texture": "#0"},
				"west": {"uv": [5.5, 11.5, 6, 13], "texture": "#0"},
				"up": {"uv": [15, 8.75, 14.5, 8.25], "texture": "#0"},
				"down": {"uv": [15, 8.75, 14.5, 9.25], "texture": "#0"}
			}
		},
		{
			"from": [13, 4, 5.5],
			"to": [15, 10, 7.5],
			"faces": {
				"north": {"uv": [6, 11.5, 6.5, 13], "texture": "#0"},
				"east": {"uv": [6.5, 11.5, 7, 13], "texture": "#0"},
				"south": {"uv": [7, 11.5, 7.5, 13], "texture": "#0"},
				"west": {"uv": [7.5, 11.5, 8, 13], "texture": "#0"},
				"up": {"uv": [15, 9.75, 14.5, 9.25], "texture": "#0"},
				"down": {"uv": [15, 9.75, 14.5, 10.25], "texture": "#0"}
			}
		},
		{
			"from": [14, 0, 0],
			"to": [16, 6, 2],
			"faces": {
				"north": {"uv": [8, 11.5, 8.5, 13], "texture": "#0"},
				"east": {"uv": [11.5, 11.25, 12, 12.75], "texture": "#0"},
				"south": {"uv": [12, 11, 12.5, 12.5], "texture": "#0"},
				"west": {"uv": [12.5, 11, 13, 12.5], "texture": "#0"},
				"up": {"uv": [15, 12, 14.5, 11.5], "texture": "#0"},
				"down": {"uv": [12.5, 14.5, 12, 15], "texture": "#0"}
			}
		},
		{
			"from": [13.75, -7.75, -0.25],
			"to": [15.75, -4.75, 1.75],
			"rotation": {"angle": 22.5, "axis": "z", "origin": [0, 0, 0]},
			"faces": {
				"north": {"uv": [13.5, 5.75, 14, 6.5], "texture": "#0"},
				"east": {"uv": [6, 13.5, 6.5, 14.25], "texture": "#0"},
				"south": {"uv": [6.5, 13.5, 7, 14.25], "texture": "#0"},
				"west": {"uv": [7, 13.5, 7.5, 14.25], "texture": "#0"},
				"up": {"uv": [15, 14.25, 14.5, 13.75], "texture": "#0"},
				"down": {"uv": [15, 14.25, 14.5, 14.75], "texture": "#0"}
			}
		},
		{
			"from": [13.75, -7.75, 5],
			"to": [15.75, -4.75, 7],
			"rotation": {"angle": 22.5, "axis": "z", "origin": [0, 0, 0]},
			"faces": {
				"north": {"uv": [7.5, 13.5, 8, 14.25], "texture": "#0"},
				"east": {"uv": [13.5, 13.25, 14, 14], "texture": "#0"},
				"south": {"uv": [14, 4.25, 14.5, 5], "texture": "#0"},
				"west": {"uv": [14, 5, 14.5, 5.75], "texture": "#0"},
				"up": {"uv": [15.25, 0.5, 14.75, 0], "texture": "#0"},
				"down": {"uv": [15.25, 0.5, 14.75, 1], "texture": "#0"}
			}
		},
		{
			"from": [14, 0, 5.25],
			"to": [16, 6, 7.25],
			"faces": {
				"north": {"uv": [12, 12.5, 12.5, 14], "texture": "#0"},
				"east": {"uv": [12.5, 12.5, 13, 14], "texture": "#0"},
				"south": {"uv": [12.75, 4.25, 13.25, 5.75], "texture": "#0"},
				"west": {"uv": [12.75, 5.75, 13.25, 7.25], "texture": "#0"},
				"up": {"uv": [15, 12.5, 14.5, 12], "texture": "#0"},
				"down": {"uv": [14, 14.5, 13.5, 15], "texture": "#0"}
			}
		},
		{
			"from": [-1, 4, 1.75],
			"to": [1, 11.5, 3.75],
			"rotation": {"angle": 0, "axis": "y", "origin": [2, 0, 2.75]},
			"faces": {
				"north": {"uv": [8.5, 12.75, 9, 14.25], "texture": "#0"},
				"east": {"uv": [9, 12.75, 9.5, 14.25], "texture": "#0"},
				"south": {"uv": [9.5, 12.75, 10, 14.25], "texture": "#0"},
				"west": {"uv": [10, 12.75, 10.5, 14.25], "texture": "#0"},
				"up": {"uv": [15.25, 1.5, 14.75, 1], "texture": "#0"},
				"down": {"uv": [15.25, 2.25, 14.75, 2.75], "texture": "#0"}
			}
		},
		{
			"from": [-2, 0, 2.75],
			"to": [0, 6, 4.75],
			"rotation": {"angle": 0, "axis": "y", "origin": [2, 0, 2.75]},
			"faces": {
				"north": {"uv": [10.5, 12.75, 11, 14.25], "texture": "#0"},
				"east": {"uv": [11, 12.75, 11.5, 14.25], "texture": "#0"},
				"south": {"uv": [11.5, 12.75, 12, 14.25], "texture": "#0"},
				"west": {"uv": [0, 13, 0.5, 14.5], "texture": "#0"},
				"up": {"uv": [15.25, 3.25, 14.75, 2.75], "texture": "#0"},
				"down": {"uv": [15.25, 3.25, 14.75, 3.75], "texture": "#0"}
			}
		},
		{
			"from": [15, 4, 1.75],
			"to": [17, 11, 3.75],
			"rotation": {"angle": 0, "axis": "y", "origin": [2, 0, 2.75]},
			"faces": {
				"north": {"uv": [0.5, 13, 1, 14.5], "texture": "#0"},
				"east": {"uv": [1, 13, 1.5, 14.5], "texture": "#0"},
				"south": {"uv": [1.5, 13, 2, 14.5], "texture": "#0"},
				"west": {"uv": [2, 13, 2.5, 14.5], "texture": "#0"},
				"up": {"uv": [15.25, 4.25, 14.75, 3.75], "texture": "#0"},
				"down": {"uv": [5, 14.75, 4.5, 15.25], "texture": "#0"}
			}
		},
		{
			"from": [16, 0, 2.75],
			"to": [18, 6, 4.75],
			"rotation": {"angle": 0, "axis": "y", "origin": [2, 0, 2.75]},
			"faces": {
				"north": {"uv": [2.5, 13, 3, 14.5], "texture": "#0"},
				"east": {"uv": [3, 13, 3.5, 14.5], "texture": "#0"},
				"south": {"uv": [3.5, 13, 4, 14.5], "texture": "#0"},
				"west": {"uv": [4, 13, 4.5, 14.5], "texture": "#0"},
				"up": {"uv": [5.5, 15.25, 5, 14.75], "texture": "#0"},
				"down": {"uv": [6, 14.75, 5.5, 15.25], "texture": "#0"}
			}
		},
		{
			"from": [15.25, 4.75, 2.5],
			"to": [18.25, 6.75, 4.5],
			"rotation": {"angle": -22.5, "axis": "z", "origin": [2, 0, 2.75]},
			"faces": {
				"north": {"uv": [13.75, 9.75, 14.5, 10.25], "texture": "#0"},
				"east": {"uv": [14.75, 5.75, 15.25, 6.25], "texture": "#0"},
				"south": {"uv": [14, 5.75, 14.75, 6.25], "texture": "#0"},
				"west": {"uv": [6, 14.75, 6.5, 15.25], "texture": "#0"},
				"up": {"uv": [12.75, 14.5, 12, 14], "texture": "#0"},
				"down": {"uv": [14.75, 13.25, 14, 13.75], "texture": "#0"}
			}
		},
		{
			"from": [-3.75, -2.25, 2.5],
			"to": [-0.75, -0.25, 4.5],
			"rotation": {"angle": -22.5, "axis": "z", "origin": [2, 0, 2.75]},
			"faces": {
				"north": {"uv": [13.5, 14, 14.25, 14.5], "texture": "#0"},
				"east": {"uv": [6.5, 14.75, 7, 15.25], "texture": "#0"},
				"south": {"uv": [4.5, 14.25, 5.25, 14.75], "texture": "#0"},
				"west": {"uv": [7, 14.75, 7.5, 15.25], "texture": "#0"},
				"up": {"uv": [6, 14.75, 5.25, 14.25], "texture": "#0"},
				"down": {"uv": [6.75, 14.25, 6, 14.75], "texture": "#0"}
			}
		},
		{
			"from": [-1.5, 2, -0.5],
			"to": [3.5, 4, 6.75],
			"faces": {
				"north": {"uv": [12.5, 9.75, 13.75, 10.25], "texture": "#0"},
				"east": {"uv": [0, 11, 1.75, 11.5], "texture": "#0"},
				"south": {"uv": [4.5, 13, 5.75, 13.5], "texture": "#0"},
				"west": {"uv": [1.75, 11, 3.5, 11.5], "texture": "#0"},
				"up": {"uv": [1.25, 11, 0, 9.25], "texture": "#0"},
				"down": {"uv": [2.5, 9.25, 1.25, 11], "texture": "#0"}
			}
		},
		{
			"from": [-2.5, 2, 0.5],
			"to": [-1.5, 4, 5.75],
			"faces": {
				"north": {"uv": [3.5, 11, 3.75, 11.5], "texture": "#0"},
				"east": {"uv": [5.75, 13, 7, 13.5], "texture": "#0"},
				"south": {"uv": [8, 13.5, 8.25, 14], "texture": "#0"},
				"west": {"uv": [7, 13, 8.25, 13.5], "texture": "#0"},
				"up": {"uv": [13, 15.25, 12.75, 14], "texture": "#0"},
				"down": {"uv": [11.75, 14.25, 11.5, 15.5], "texture": "#0"}
			}
		},
		{
			"from": [3.5, 2, 0.5],
			"to": [4.5, 4, 5.75],
			"faces": {
				"north": {"uv": [12.5, 14.5, 12.75, 15], "texture": "#0"},
				"east": {"uv": [13, 10.75, 14.25, 11.25], "texture": "#0"},
				"south": {"uv": [14, 14.5, 14.25, 15], "texture": "#0"},
				"west": {"uv": [13, 11.25, 14.25, 11.75], "texture": "#0"},
				"up": {"uv": [14.5, 12.75, 14.25, 11.5], "texture": "#0"},
				"down": {"uv": [12, 14.25, 11.75, 15.5], "texture": "#0"}
			}
		},
		{
			"from": [-0.5, 2, -1.5],
			"to": [2.5, 4, -0.25],
			"faces": {
				"north": {"uv": [6.75, 14.25, 7.5, 14.75], "texture": "#0"},
				"east": {"uv": [8.5, 14.75, 8.75, 15.25], "texture": "#0"},
				"south": {"uv": [7.5, 14.25, 8.25, 14.75], "texture": "#0"},
				"west": {"uv": [8.75, 14.75, 9, 15.25], "texture": "#0"},
				"up": {"uv": [4.5, 7.75, 3.75, 7.5], "texture": "#0"},
				"down": {"uv": [14, 7, 13.25, 7.25], "texture": "#0"}
			}
		},
		{
			"from": [-0.5, 2, 6.5],
			"to": [2.5, 4, 7.75],
			"faces": {
				"north": {"uv": [8.5, 14.25, 9.25, 14.75], "texture": "#0"},
				"east": {"uv": [9, 14.75, 9.25, 15.25], "texture": "#0"},
				"south": {"uv": [9.25, 14.25, 10, 14.75], "texture": "#0"},
				"west": {"uv": [9.25, 14.75, 9.5, 15.25], "texture": "#0"},
				"up": {"uv": [14.25, 10.75, 13.5, 10.5], "texture": "#0"},
				"down": {"uv": [14.75, 6.25, 14, 6.5], "texture": "#0"}
			}
		},
		{
			"from": [12.5, 2, -0.5],
			"to": [17.5, 4, 6.75],
			"rotation": {"angle": 0, "axis": "y", "origin": [14, 0, 0]},
			"faces": {
				"north": {"uv": [13, 11.75, 14.25, 12.25], "texture": "#0"},
				"east": {"uv": [5, 11, 6.75, 11.5], "texture": "#0"},
				"south": {"uv": [13, 12.25, 14.25, 12.75], "texture": "#0"},
				"west": {"uv": [6.75, 11, 8.5, 11.5], "texture": "#0"},
				"up": {"uv": [3.75, 11, 2.5, 9.25], "texture": "#0"},
				"down": {"uv": [5, 9.75, 3.75, 11.5], "texture": "#0"}
			}
		},
		{
			"from": [11.5, 2, 0.5],
			"to": [12.5, 4, 5.75],
			"rotation": {"angle": 0, "axis": "y", "origin": [14, 0, 0]},
			"faces": {
				"north": {"uv": [9.5, 14.75, 9.75, 15.25], "texture": "#0"},
				"east": {"uv": [13, 12.75, 14.25, 13.25], "texture": "#0"},
				"south": {"uv": [9.75, 14.75, 10, 15.25], "texture": "#0"},
				"west": {"uv": [13.25, 0, 14.5, 0.5], "texture": "#0"},
				"up": {"uv": [14.5, 15, 14.25, 13.75], "texture": "#0"},
				"down": {"uv": [0.25, 14.5, 0, 15.75], "texture": "#0"}
			}
		},
		{
			"from": [17.5, 2, 0.5],
			"to": [18.5, 4, 5.75],
			"rotation": {"angle": 0, "axis": "y", "origin": [14, 0, 0]},
			"faces": {
				"north": {"uv": [10, 14.75, 10.25, 15.25], "texture": "#0"},
				"east": {"uv": [13.25, 0.5, 14.5, 1], "texture": "#0"},
				"south": {"uv": [10.25, 14.75, 10.5, 15.25], "texture": "#0"},
				"west": {"uv": [13.25, 1, 14.5, 1.5], "texture": "#0"},
				"up": {"uv": [14.75, 1.25, 14.5, 0], "texture": "#0"},
				"down": {"uv": [0.5, 14.5, 0.25, 15.75], "texture": "#0"}
			}
		},
		{
			"from": [13.5, 2, -1.5],
			"to": [16.5, 4, -0.25],
			"rotation": {"angle": 0, "axis": "y", "origin": [14, 0, 0]},
			"faces": {
				"north": {"uv": [10, 14.25, 10.75, 14.75], "texture": "#0"},
				"east": {"uv": [10.5, 14.75, 10.75, 15.25], "texture": "#0"},
				"south": {"uv": [14.25, 10.5, 15, 11], "texture": "#0"},
				"west": {"uv": [10.75, 14.75, 11, 15.25], "texture": "#0"},
				"up": {"uv": [14.75, 7.25, 14, 7], "texture": "#0"},
				"down": {"uv": [15.25, 7.5, 14.5, 7.75], "texture": "#0"}
			}
		},
		{
			"from": [13.5, 2, 6.5],
			"to": [16.5, 4, 7.75],
			"rotation": {"angle": 0, "axis": "y", "origin": [14, 0, 0]},
			"faces": {
				"north": {"uv": [10.75, 14.25, 11.5, 14.75], "texture": "#0"},
				"east": {"uv": [11, 14.75, 11.25, 15.25], "texture": "#0"},
				"south": {"uv": [14.25, 11, 15, 11.5], "texture": "#0"},
				"west": {"uv": [11.25, 14.75, 11.5, 15.25], "texture": "#0"},
				"up": {"uv": [15.25, 12.75, 14.5, 12.5], "texture": "#0"},
				"down": {"uv": [15.5, 6.25, 14.75, 6.5], "texture": "#0"}
			}
		},
		{
			"from": [-0.5, 10.75, -6.75],
			"to": [16.5, 11.5, 5.25],
			"rotation": {"angle": 22.5, "axis": "x", "origin": [0, 0, 0]},
			"faces": {
				"north": {"uv": [7.75, 9.75, 12.5, 10], "texture": "#0"},
				"east": {"uv": [12, 10.25, 15, 10.5], "texture": "#0"},
				"south": {"uv": [7.75, 10, 12.5, 10.25], "texture": "#0"},
				"west": {"uv": [12.25, 7.25, 15.25, 7.5], "texture": "#0"},
				"up": {"uv": [4.75, 3, 0, 0], "texture": "#0"},
				"down": {"uv": [4.75, 3, 0, 6], "texture": "#0"}
			}
		},
		{
			"from": [0.5, 11.5, -5.75],
			"to": [15.5, 14.25, 5.25],
			"rotation": {"angle": 22.5, "axis": "x", "origin": [0, 0, 0]},
			"faces": {
				"north": {"uv": [8.5, 6.5, 12.75, 7.25], "texture": "#0"},
				"east": {"uv": [9, 4.25, 11.75, 5], "texture": "#0"},
				"south": {"uv": [9, 0, 13.25, 0.75], "texture": "#0"},
				"west": {"uv": [5, 9.75, 7.75, 10.5], "texture": "#0"},
				"up": {"uv": [9, 2.75, 4.75, 0], "texture": "#0"},
				"down": {"uv": [9, 2.75, 4.75, 5.5], "texture": "#0"}
			}
		},
		{
			"from": [1.5, 11.5, -6.75],
			"to": [14.75, 12.25, -5.75],
			"rotation": {"angle": 22.5, "axis": "x", "origin": [0, 0, 0]},
			"faces": {
				"north": {"uv": [10.75, 8.25, 14.5, 8.5], "texture": "#0"},
				"east": {"uv": [4.5, 7.5, 4.75, 7.75], "texture": "#0"},
				"south": {"uv": [10.75, 8.5, 14.5, 8.75], "texture": "#0"},
				"west": {"uv": [8, 14, 8.25, 14.25], "texture": "#0"},
				"up": {"uv": [14.5, 9, 10.75, 8.75], "texture": "#0"},
				"down": {"uv": [14.5, 9, 10.75, 9.25], "texture": "#0"}
			}
		},
		{
			"from": [2, 14.25, -5.75],
			"to": [14, 15.25, -4.5],
			"rotation": {"angle": 22.5, "axis": "x", "origin": [0, 0, 0]},
			"faces": {
				"north": {"uv": [10.75, 9.5, 14.25, 9.75], "texture": "#0"},
				"east": {"uv": [14, 13.75, 14.25, 14], "texture": "#0"},
				"south": {"uv": [8.5, 11, 12, 11.25], "texture": "#0"},
				"west": {"uv": [14.25, 9.5, 14.5, 9.75], "texture": "#0"},
				"up": {"uv": [14.75, 2.5, 11.25, 2.25], "texture": "#0"},
				"down": {"uv": [14.75, 2.5, 11.25, 2.75], "texture": "#0"}
			}
		},
		{
			"from": [-1.5, 11.5, -4.75],
			"to": [-1.5, 12.25, 4.25],
			"rotation": {"angle": 22.5, "axis": "x", "origin": [0, 0, 0]},
			"faces": {
				"north": {"uv": [14.5, 1.25, 14.75, 1.5], "texture": "#0"},
				"east": {"uv": [12.25, 7.5, 14.5, 7.75], "texture": "#0"},
				"south": {"uv": [14.75, 13, 15, 13.25], "texture": "#0"},
				"west": {"uv": [13.25, 1.5, 15.5, 1.75], "texture": "#0"},
				"up": {"uv": [8.5, 15.25, 8.25, 13], "texture": "#0"},
				"down": {"uv": [13.5, 4.25, 13.25, 6.5], "texture": "#0"}
			}
		},
		{
			"from": [1.5, 13.5, -4.75],
			"to": [14.5, 17.25, 4.25],
			"rotation": {"angle": 22.5, "axis": "x", "origin": [0, 0, 0]},
			"faces": {
				"north": {"uv": [0, 8.25, 3.75, 9.25], "texture": "#0"},
				"east": {"uv": [9, 2.25, 11.25, 3.25], "texture": "#0"},
				"south": {"uv": [8.5, 5.5, 12.25, 6.5], "texture": "#0"},
				"west": {"uv": [9, 3.25, 11.25, 4.25], "texture": "#0"},
				"up": {"uv": [8.5, 7.75, 4.75, 5.5], "texture": "#0"},
				"down": {"uv": [3.75, 6, 0, 8.25], "texture": "#0"}
			}
		},
		{
			"from": [2, 17.25, -4],
			"to": [14, 18.25, 3.75],
			"rotation": {"angle": 22.5, "axis": "x", "origin": [0, 0, 0]},
			"faces": {
				"north": {"uv": [11.25, 2.75, 14.75, 3], "texture": "#0"},
				"east": {"uv": [13.25, 6.5, 15.25, 6.75], "texture": "#0"},
				"south": {"uv": [11.25, 3, 14.75, 3.25], "texture": "#0"},
				"west": {"uv": [13.25, 6.75, 15.25, 7], "texture": "#0"},
				"up": {"uv": [7.25, 9.75, 3.75, 7.75], "texture": "#0"},
				"down": {"uv": [10.75, 7.75, 7.25, 9.75], "texture": "#0"}
			}
		},
		{
			"from": [16.5, 11.5, -4.75],
			"to": [16.5, 12.25, 4.25],
			"rotation": {"angle": 22.5, "axis": "x", "origin": [0, 0, 0]},
			"faces": {
				"north": {"uv": [14.75, 13.25, 15, 13.5], "texture": "#0"},
				"east": {"uv": [13.25, 1.75, 15.5, 2], "texture": "#0"},
				"south": {"uv": [14.75, 13.5, 15, 13.75], "texture": "#0"},
				"west": {"uv": [13.25, 2, 15.5, 2.25], "texture": "#0"},
				"up": {"uv": [13.25, 15.5, 13, 13.25], "texture": "#0"},
				"down": {"uv": [13.5, 13.25, 13.25, 15.5], "texture": "#0"}
			}
		},
		{
			"from": [0.5, 10.75, -9.75],
			"to": [15.5, 11.5, -6.75],
			"rotation": {"angle": 22.5, "axis": "x", "origin": [0, 0, 0]},
			"faces": {
				"north": {"uv": [7.75, 10.25, 12, 10.5], "texture": "#0"},
				"east": {"uv": [14.75, 7, 15.5, 7.25], "texture": "#0"},
				"south": {"uv": [5, 10.5, 9.25, 10.75], "texture": "#0"},
				"west": {"uv": [7.5, 14.75, 8.25, 15], "texture": "#0"},
				"up": {"uv": [13.25, 1.5, 9, 0.75], "texture": "#0"},
				"down": {"uv": [13.25, 1.5, 9, 2.25], "texture": "#0"}
			}
		},
		{
			"from": [0.5, 10.75, 5.25],
			"to": [15.5, 11.5, 6.25],
			"rotation": {"angle": 22.5, "axis": "x", "origin": [0, 0, 0]},
			"faces": {
				"north": {"uv": [9.25, 10.5, 13.5, 10.75], "texture": "#0"},
				"east": {"uv": [14.5, 14.75, 14.75, 15], "texture": "#0"},
				"south": {"uv": [5, 10.75, 9.25, 11], "texture": "#0"},
				"west": {"uv": [14.75, 14.75, 15, 15], "texture": "#0"},
				"up": {"uv": [15, 8, 10.75, 7.75], "texture": "#0"},
				"down": {"uv": [15, 8, 10.75, 8.25], "texture": "#0"}
			}
		},
		{
			"from": [1.5, 10.75, -11.75],
			"to": [14.5, 11.5, -9.75],
			"rotation": {"angle": 22.5, "axis": "x", "origin": [0, 0, 0]},
			"faces": {
				"north": {"uv": [9.25, 10.75, 13, 11], "texture": "#0"},
				"east": {"uv": [12.25, 6.25, 12.75, 6.5], "texture": "#0"},
				"south": {"uv": [10.75, 9.25, 14.5, 9.5], "texture": "#0"},
				"west": {"uv": [14.75, 12.75, 15.25, 13], "texture": "#0"},
				"up": {"uv": [12.25, 7.75, 8.5, 7.25], "texture": "#0"},
				"down": {"uv": [12.75, 5, 9, 5.5], "texture": "#0"}
			}
		},
		{
			"from": [2.5, 10.75, -12.75],
			"to": [14.5, 11.5, -11.75],
			"rotation": {"angle": 22.5, "axis": "x", "origin": [0, 0, 0]},
			"faces": {
				"north": {"uv": [11.25, 3.25, 14.75, 3.5], "texture": "#0"},
				"east": {"uv": [0.5, 15, 0.75, 15.25], "texture": "#0"},
				"south": {"uv": [11.25, 3.5, 14.75, 3.75], "texture": "#0"},
				"west": {"uv": [0.75, 15, 1, 15.25], "texture": "#0"},
				"up": {"uv": [14.75, 4, 11.25, 3.75], "texture": "#0"},
				"down": {"uv": [14.75, 4, 11.25, 4.25], "texture": "#0"}
			}
		}
	],
	"display": {
		"thirdperson_righthand": {
			"scale": [0.4, 0.5, 0.5]
		},
		"thirdperson_lefthand": {
			"scale": [0.4, 0.4, 0.4]
		},
		"firstperson_righthand": {
			"scale": [0.4, 0.4, 0.4]
		},
		"firstperson_lefthand": {
			"scale": [0.4, 0.4, 0.4]
		},
		"ground": {
			"scale": [0.4, 0.4, 0.4]
		},
		"gui": {
			"rotation": [27, 132, 0],
			"translation": [2.25, 0.75, 0],
			"scale": [0.51, 0.55, 0.61]
		},
		"head": {
			"translation": [0, 0.75, 5],
			"scale": [1.07, 1.11, 1.27]
		},
		"fixed": {
			"translation": [0, 0, -1],
			"scale": [0.5, 0.5, 0.5]
		}
	},
	"groups": [
		{
			"name": "Hair",
			"origin": [0, 0, 0],
			"color": 0,
			"children": [
				0,
				1,
				2,
				3,
				4,
				5,
				6,
				7,
				8,
				9,
				10,
				11,
				12,
				13,
				14,
				15,
				16,
				17,
				18,
				19,
				20,
				21,
				22,
				23,
				24,
				25,
				26,
				27,
				{
					"name": "hat",
					"origin": [0, 0, 0],
					"color": 0,
					"children": [28, 29, 30, 31, 32, 33, 34, 35, 36, 37, 38, 39]
				}
			]
		}
	]
}