{
	"credit": "Made with Blockbench",
	"parent": "carved_pumpkin",
	"texture_size": [64, 64],
	"textures": {
		"0": "block/blue_cap",
		"particle": "block/blue_cap"
	},
	"elements": [
		{
			"from": [0, 0, 0],
			"to": [16, 8, 15],
			"faces": {
				"north": {"uv": [4, 5, 8, 7], "texture": "#0"},
				"east": {"uv": [0, 7.5, 3.75, 9.5], "texture": "#0"},
				"south": {"uv": [4, 7, 8, 9], "texture": "#0"},
				"west": {"uv": [8, 0, 11.75, 2], "texture": "#0"},
				"up": {"uv": [4, 3.75, 0, 0], "texture": "#0"},
				"down": {"uv": [4, 3.75, 0, 7.5], "texture": "#0"}
			}
		},
		{
			"from": [0, 3, 15],
			"to": [16, 8, 16],
			"faces": {
				"north": {"uv": [8, 2, 12, 3.25], "texture": "#0"},
				"east": {"uv": [3.75, 7.5, 4, 8.75], "texture": "#0"},
				"south": {"uv": [8, 3.25, 12, 4.5], "texture": "#0"},
				"west": {"uv": [8.25, 9, 8.5, 10.25], "texture": "#0"},
				"up": {"uv": [12, 7.75, 8, 7.5], "texture": "#0"},
				"down": {"uv": [12, 7.75, 8, 8], "texture": "#0"}
			}
		},
		{
			"from": [0, 0, 15],
			"to": [6, 3, 16],
			"faces": {
				"north": {"uv": [8, 4.5, 9.5, 5.25], "texture": "#0"},
				"east": {"uv": [3.75, 9.25, 4, 10], "texture": "#0"},
				"south": {"uv": [8, 5.25, 9.5, 6], "texture": "#0"},
				"west": {"uv": [4, 9.25, 4.25, 10], "texture": "#0"},
				"up": {"uv": [5.25, 9.25, 3.75, 9], "texture": "#0"},
				"down": {"uv": [6.75, 9, 5.25, 9.25], "texture": "#0"}
			}
		},
		{
			"from": [10, 0, 15],
			"to": [16, 3, 16],
			"faces": {
				"north": {"uv": [8, 6, 9.5, 6.75], "texture": "#0"},
				"east": {"uv": [4.25, 9.25, 4.5, 10], "texture": "#0"},
				"south": {"uv": [8, 6.75, 9.5, 7.5], "texture": "#0"},
				"west": {"uv": [4.5, 9.25, 4.75, 10], "texture": "#0"},
				"up": {"uv": [8.25, 9.25, 6.75, 9], "texture": "#0"},
				"down": {"uv": [10.5, 8, 9, 8.25], "texture": "#0"}
			}
		},
		{
			"from": [6, 0, 15],
			"to": [10, 1.5, 16],
			"faces": {
				"north": {"uv": [8, 8, 9, 8.5], "texture": "#0"},
				"east": {"uv": [9, 8.5, 9.25, 9], "texture": "#0"},
				"south": {"uv": [8, 8.5, 9, 9], "texture": "#0"},
				"west": {"uv": [4.75, 9.25, 5, 9.75], "texture": "#0"},
				"up": {"uv": [10, 8.5, 9, 8.25], "texture": "#0"},
				"down": {"uv": [9.5, 9, 8.5, 9.25], "texture": "#0"}
			}
		},
		{
			"from": [0, 0, -10],
			"to": [16, 0, 0],
			"faces": {
				"north": {"uv": [0, 0, 4, 0], "texture": "#0"},
				"east": {"uv": [0, 0, 2.5, 0], "texture": "#0"},
				"south": {"uv": [0, 0, 4, 0], "texture": "#0"},
				"west": {"uv": [0, 0, 2.5, 0], "texture": "#0"},
				"up": {"uv": [8, 2.5, 4, 0], "texture": "#0"},
				"down": {"uv": [8, 2.5, 4, 5], "texture": "#0"}
			}
		}
	],
	"display": {
		"thirdperson_righthand": {
			"rotation": [0, 180, 0],
			"translation": [0, 1, 0],
			"scale": [0.5, 0.5, 0.5]
		},
		"thirdperson_lefthand": {
			"rotation": [0, 180, 0],
			"translation": [0, 1.25, 0],
			"scale": [0.5, 0.5, 0.5]
		},
		"firstperson_righthand": {
			"rotation": [1, 180, 0],
			"translation": [0, 4.5, 0],
			"scale": [0.5, 0.5, 0.5]
		},
		"firstperson_lefthand": {
			"rotation": [0, 180, 0],
			"translation": [0, 4.5, 0],
			"scale": [0.5, 0.5, 0.5]
		},
		"ground": {
			"rotation": [-17, 0, 0],
			"translation": [0, 4.25, 0],
			"scale": [0.5, 0.5, 0.5]
		},
		"gui": {
			"rotation": [16, 19, 0],
			"translation": [0.5, 1.5, 0],
			"scale": [0.7, 0.7, 0.7]
		},
		"head": {
			"rotation": [13, 180, 0],
			"translation": [0, 7.75, 1.25],
			"scale": [0.9, 0.9, 0.9]
		},
		"fixed": {
			"translation": [0, 5.75, 0]
		}
	}
}