{
	"credit": "Made with Blockbench",
	"texture_size": [64, 64],
	"textures": {
		"0": "block/cheese_toastie"
	},
	"elements": [
		{
			"from": [0, 0, 0],
			"to": [16, 16, 16],
			"faces": {
				"north": {"uv": [5, 0, 9, 4], "texture": "#0"},
				"east": {"uv": [5, 4, 9, 8], "texture": "#0"},
				"south": {"uv": [5, 8, 9, 12], "texture": "#0"},
				"west": {"uv": [0, 9, 4, 13], "texture": "#0"},
				"up": {"uv": [13, 4, 9, 0], "texture": "#0"},
				"down": {"uv": [13, 4, 9, 8], "texture": "#0"}
			}
		},
		{
			"from": [-1.25, 14, 0],
			"to": [0, 16, 7],
			"faces": {
				"north": {"uv": [8.5, 12, 8.875, 12.5], "texture": "#0"},
				"east": {"uv": [5, 12, 6.75, 12.5], "texture": "#0"},
				"south": {"uv": [11, 14.25, 11.375, 14.75], "texture": "#0"},
				"west": {"uv": [6.75, 12, 8.5, 12.5], "texture": "#0"},
				"up": {"uv": [4.625, 15.25, 4.25, 13.5], "texture": "#0"},
				"down": {"uv": [5.125, 13.5, 4.75, 15.25], "texture": "#0"}
			}
		},
		{
			"from": [-0.75, 16, 0],
			"to": [1, 17.5, 7],
			"faces": {
				"north": {"uv": [14.5, 2.75, 15, 3.125], "texture": "#0"},
				"east": {"uv": [13.5, 1, 15.25, 1.375], "texture": "#0"},
				"south": {"uv": [14.5, 3.25, 15, 3.625], "texture": "#0"},
				"west": {"uv": [7.25, 13.5, 9, 13.875], "texture": "#0"},
				"up": {"uv": [0.5, 14.75, 0, 13], "texture": "#0"},
				"down": {"uv": [13.5, 0, 13, 1.75], "texture": "#0"}
			}
		},
		{
			"from": [1, 16, 0],
			"to": [4, 17, 7],
			"faces": {
				"north": {"uv": [14.5, 3.75, 15.25, 4], "texture": "#0"},
				"east": {"uv": [14, 13.5, 15.75, 13.75], "texture": "#0"},
				"south": {"uv": [14.5, 10.25, 15.25, 10.5], "texture": "#0"},
				"west": {"uv": [14, 13.75, 15.75, 14], "texture": "#0"},
				"up": {"uv": [11.25, 10.75, 10.5, 9], "texture": "#0"},
				"down": {"uv": [9.75, 10.75, 9, 12.5], "texture": "#0"}
			}
		},
		{
			"from": [-0.75, 12, 0],
			"to": [0, 14, 7],
			"faces": {
				"north": {"uv": [11.75, 14.75, 12, 15.25], "texture": "#0"},
				"east": {"uv": [12, 10, 13.75, 10.5], "texture": "#0"},
				"south": {"uv": [12, 14.75, 12.25, 15.25], "texture": "#0"},
				"west": {"uv": [12, 10.5, 13.75, 11], "texture": "#0"},
				"up": {"uv": [8.25, 15.75, 8, 14], "texture": "#0"},
				"down": {"uv": [8.5, 14, 8.25, 15.75], "texture": "#0"}
			}
		},
		{
			"from": [16, 2, 9],
			"to": [16.75, 4, 16],
			"rotation": {"angle": 0, "axis": "y", "origin": [16, 0, 0]},
			"faces": {
				"north": {"uv": [3.75, 13, 4, 13.5], "texture": "#0"},
				"east": {"uv": [12, 9, 13.75, 9.5], "texture": "#0"},
				"south": {"uv": [12, 14.25, 12.25, 14.75], "texture": "#0"},
				"west": {"uv": [12, 9.5, 13.75, 10], "texture": "#0"},
				"up": {"uv": [2.25, 15.75, 2, 14], "texture": "#0"},
				"down": {"uv": [8, 14, 7.75, 15.75], "texture": "#0"}
			}
		},
		{
			"from": [16, 12, 9],
			"to": [16.75, 14, 16],
			"rotation": {"angle": 0, "axis": "y", "origin": [16, 0, 0]},
			"faces": {
				"north": {"uv": [14, 14.75, 14.25, 15.25], "texture": "#0"},
				"east": {"uv": [12, 12, 13.75, 12.5], "texture": "#0"},
				"south": {"uv": [14.25, 14.75, 14.5, 15.25], "texture": "#0"},
				"west": {"uv": [5, 12.5, 6.75, 13], "texture": "#0"},
				"up": {"uv": [8.75, 15.75, 8.5, 14], "texture": "#0"},
				"down": {"uv": [9, 14, 8.75, 15.75], "texture": "#0"}
			}
		},
		{
			"from": [16, 0, 9],
			"to": [17.25, 2, 16],
			"rotation": {"angle": 0, "axis": "y", "origin": [16, 0, 0]},
			"faces": {
				"north": {"uv": [11.5, 14.25, 11.875, 14.75], "texture": "#0"},
				"east": {"uv": [12, 11, 13.75, 11.5], "texture": "#0"},
				"south": {"uv": [14.25, 11.5, 14.625, 12], "texture": "#0"},
				"west": {"uv": [12, 11.5, 13.75, 12], "texture": "#0"},
				"up": {"uv": [5.625, 15.25, 5.25, 13.5], "texture": "#0"},
				"down": {"uv": [6.125, 13.5, 5.75, 15.25], "texture": "#0"}
			}
		},
		{
			"from": [12, 16, 9],
			"to": [15, 17, 16],
			"rotation": {"angle": 0, "axis": "y", "origin": [16, 0, 0]},
			"faces": {
				"north": {"uv": [14.25, 12, 15, 12.25], "texture": "#0"},
				"east": {"uv": [13.5, 1.5, 15.25, 1.75], "texture": "#0"},
				"south": {"uv": [14.25, 12.25, 15, 12.5], "texture": "#0"},
				"west": {"uv": [10.5, 14, 12.25, 14.25], "texture": "#0"},
				"up": {"uv": [9.75, 10.75, 9, 9], "texture": "#0"},
				"down": {"uv": [10.5, 9, 9.75, 10.75], "texture": "#0"}
			}
		},
		{
			"from": [-0.75, 2, 0],
			"to": [0, 4, 7],
			"faces": {
				"north": {"uv": [14.5, 14.75, 14.75, 15.25], "texture": "#0"},
				"east": {"uv": [6.75, 12.5, 8.5, 13], "texture": "#0"},
				"south": {"uv": [14.75, 14.75, 15, 15.25], "texture": "#0"},
				"west": {"uv": [8.5, 12.5, 10.25, 13], "texture": "#0"},
				"up": {"uv": [10.25, 15.75, 10, 14], "texture": "#0"},
				"down": {"uv": [10.5, 14, 10.25, 15.75], "texture": "#0"}
			}
		},
		{
			"from": [1, 16, 9],
			"to": [4, 17, 16],
			"faces": {
				"north": {"uv": [14.75, 4.5, 15.5, 4.75], "texture": "#0"},
				"east": {"uv": [14, 14, 15.75, 14.25], "texture": "#0"},
				"south": {"uv": [14.75, 4.75, 15.5, 5], "texture": "#0"},
				"west": {"uv": [14.25, 9, 16, 9.25], "texture": "#0"},
				"up": {"uv": [10.5, 12.5, 9.75, 10.75], "texture": "#0"},
				"down": {"uv": [11.25, 10.75, 10.5, 12.5], "texture": "#0"}
			}
		},
		{
			"from": [-0.75, 16, 9],
			"to": [1, 17.5, 16],
			"faces": {
				"north": {"uv": [3.25, 14.75, 3.75, 15.125], "texture": "#0"},
				"east": {"uv": [13.75, 12.5, 15.5, 12.875], "texture": "#0"},
				"south": {"uv": [14.75, 4, 15.25, 4.375], "texture": "#0"},
				"west": {"uv": [13.75, 13, 15.5, 13.375], "texture": "#0"},
				"up": {"uv": [3.25, 14.75, 2.75, 13], "texture": "#0"},
				"down": {"uv": [3.75, 13, 3.25, 14.75], "texture": "#0"}
			}
		},
		{
			"from": [-1.25, 14, 9],
			"to": [0, 16, 16],
			"faces": {
				"north": {"uv": [2.25, 14.75, 2.625, 15.25], "texture": "#0"},
				"east": {"uv": [13, 6.5, 14.75, 7], "texture": "#0"},
				"south": {"uv": [2.75, 14.75, 3.125, 15.25], "texture": "#0"},
				"west": {"uv": [6.75, 13, 8.5, 13.5], "texture": "#0"},
				"up": {"uv": [14.125, 12.5, 13.75, 10.75], "texture": "#0"},
				"down": {"uv": [0.875, 14, 0.5, 15.75], "texture": "#0"}
			}
		},
		{
			"from": [-0.75, 12, 9],
			"to": [0, 14, 16],
			"faces": {
				"north": {"uv": [15, 3.25, 15.25, 3.75], "texture": "#0"},
				"east": {"uv": [13, 5.5, 14.75, 6], "texture": "#0"},
				"south": {"uv": [15, 9.25, 15.25, 9.75], "texture": "#0"},
				"west": {"uv": [13, 6, 14.75, 6.5], "texture": "#0"},
				"up": {"uv": [13, 15.75, 12.75, 14], "texture": "#0"},
				"down": {"uv": [13.25, 14, 13, 15.75], "texture": "#0"}
			}
		},
		{
			"from": [-1.25, 0, 9],
			"to": [0, 2, 16],
			"faces": {
				"north": {"uv": [0, 14.75, 0.375, 15.25], "texture": "#0"},
				"east": {"uv": [5, 13, 6.75, 13.5], "texture": "#0"},
				"south": {"uv": [14.75, 1.75, 15.125, 2.25], "texture": "#0"},
				"west": {"uv": [13, 5, 14.75, 5.5], "texture": "#0"},
				"up": {"uv": [13.875, 15.25, 13.5, 13.5], "texture": "#0"},
				"down": {"uv": [14.125, 9, 13.75, 10.75], "texture": "#0"}
			}
		},
		{
			"from": [-0.75, 2, 9],
			"to": [0, 4, 16],
			"faces": {
				"north": {"uv": [15, 2.25, 15.25, 2.75], "texture": "#0"},
				"east": {"uv": [13, 4, 14.75, 4.5], "texture": "#0"},
				"south": {"uv": [15, 2.75, 15.25, 3.25], "texture": "#0"},
				"west": {"uv": [13, 4.5, 14.75, 5], "texture": "#0"},
				"up": {"uv": [12.5, 15.75, 12.25, 14], "texture": "#0"},
				"down": {"uv": [12.75, 14, 12.5, 15.75], "texture": "#0"}
			}
		},
		{
			"from": [-1.25, 0, 0],
			"to": [0, 2, 7],
			"faces": {
				"north": {"uv": [14, 14.25, 14.375, 14.75], "texture": "#0"},
				"east": {"uv": [10.25, 12.5, 12, 13], "texture": "#0"},
				"south": {"uv": [14.5, 2.25, 14.875, 2.75], "texture": "#0"},
				"west": {"uv": [12, 12.5, 13.75, 13], "texture": "#0"},
				"up": {"uv": [6.625, 15.25, 6.25, 13.5], "texture": "#0"},
				"down": {"uv": [7.125, 13.5, 6.75, 15.25], "texture": "#0"}
			}
		},
		{
			"from": [16, 14, 9],
			"to": [17.25, 16, 16],
			"rotation": {"angle": 0, "axis": "y", "origin": [16, 0, 0]},
			"faces": {
				"north": {"uv": [14.5, 9.25, 14.875, 9.75], "texture": "#0"},
				"east": {"uv": [0.5, 13, 2.25, 13.5], "texture": "#0"},
				"south": {"uv": [14.5, 9.75, 14.875, 10.25], "texture": "#0"},
				"west": {"uv": [13, 1.75, 14.75, 2.25], "texture": "#0"},
				"up": {"uv": [9.375, 15.25, 9, 13.5], "texture": "#0"},
				"down": {"uv": [9.875, 13.5, 9.5, 15.25], "texture": "#0"}
			}
		},
		{
			"from": [15, 16, 9],
			"to": [16.75, 17.5, 16],
			"rotation": {"angle": 0, "axis": "y", "origin": [16, 0, 0]},
			"faces": {
				"north": {"uv": [14.5, 10.5, 15, 10.875], "texture": "#0"},
				"east": {"uv": [10, 13.5, 11.75, 13.875], "texture": "#0"},
				"south": {"uv": [14.5, 14.25, 15, 14.625], "texture": "#0"},
				"west": {"uv": [11.75, 13.5, 13.5, 13.875], "texture": "#0"},
				"up": {"uv": [2.75, 14.75, 2.25, 13], "texture": "#0"},
				"down": {"uv": [13.5, 2.25, 13, 4], "texture": "#0"}
			}
		},
		{
			"from": [16, 2, 0],
			"to": [16.75, 4, 7],
			"rotation": {"angle": 0, "axis": "y", "origin": [16, 0, 0]},
			"faces": {
				"north": {"uv": [15, 9.75, 15.25, 10.25], "texture": "#0"},
				"east": {"uv": [13, 7, 14.75, 7.5], "texture": "#0"},
				"south": {"uv": [15, 10.5, 15.25, 11], "texture": "#0"},
				"west": {"uv": [13, 7.5, 14.75, 8], "texture": "#0"},
				"up": {"uv": [13.5, 15.75, 13.25, 14], "texture": "#0"},
				"down": {"uv": [14.5, 9.25, 14.25, 11], "texture": "#0"}
			}
		},
		{
			"from": [16, 0, 0],
			"to": [17.25, 2, 7],
			"rotation": {"angle": 0, "axis": "y", "origin": [16, 0, 0]},
			"faces": {
				"north": {"uv": [14.75, 5, 15.125, 5.5], "texture": "#0"},
				"east": {"uv": [8.5, 13, 10.25, 13.5], "texture": "#0"},
				"south": {"uv": [14.75, 5.5, 15.125, 6], "texture": "#0"},
				"west": {"uv": [10.25, 13, 12, 13.5], "texture": "#0"},
				"up": {"uv": [1.375, 15.75, 1, 14], "texture": "#0"},
				"down": {"uv": [1.875, 14, 1.5, 15.75], "texture": "#0"}
			}
		},
		{
			"from": [16, 12, 0],
			"to": [16.75, 14, 7],
			"rotation": {"angle": 0, "axis": "y", "origin": [16, 0, 0]},
			"faces": {
				"north": {"uv": [11, 15, 11.25, 15.5], "texture": "#0"},
				"east": {"uv": [12, 13, 13.75, 13.5], "texture": "#0"},
				"south": {"uv": [11.25, 15, 11.5, 15.5], "texture": "#0"},
				"west": {"uv": [13.5, 0, 15.25, 0.5], "texture": "#0"},
				"up": {"uv": [10.75, 16, 10.5, 14.25], "texture": "#0"},
				"down": {"uv": [11, 14.25, 10.75, 16], "texture": "#0"}
			}
		},
		{
			"from": [16, 14, 0],
			"to": [17.25, 16, 7],
			"rotation": {"angle": 0, "axis": "y", "origin": [16, 0, 0]},
			"faces": {
				"north": {"uv": [14.75, 6, 15.125, 6.5], "texture": "#0"},
				"east": {"uv": [0.5, 13.5, 2.25, 14], "texture": "#0"},
				"south": {"uv": [14.75, 6.5, 15.125, 7], "texture": "#0"},
				"west": {"uv": [13.5, 0.5, 15.25, 1], "texture": "#0"},
				"up": {"uv": [14.375, 4, 14, 2.25], "texture": "#0"},
				"down": {"uv": [7.625, 14, 7.25, 15.75], "texture": "#0"}
			}
		},
		{
			"from": [15, 16, 0],
			"to": [16.75, 17.5, 7],
			"rotation": {"angle": 0, "axis": "y", "origin": [16, 0, 0]},
			"faces": {
				"north": {"uv": [14.75, 7, 15.25, 7.375], "texture": "#0"},
				"east": {"uv": [14, 8, 15.75, 8.375], "texture": "#0"},
				"south": {"uv": [14.75, 7.5, 15.25, 7.875], "texture": "#0"},
				"west": {"uv": [14, 8.5, 15.75, 8.875], "texture": "#0"},
				"up": {"uv": [14, 4, 13.5, 2.25], "texture": "#0"},
				"down": {"uv": [4.25, 13.5, 3.75, 15.25], "texture": "#0"}
			}
		},
		{
			"from": [12, 16, 0],
			"to": [15, 17, 7],
			"rotation": {"angle": 0, "axis": "y", "origin": [16, 0, 0]},
			"faces": {
				"north": {"uv": [11, 14.75, 11.75, 15], "texture": "#0"},
				"east": {"uv": [14.25, 11, 16, 11.25], "texture": "#0"},
				"south": {"uv": [14.75, 11.5, 15.5, 11.75], "texture": "#0"},
				"west": {"uv": [14.25, 11.25, 16, 11.5], "texture": "#0"},
				"up": {"uv": [12, 10.75, 11.25, 9], "texture": "#0"},
				"down": {"uv": [12, 10.75, 11.25, 12.5], "texture": "#0"}
			}
		},
		{
			"from": [-2, 0, 7],
			"to": [18, 17.75, 9],
			"rotation": {"angle": 0, "axis": "z", "origin": [16, 0, 0]},
			"faces": {
				"north": {"uv": [0, 0, 5, 4.5], "texture": "#0"},
				"east": {"uv": [4, 9, 4.5, 13.5], "texture": "#0"},
				"south": {"uv": [0, 4.5, 5, 9], "texture": "#0"},
				"west": {"uv": [4.5, 9, 5, 13.5], "texture": "#0"},
				"up": {"uv": [14, 8.5, 9, 8], "texture": "#0"},
				"down": {"uv": [14, 8.5, 9, 9], "texture": "#0"}
			}
		}
	],
	"display": {
		"thirdperson_righthand": {
			"translation": [0, -1, 0],
			"scale": [0.5, 0.5, 0.5]
		},
		"thirdperson_lefthand": {
			"scale": [0.5, 0.5, 0.5]
		},
		"firstperson_righthand": {
			"scale": [0.5, 0.5, 0.5]
		},
		"firstperson_lefthand": {
			"scale": [0.5, 0.5, 0.5]
		},
		"ground": {
			"scale": [0.5, 0.5, 0.5]
		},
		"head": {
			"translation": [0, 1, 0],
			"scale": [1, 0.94727, 0.88281]
		}
	}
}