{
	"credit": "Made with Blockbench",
	"parent": "carved_pumpkin",
	"texture_size": [32, 32],
	"textures": {
		"0": "block/panamahatbase",
		"1": "block/panband",
		"particle": "block/panamahatbase"
	},
	"elements": [
		{
			"from": [3.75, 8.127, 12.251],
			"to": [12.25, 9.627, 12.251],
			"rotation": {"angle": 0, "axis": "y", "origin": [8, 8.625, 12.251]},
			"faces": {
				"north": {"uv": [4.5, 3, 8.75, 3.75], "texture": "#1"},
				"east": {"uv": [0, 0, 0, 0.75], "texture": "#1"},
				"south": {"uv": [4.5, 4, 8.75, 4.75], "texture": "#1"},
				"west": {"uv": [0, 0, 0, 0.75], "texture": "#1"},
				"up": {"uv": [4.25, 0, 0, 0], "texture": "#1"},
				"down": {"uv": [4.25, 0, 0, 0], "texture": "#1"}
			}
		},
		{
			"from": [12.25, 8.125, 3.75],
			"to": [12.25, 9.625, 12.25],
			"rotation": {"angle": 0, "axis": "y", "origin": [8.25, 7.75, 8]},
			"faces": {
				"north": {"uv": [0, 0, 0, 0.75], "texture": "#1"},
				"east": {"uv": [0, 5, 4.25, 5.75], "texture": "#1"},
				"south": {"uv": [0, 0, 0, 0.75], "texture": "#1"},
				"west": {"uv": [4.5, 5, 8.75, 5.75], "texture": "#1"},
				"up": {"uv": [0, 4.25, 0, 0], "texture": "#1"},
				"down": {"uv": [0, 0, 0, 4.25], "texture": "#1"}
			}
		},
		{
			"from": [3.75, 8.125, 3.751],
			"to": [3.75, 9.625, 12.251],
			"rotation": {"angle": 0, "axis": "y", "origin": [-0.25, 8, 8.001]},
			"faces": {
				"north": {"uv": [0, 0, 0, 0.75], "texture": "#1"},
				"east": {"uv": [0, 6, 4.25, 6.75], "texture": "#1"},
				"south": {"uv": [0, 0, 0, 0.75], "texture": "#1"},
				"west": {"uv": [4.5, 6, 8.75, 6.75], "texture": "#1"},
				"up": {"uv": [0, 4.25, 0, 0], "texture": "#1"},
				"down": {"uv": [0, 0, 0, 4.25], "texture": "#1"}
			}
		},
		{
			"from": [3.625, 8.25, 7.375],
			"to": [3.625, 9.5, 8.625],
			"rotation": {"angle": 0, "axis": "y", "origin": [-0.5, 8, 8.501]},
			"faces": {
				"north": {"uv": [0, 0, 0, 0.625], "texture": "#1"},
				"east": {"uv": [4, 8, 4.625, 8.625], "texture": "#1"},
				"south": {"uv": [0, 0, 0, 0.625], "texture": "#1"},
				"west": {"uv": [5, 8, 5.625, 8.625], "texture": "#1"},
				"up": {"uv": [0, 0.625, 0, 0], "texture": "#1"},
				"down": {"uv": [0, 0, 0, 0.625], "texture": "#1"}
			}
		},
		{
			"from": [3.33799, 8, 8.56791],
			"to": [3.33799, 9.875, 10.06791],
			"rotation": {"angle": -22.5, "axis": "y", "origin": [3.33799, 8.75, 9.31791]},
			"faces": {
				"north": {"uv": [0, 0, 0, 1], "texture": "#1"},
				"east": {"uv": [0, 8, 0.75, 9], "texture": "#1"},
				"south": {"uv": [0, 0, 0, 1], "texture": "#1"},
				"west": {"uv": [1, 8, 1.75, 9], "texture": "#1"},
				"up": {"uv": [0, 0.75, 0, 0], "texture": "#1"},
				"down": {"uv": [0, 0, 0, 0.75], "texture": "#1"}
			}
		},
		{
			"from": [3.33799, 8, 5.93209],
			"to": [3.33799, 9.875, 7.43209],
			"rotation": {"angle": 22.5, "axis": "y", "origin": [3.33799, 8.75, 6.68209]},
			"faces": {
				"north": {"uv": [0, 0, 0, 1], "texture": "#1"},
				"east": {"uv": [2, 8, 2.75, 9], "texture": "#1"},
				"south": {"uv": [0, 0, 0, 1], "texture": "#1"},
				"west": {"uv": [3, 8, 3.75, 9], "texture": "#1"},
				"up": {"uv": [0, 0.75, 0, 0], "texture": "#1"},
				"down": {"uv": [0, 0, 0, 0.75], "texture": "#1"}
			}
		},
		{
			"from": [3.751, 8.125, 3.75],
			"to": [12.251, 9.625, 3.75],
			"rotation": {"angle": 0, "axis": "y", "origin": [8.001, 8.625, 3.75]},
			"faces": {
				"north": {"uv": [0, 7, 4.25, 7.75], "texture": "#1"},
				"east": {"uv": [0, 0, 0, 0.75], "texture": "#1"},
				"south": {"uv": [4.5, 7, 8.75, 7.75], "texture": "#1"},
				"west": {"uv": [0, 0, 0, 0.75], "texture": "#1"},
				"up": {"uv": [4.25, 0, 0, 0], "texture": "#1"},
				"down": {"uv": [4.25, 0, 0, 0], "texture": "#1"}
			}
		},
		{
			"from": [3.875, 8, 3.875],
			"to": [12.125, 9.75, 3.875],
			"rotation": {"angle": 0, "axis": "y", "origin": [8.001, 8.625, 3.75]},
			"faces": {
				"north": {"uv": [0, 0, 4.125, 0.875], "texture": "#1"},
				"east": {"uv": [0, 0, 0, 0.875], "texture": "#1"},
				"south": {"uv": [0, 1, 4.125, 1.875], "texture": "#1"},
				"west": {"uv": [0, 0, 0, 0.875], "texture": "#1"},
				"up": {"uv": [4.125, 0, 0, 0], "texture": "#1"},
				"down": {"uv": [4.125, 0, 0, 0], "texture": "#1"}
			}
		},
		{
			"from": [3.875, 8, 12.125],
			"to": [12.125, 9.75, 12.125],
			"rotation": {"angle": 0, "axis": "y", "origin": [8.001, 8.625, 12]},
			"faces": {
				"north": {"uv": [0, 2, 4.125, 2.875], "texture": "#1"},
				"east": {"uv": [0, 0, 0, 0.875], "texture": "#1"},
				"south": {"uv": [0, 3, 4.125, 3.875], "texture": "#1"},
				"west": {"uv": [0, 0, 0, 0.875], "texture": "#1"},
				"up": {"uv": [4.125, 0, 0, 0], "texture": "#1"},
				"down": {"uv": [4.125, 0, 0, 0], "texture": "#1"}
			}
		},
		{
			"from": [3.875, 8, 3.875],
			"to": [3.875, 9.75, 12.125],
			"rotation": {"angle": 0, "axis": "y", "origin": [3.75, 8.625, 7.999]},
			"faces": {
				"north": {"uv": [0, 0, 0, 0.875], "texture": "#1"},
				"east": {"uv": [0, 4, 4.125, 4.875], "texture": "#1"},
				"south": {"uv": [0, 0, 0, 0.875], "texture": "#1"},
				"west": {"uv": [4.5, 0, 8.625, 0.875], "texture": "#1"},
				"up": {"uv": [0, 4.125, 0, 0], "texture": "#1"},
				"down": {"uv": [0, 0, 0, 4.125], "texture": "#1"}
			}
		},
		{
			"from": [12.125, 8, 3.876],
			"to": [12.125, 9.75, 12.126],
			"rotation": {"angle": 0, "axis": "y", "origin": [12, 8.625, 8]},
			"faces": {
				"north": {"uv": [0, 0, 0, 0.875], "texture": "#1"},
				"east": {"uv": [4.5, 1, 8.625, 1.875], "texture": "#1"},
				"south": {"uv": [0, 0, 0, 0.875], "texture": "#1"},
				"west": {"uv": [4.5, 2, 8.625, 2.875], "texture": "#1"},
				"up": {"uv": [0, 4.125, 0, 0], "texture": "#1"},
				"down": {"uv": [0, 0, 0, 4.125], "texture": "#1"}
			}
		},
		{
			"from": [2, 8, 2],
			"to": [14, 8, 14],
			"rotation": {"angle": 0, "axis": "y", "origin": [8, 8, 8]},
			"faces": {
				"north": {"uv": [0, 0, 6, 0], "texture": "#0"},
				"east": {"uv": [0, 0, 6, 0], "texture": "#0"},
				"south": {"uv": [0, 0, 6, 0], "texture": "#0"},
				"west": {"uv": [0, 0, 6, 0], "texture": "#0"},
				"up": {"uv": [6, 6, 0, 0], "texture": "#0"},
				"down": {"uv": [6, 6, 0, 12], "texture": "#0"}
			}
		},
		{
			"from": [4, 8, 4],
			"to": [12, 10, 12],
			"rotation": {"angle": 0, "axis": "y", "origin": [8, 8, 8]},
			"faces": {
				"north": {"uv": [6, 11.5, 10, 12.5], "texture": "#0"},
				"east": {"uv": [11.5, 7, 15.5, 8], "texture": "#0"},
				"south": {"uv": [11.5, 8, 15.5, 9], "texture": "#0"},
				"west": {"uv": [11.5, 9, 15.5, 10], "texture": "#0"},
				"up": {"uv": [10, 4, 6, 0], "texture": "#0"},
				"down": {"uv": [10, 4, 6, 8], "texture": "#0"}
			}
		},
		{
			"from": [6, 10, 4],
			"to": [10, 11, 5],
			"rotation": {"angle": 0, "axis": "y", "origin": [8, 11, 6.5]},
			"faces": {
				"north": {"uv": [3.5, 12, 5.5, 12.5], "texture": "#0"},
				"east": {"uv": [5.5, 12, 6, 12.5], "texture": "#0"},
				"south": {"uv": [7, 12.5, 9, 13], "texture": "#0"},
				"west": {"uv": [9, 12.5, 9.5, 13], "texture": "#0"},
				"up": {"uv": [13.5, 13, 11.5, 12.5], "texture": "#0"},
				"down": {"uv": [2, 13, 0, 13.5], "texture": "#0"}
			}
		},
		{
			"from": [9, 11, 5],
			"to": [12, 12, 12],
			"rotation": {"angle": 0, "axis": "y", "origin": [8, 11, 6.5]},
			"faces": {
				"north": {"uv": [2, 13, 3.5, 13.5], "texture": "#0"},
				"east": {"uv": [11.5, 11, 15, 11.5], "texture": "#0"},
				"south": {"uv": [3.5, 13, 5, 13.5], "texture": "#0"},
				"west": {"uv": [11.5, 11.5, 15, 12], "texture": "#0"},
				"up": {"uv": [11.5, 7, 10, 3.5], "texture": "#0"},
				"down": {"uv": [11.5, 7, 10, 10.5], "texture": "#0"}
			}
		},
		{
			"from": [4, 11, 5],
			"to": [7, 12, 12],
			"rotation": {"angle": 0, "axis": "y", "origin": [8, 11, 6.5]},
			"faces": {
				"north": {"uv": [13, 3.5, 14.5, 4], "texture": "#0"},
				"east": {"uv": [0, 12, 3.5, 12.5], "texture": "#0"},
				"south": {"uv": [13, 4, 14.5, 4.5], "texture": "#0"},
				"west": {"uv": [11.5, 12, 15, 12.5], "texture": "#0"},
				"up": {"uv": [11.5, 14, 10, 10.5], "texture": "#0"},
				"down": {"uv": [13, 3.5, 11.5, 7], "texture": "#0"}
			}
		},
		{
			"from": [4, 10, 5],
			"to": [12, 11, 12],
			"rotation": {"angle": 0, "axis": "y", "origin": [8, 11, 6.5]},
			"faces": {
				"north": {"uv": [11.5, 10, 15.5, 10.5], "texture": "#0"},
				"east": {"uv": [0, 12.5, 3.5, 13], "texture": "#0"},
				"south": {"uv": [11.5, 10.5, 15.5, 11], "texture": "#0"},
				"west": {"uv": [3.5, 12.5, 7, 13], "texture": "#0"},
				"up": {"uv": [10, 11.5, 6, 8], "texture": "#0"},
				"down": {"uv": [14, 0, 10, 3.5], "texture": "#0"}
			}
		}
	],
	"display": {
		"thirdperson_righthand": {
			"rotation": [10, 20, 0],
			"translation": [-1.25, -0.5, -3.5],
			"scale": [0.75, 0.75, 0.75]
		},
		"thirdperson_lefthand": {
			"rotation": [10, -150, 0],
			"translation": [-1.5, -0.5, -3.5],
			"scale": [0.75, 0.75, 0.75]
		},
		"firstperson_righthand": {
			"rotation": [-15, 25, 0]
		},
		"firstperson_lefthand": {
			"rotation": [-15, -160, 0]
		},
		"ground": {
			"rotation": [15, 0, 0]
		},
		"gui": {
			"rotation": [35, 135, 0],
			"translation": [0, -1, 0],
			"scale": [0.85, 0.85, 0.85]
		},
		"head": {
			"rotation": [10, 0, 0],
			"translation": [0, 5, -0.1],
			"scale": [1.85, 1.85, 1.85]
		},
		"fixed": {
			"rotation": [-90, 0, 0],
			"translation": [0, 0, -0.1],
			"scale": [1.925, 1.925, 1.925]
		}
	},
	"groups": [
		{
			"name": "band",
			"origin": [12, 8.625, 8],
			"color": 0,
			"children": [0, 1, 2, 3, 4, 5, 6, 7, 8, 9, 10]
		},
		{
			"name": "basehat",
			"origin": [8, 11, 6.5],
			"color": 0,
			"children": [11, 12, 13, 14, 15, 16]
		}
	]
}