{
	"credit": "Made with Blockbench",
	"texture_size": [128, 128],
	"textures": {
		"0": "block/raven_hood"
	},
	"elements": [
		{
			"from": [14, 0, 0],
			"to": [16, 11, 16],
			"faces": {
				"north": {"uv": [3.875, 6.875, 4.125, 8.25], "texture": "#0"},
				"east": {"uv": [0, 1.875, 2, 3.25], "texture": "#0"},
				"south": {"uv": [1.125, 7.25, 1.375, 8.625], "texture": "#0"},
				"west": {"uv": [2, 1.875, 4, 3.25], "texture": "#0"},
				"up": {"uv": [5.625, 8, 5.375, 6], "texture": "#0"},
				"down": {"uv": [5.875, 6, 5.625, 8], "texture": "#0"}
			}
		},
		{
			"from": [4.25, 14.25, 0],
			"to": [14, 15.75, 16],
			"faces": {
				"north": {"uv": [7.25, 6.5, 8.5, 6.75], "texture": "#0"},
				"east": {"uv": [6.5, 5.5, 8.5, 5.75], "texture": "#0"},
				"south": {"uv": [6.625, 7.25, 7.875, 7.5], "texture": "#0"},
				"west": {"uv": [6.5, 5.75, 8.5, 6], "texture": "#0"},
				"up": {"uv": [6, 5.375, 4.75, 3.375], "texture": "#0"},
				"down": {"uv": [2.5, 5.25, 1.25, 7.25], "texture": "#0"}
			}
		},
		{
			"from": [17, 4, 0],
			"to": [19, 9, 16],
			"rotation": {"angle": 22.5, "axis": "z", "origin": [0, 0, 0]},
			"faces": {
				"north": {"uv": [2.75, 7.375, 3, 8], "texture": "#0"},
				"east": {"uv": [2.5, 5.25, 4.5, 5.875], "texture": "#0"},
				"south": {"uv": [3, 7.375, 3.25, 8], "texture": "#0"},
				"west": {"uv": [4.5, 5.375, 6.5, 6], "texture": "#0"},
				"up": {"uv": [6.625, 8, 6.375, 6], "texture": "#0"},
				"down": {"uv": [4.5, 6.5, 4.25, 8.5], "texture": "#0"}
			}
		},
		{
			"from": [-3, 4, 0],
			"to": [-1, 9, 16],
			"rotation": {"angle": -22.5, "axis": "z", "origin": [16, 0, 0]},
			"faces": {
				"north": {"uv": [7.375, 1.75, 7.625, 2.375], "texture": "#0"},
				"east": {"uv": [5, 0, 7, 0.625], "texture": "#0"},
				"south": {"uv": [2.5, 7.375, 2.75, 8], "texture": "#0"},
				"west": {"uv": [5, 0.625, 7, 1.25], "texture": "#0"},
				"up": {"uv": [6.125, 8, 5.875, 6], "texture": "#0"},
				"down": {"uv": [6.375, 6, 6.125, 8], "texture": "#0"}
			}
		},
		{
			"from": [2, 14.25, 0],
			"to": [11.75, 15.75, 16],
			"rotation": {"angle": 0, "axis": "y", "origin": [16, 0, 0]},
			"faces": {
				"north": {"uv": [7.25, 6, 8.5, 6.25], "texture": "#0"},
				"east": {"uv": [6, 5, 8, 5.25], "texture": "#0"},
				"south": {"uv": [7.25, 6.25, 8.5, 6.5], "texture": "#0"},
				"west": {"uv": [6.5, 5.25, 8.5, 5.5], "texture": "#0"},
				"up": {"uv": [1.25, 6.625, 0, 4.625], "texture": "#0"},
				"down": {"uv": [6, 1.375, 4.75, 3.375], "texture": "#0"}
			}
		},
		{
			"from": [0, 0, 0],
			"to": [2, 11, 16],
			"rotation": {"angle": 0, "axis": "y", "origin": [16, 0, 0]},
			"faces": {
				"north": {"uv": [1.375, 7.25, 1.625, 8.625], "texture": "#0"},
				"east": {"uv": [3, 0, 5, 1.375], "texture": "#0"},
				"south": {"uv": [1.625, 7.25, 1.875, 8.625], "texture": "#0"},
				"west": {"uv": [0, 3.25, 2, 4.625], "texture": "#0"},
				"up": {"uv": [4.75, 8.5, 4.5, 6.5], "texture": "#0"},
				"down": {"uv": [5, 6.5, 4.75, 8.5], "texture": "#0"}
			}
		},
		{
			"from": [2, 0, 14],
			"to": [14, 15, 16],
			"faces": {
				"north": {"uv": [0, 0, 1.5, 1.875], "texture": "#0"},
				"east": {"uv": [4.5, 1.375, 4.75, 3.25], "texture": "#0"},
				"south": {"uv": [1.5, 0, 3, 1.875], "texture": "#0"},
				"west": {"uv": [5, 6.5, 5.25, 8.375], "texture": "#0"},
				"up": {"uv": [8.5, 1, 7, 0.75], "texture": "#0"},
				"down": {"uv": [8.5, 1, 7, 1.25], "texture": "#0"}
			}
		},
		{
			"from": [2.5, 15.75, 0],
			"to": [13.5, 16.25, 16],
			"faces": {
				"north": {"uv": [7.375, 1.5, 8.75, 1.625], "texture": "#0"},
				"east": {"uv": [7.375, 1.25, 9.375, 1.375], "texture": "#0"},
				"south": {"uv": [7.375, 1.625, 8.75, 1.75], "texture": "#0"},
				"west": {"uv": [7.375, 1.375, 9.375, 1.5], "texture": "#0"},
				"up": {"uv": [3.375, 5.25, 2, 3.25], "texture": "#0"},
				"down": {"uv": [4.75, 3.25, 3.375, 5.25], "texture": "#0"}
			}
		},
		{
			"from": [2.5, 17.5, 8.5],
			"to": [13.5, 21, 13],
			"rotation": {"angle": 22.5, "axis": "x", "origin": [0, 0, 0]},
			"faces": {
				"north": {"uv": [3, 1.375, 4.375, 1.875], "texture": "#0"},
				"east": {"uv": [1.875, 7.25, 2.5, 7.75], "texture": "#0"},
				"south": {"uv": [6, 4, 7.375, 4.5], "texture": "#0"},
				"west": {"uv": [0.5, 7.375, 1.125, 7.875], "texture": "#0"},
				"up": {"uv": [7.375, 1.875, 6, 1.25], "texture": "#0"},
				"down": {"uv": [7.375, 1.875, 6, 2.5], "texture": "#0"}
			}
		},
		{
			"from": [3.5, 0.25, 20.5],
			"to": [12.5, 5.75, 24],
			"rotation": {"angle": -22.5, "axis": "x", "origin": [0, 0, 0]},
			"faces": {
				"north": {"uv": [6, 2.5, 7.125, 3.25], "texture": "#0"},
				"east": {"uv": [7.125, 2.5, 7.625, 3.25], "texture": "#0"},
				"south": {"uv": [6, 3.25, 7.125, 4], "texture": "#0"},
				"west": {"uv": [7.125, 3.25, 7.625, 4], "texture": "#0"},
				"up": {"uv": [5.375, 6.5, 4.25, 6], "texture": "#0"},
				"down": {"uv": [7.125, 4.5, 6, 5], "texture": "#0"}
			}
		},
		{
			"from": [4.5, 2.25, 18.5],
			"to": [11.5, 9.75, 22],
			"faces": {
				"north": {"uv": [2.5, 5.875, 3.375, 6.875], "texture": "#0"},
				"east": {"uv": [4, 1.875, 4.5, 2.875], "texture": "#0"},
				"south": {"uv": [3.375, 5.875, 4.25, 6.875], "texture": "#0"},
				"west": {"uv": [0, 6.625, 0.5, 7.625], "texture": "#0"},
				"up": {"uv": [7.5, 7.25, 6.625, 6.75], "texture": "#0"},
				"down": {"uv": [3.375, 6.875, 2.5, 7.375], "texture": "#0"}
			}
		},
		{
			"from": [5.5, -3.5, 18.5],
			"to": [10.5, 2.25, 22],
			"faces": {
				"north": {"uv": [0.5, 6.625, 1.125, 7.375], "texture": "#0"},
				"east": {"uv": [3.375, 6.875, 3.875, 7.625], "texture": "#0"},
				"south": {"uv": [6.625, 6, 7.25, 6.75], "texture": "#0"},
				"west": {"uv": [7, 0, 7.5, 0.75], "texture": "#0"},
				"up": {"uv": [1.875, 5.125, 1.25, 4.625], "texture": "#0"},
				"down": {"uv": [7.75, 4.5, 7.125, 5], "texture": "#0"}
			}
		}
	],
	"display": {
		"thirdperson_righthand": {
			"scale": [0.5, 0.5, 0.5]
		},
		"thirdperson_lefthand": {
			"scale": [0.5, 0.5, 0.5]
		},
		"firstperson_righthand": {
			"scale": [0.5, 0.5, 0.5]
		},
		"firstperson_lefthand": {
			"scale": [0.5, 0.5, 0.5]
		},
		"ground": {
			"scale": [0.5, 0.5, 0.5]
		},
		"fixed": {
			"rotation": [-90.5, 0, 0],
			"translation": [0, 0, -12]
		}
	}
}