{
  "model": {
    "type": "minecraft:range_dispatch",
    "property": "minecraft:custom_model_data",
    "index": 0,
    "fallback": {
      "type": "minecraft:model",
      "model": "minecraft:item/carved_pumpkin"
    },
    "entries": [
      {
        "model": {
          "type": "minecraft:model",
          "model": "custom/plague_doctor_mask"
        },
        "threshold": 1
      },
      {
        "model": {
          "type": "minecraft:model",
          "model": "custom/black_cowboy_hat"
        },
        "threshold": 2
      },
      {
        "model": {
          "type": "minecraft:model",
          "model": "custom/fire_wizard_hat"
        },
        "threshold": 3
      },
      {
        "model": {
          "type": "minecraft:model",
          "model": "custom/splat_fish"
        },
        "threshold": 4
      },
      {
        "model": {
          "type": "minecraft:model",
          "model": "custom/green_elf"
        },
        "threshold": 5
      },
      {
        "model": {
          "type": "minecraft:model",
          "model": "custom/blue_cap"
        },
        "threshold": 6
      },
      {
        "model": {
          "type": "minecraft:model",
          "model": "custom/red_elf"
        },
        "threshold": 7
      },
      {
        "model": {
          "type": "minecraft:model",
          "model": "custom/shades"
        },
        "threshold": 8
      },
      {
        "model": {
          "type": "minecraft:model",
          "model": "custom/3d_glasses"
        },
        "threshold": 9
      },
      {
        "model": {
          "type": "minecraft:model",
          "model": "custom/brown_cowboy_hat"
        },
        "threshold": 10
      },
      {
        "model": {
          "type": "minecraft:model",
          "model": "custom/cavalry_hat"
        },
        "threshold": 11
      },
      {
        "model": {
          "type": "minecraft:model",
          "model": "custom/cheese_toastie"
        },
        "threshold": 12
      },
      {
        "model": {
          "type": "minecraft:model",
          "model": "custom/doug"
        },
        "threshold": 13
      },
      {
        "model": {
          "type": "minecraft:model",
          "model": "custom/gentle_crab"
        },
        "threshold": 14
      },
      {
        "model": {
          "type": "minecraft:model",
          "model": "custom/gray_cowboy_hat"
        },
        "threshold": 15
      },
      {
        "model": {
          "type": "minecraft:model",
          "model": "custom/middle_finger"
        },
        "threshold": 16
      },
      {
        "model": {
          "type": "minecraft:model",
          "model": "custom/raven_hood"
        },
        "threshold": 17
      },
      {
        "model": {
          "type": "minecraft:model",
          "model": "custom/sovitet_crab"
        },
        "threshold": 18
      },
      {
        "model": {
          "type": "minecraft:model",
          "model": "custom/2024_glasses"
        },
        "threshold": 19
      },
      {
        "model": {
          "type": "minecraft:model",
          "model": "custom/santa_hat"
        },
        "threshold": 20
      },
      {
        "model": {
          "type": "minecraft:model",
          "model": "custom/santa_hat_gold"
        },
        "threshold": 21
      },
      {
        "model": {
          "type": "minecraft:model",
          "model": "custom/antegg"
        },
        "threshold": 22
      },
      {
        "model": {
          "type": "minecraft:model",
          "model": "custom/arroraegg"
        },
        "threshold": 23
      },
      {
        "model": {
          "type": "minecraft:model",
          "model": "custom/bhelleyegg"
        },
        "threshold": 24
      },
      {
        "model": {
          "type": "minecraft:model",
          "model": "custom/bonezegg"
        },
        "threshold": 25
      },
      {
        "model": {
          "type": "minecraft:model",
          "model": "custom/chaosegg"
        },
        "threshold": 26
      },
      {
        "model": {
          "type": "minecraft:model",
          "model": "custom/crummegg"
        },
        "threshold": 27
      },
      {
        "model": {
          "type": "minecraft:model",
          "model": "custom/felixegg"
        },
        "threshold": 28
      },
      {
        "model": {
          "type": "minecraft:model",
          "model": "custom/foxyegg"
        },
        "threshold": 29
      },
      {
        "model": {
          "type": "minecraft:model",
          "model": "custom/fzegg"
        },
        "threshold": 30
      },
      {
        "model": {
          "type": "minecraft:model",
          "model": "custom/hamegg"
        },
        "threshold": 31
      },
      {
        "model": {
          "type": "minecraft:model",
          "model": "custom/harmonyegg"
        },
        "threshold": 32
      },
      {
        "model": {
          "type": "minecraft:model",
          "model": "custom/hornyegg"
        },
        "threshold": 33
      },
      {
        "model": {
          "type": "minecraft:model",
          "model": "custom/hunteregg"
        },
        "threshold": 34
      },
      {
        "model": {
          "type": "minecraft:model",
          "model": "custom/justinegg"
        },
        "threshold": 35
      },
      {
        "model": {
          "type": "minecraft:model",
          "model": "custom/l4egg"
        },
        "threshold": 36
      },
      {
        "model": {
          "type": "minecraft:model",
          "model": "custom/laneyegg"
        },
        "threshold": 37
      },
      {
        "model": {
          "type": "minecraft:model",
          "model": "custom/linaegg"
        },
        "threshold": 38
      },
      {
        "model": {
          "type": "minecraft:model",
          "model": "custom/malinegg"
        },
        "threshold": 39
      },
      {
        "model": {
          "type": "minecraft:model",
          "model": "custom/mattegg"
        },
        "threshold": 40
      },
      {
        "model": {
          "type": "minecraft:model",
          "model": "custom/mcegg"
        },
        "threshold": 41
      },
      {
        "model": {
          "type": "minecraft:model",
          "model": "custom/melonegg"
        },
        "threshold": 42
      },
      {
        "model": {
          "type": "minecraft:model",
          "model": "custom/mickyegg"
        },
        "threshold": 43
      },
      {
        "model": {
          "type": "minecraft:model",
          "model": "custom/muskegg"
        },
        "threshold": 44
      },
      {
        "model": {
          "type": "minecraft:model",
          "model": "custom/shaunegg"
        },
        "threshold": 45
      },
      {
        "model": {
          "type": "minecraft:model",
          "model": "custom/superegg"
        },
        "threshold": 46
      },
      {
        "model": {
          "type": "minecraft:model",
          "model": "custom/sushiegg"
        },
        "threshold": 47
      },
      {
        "model": {
          "type": "minecraft:model",
          "model": "custom/turtleegg"
        },
        "threshold": 48
      },
      {
        "model": {
          "type": "minecraft:model",
          "model": "custom/twinkegg"
        },
        "threshold": 49
      },
      {
        "model": {
          "type": "minecraft:model",
          "model": "custom/wallyegg"
        },
        "threshold": 50
      },
      {
        "model": {
          "type": "minecraft:model",
          "model": "custom/wizardegg"
        },
        "threshold": 51
      },
      {
        "model": {
          "type": "minecraft:model",
          "model": "custom/curlleyegg"
        },
        "threshold": 52
      },
      {
        "model": {
          "type": "minecraft:model",
          "model": "custom/mushroom_hat"
        },
        "threshold": 53
      },
      {
        "model": {
          "type": "minecraft:model",
          "model": "custom/fish_hat"
        },
        "threshold": 54
      },
      {
        "model": {
          "type": "minecraft:model",
          "model": "custom/raven_hat"
        },
        "threshold": 55
      },
      {
        "model": {
          "type": "minecraft:model",
          "model": "custom/pink_cat_cap"
        },
        "threshold": 56
      },
      {
        "model": {
          "type": "minecraft:model",
          "model": "custom/steam_punk_hat"
        },
        "threshold": 57
      },
      {
        "model": {
          "type": "minecraft:model",
          "model": "custom/frog_hat"
        },
        "threshold": 58
      },
      {
        "model": {
          "type": "minecraft:model",
          "model": "custom/the_snail"
        },
        "threshold": 59
      },
      {
        "model": {
          "type": "minecraft:model",
          "model": "custom/blitz_horns"
        },
        "threshold": 60
      },
      {
        "model": {
          "type": "minecraft:model",
          "model": "custom/cheese_head"
        },
        "threshold": 61
      },
      {
        "model": {
          "type": "minecraft:model",
          "model": "custom/drinking_hat"
        },
        "threshold": 62
      },
      {
        "model": {
          "type": "minecraft:model",
          "model": "custom/hat_stack"
        },
        "threshold": 63
      },
      {
        "model": {
          "type": "minecraft:model",
          "model": "custom/hells_deadliest_dad"
        },
        "threshold": 64
      },
      {
        "model": {
          "type": "minecraft:model",
          "model": "custom/hells_greatest_dad"
        },
        "threshold": 65
      },
      {
        "model": {
          "type": "minecraft:model",
          "model": "custom/stolas_tophat"
        },
        "threshold": 66
      },
      {
        "model": {
          "type": "minecraft:model",
          "model": "custom/tv"
        },
        "threshold": 67
      },
      {
        "model": {
          "type": "minecraft:model",
          "model": "custom/gold_trophy"
        },
        "threshold": 68
      },
      {
        "model": {
          "type": "minecraft:model",
          "model": "custom/silver_trophy"
        },
        "threshold": 69
      },
      {
        "model": {
          "type": "minecraft:model",
          "model": "custom/bronze_trophy"
        },
        "threshold": 70
      },
      {
        "model": {
          "type": "minecraft:model",
          "model": "custom/rkpridehat1"
        },
        "threshold": 71
      },
      {
        "model": {
          "type": "minecraft:model",
          "model": "custom/monacle_moustache"
        },
        "threshold": 72
      },
      {
        "model": {
          "type": "minecraft:model",
          "model": "custom/detective_hat_w_pipe"
        },
        "threshold": 73
      },
      {
        "model": {
          "type": "minecraft:model",
          "model": "custom/detective_hat"
        },
        "threshold": 74
      },
      {
        "model": {
          "type": "minecraft:model",
          "model": "custom/byron_springhat"
        },
        "threshold": 75
      },
      {
        "model": {
          "type": "minecraft:model",
          "model": "custom/gray_mushroom_hat"
        },
        "threshold": 76
      },
      {
        "model": {
          "type": "minecraft:model",
          "model": "custom/byrons_fur_cap"
        },
        "threshold": 77
      },
      {
        "model": {
          "type": "minecraft:model",
          "model": "custom/pan_ama_hat"
        },
        "threshold": 78
      },
      {
        "model": {
          "type": "minecraft:model",
          "model": "custom/lesbiantiaradiamond"
        },
        "threshold": 79
      },
      {
        "model": {
          "type": "minecraft:model",
          "model": "custom/lesbian_helm_v2_5"
        },
        "threshold": 80
      },
      {
        "model": {
          "type": "minecraft:model",
          "model": "custom/aro_ace_headphones"
        },
        "threshold": 81
      },
      {
        "model": {
          "type": "minecraft:model",
          "model": "custom/tran_maquis_beret"
        },
        "threshold": 82
      },
      {
        "model": {
          "type": "minecraft:model",
          "model": "custom/trans_crown"
        },
        "threshold": 83
      },
      {
        "model": {
          "type": "minecraft:model",
          "model": "custom/tie_dye_bi_bowtie"
        },
        "threshold": 84
      },
      {
        "model": {
          "type": "minecraft:model",
          "model": "custom/la_bestia_cap_fitted_sticker"
        },
        "threshold": 85
      },
      {
        "model": {
          "type": "minecraft:model",
          "model": "custom/vr_headset"
        },
        "threshold": 86
      },
      {
        "model": {
          "type": "minecraft:model",
          "model": "custom/wolf_plushie"
        },
        "threshold": 87
      },
      {
        "model": {
          "type": "minecraft:model",
          "model": "custom/harvest_hat_green"
        },
        "threshold": 88
      },
      {
        "model": {
          "type": "minecraft:model",
          "model": "custom/harvest_hat_red"
        },
        "threshold": 89
      },
      {
        "model": {
          "type": "minecraft:model",
          "model": "custom/snatahat"
        },
        "threshold": 90
      }
    ]
  }
}