{
	"credit": "Made with Blockbench",
	"texture_size": [64, 64],
	"textures": {
		"0": "block/middle_finger"
	},
	"elements": [
		{
			"from": [0, 0, 0],
			"to": [16, 5, 16],
			"faces": {
				"north": {"uv": [4, 0, 8, 1.25], "texture": "#0"},
				"east": {"uv": [4, 1.25, 8, 2.5], "texture": "#0"},
				"south": {"uv": [4, 2.5, 8, 3.75], "texture": "#0"},
				"west": {"uv": [4, 3.75, 8, 5], "texture": "#0"},
				"up": {"uv": [4, 4, 0, 0], "texture": "#0"},
				"down": {"uv": [4, 4, 0, 8], "texture": "#0"}
			}
		},
		{
			"from": [12, 5, 0],
			"to": [16, 7, 16],
			"faces": {
				"north": {"uv": [10.75, 4, 11.75, 4.5], "texture": "#0"},
				"east": {"uv": [9.25, 8.5, 13.25, 9], "texture": "#0"},
				"south": {"uv": [10.75, 4.5, 11.75, 5], "texture": "#0"},
				"west": {"uv": [9.25, 9, 13.25, 9.5], "texture": "#0"},
				"up": {"uv": [7.5, 9, 6.5, 5], "texture": "#0"},
				"down": {"uv": [8.5, 5, 7.5, 9], "texture": "#0"}
			}
		},
		{
			"from": [9, 5, 0],
			"to": [12, 9, 16],
			"faces": {
				"north": {"uv": [3, 10, 3.75, 11], "texture": "#0"},
				"east": {"uv": [0, 8, 4, 9], "texture": "#0"},
				"south": {"uv": [10, 4, 10.75, 5], "texture": "#0"},
				"west": {"uv": [8, 0, 12, 1], "texture": "#0"},
				"up": {"uv": [4.75, 12.25, 4, 8.25], "texture": "#0"},
				"down": {"uv": [5.5, 8.25, 4.75, 12.25], "texture": "#0"}
			}
		},
		{
			"from": [6, 5, 0],
			"to": [9, 18, 5],
			"faces": {
				"north": {"uv": [6.25, 9, 7, 12.25], "texture": "#0"},
				"east": {"uv": [4, 5, 5.25, 8.25], "texture": "#0"},
				"south": {"uv": [7, 9, 7.75, 12.25], "texture": "#0"},
				"west": {"uv": [5.25, 5, 6.5, 8.25], "texture": "#0"},
				"up": {"uv": [10, 10.75, 9.25, 9.5], "texture": "#0"},
				"down": {"uv": [1.5, 10, 0.75, 11.25], "texture": "#0"}
			}
		},
		{
			"from": [3, 5, 0],
			"to": [6, 9, 16],
			"faces": {
				"north": {"uv": [10, 5, 10.75, 6], "texture": "#0"},
				"east": {"uv": [8, 1, 12, 2], "texture": "#0"},
				"south": {"uv": [10, 6, 10.75, 7], "texture": "#0"},
				"west": {"uv": [8, 2, 12, 3], "texture": "#0"},
				"up": {"uv": [6.25, 12.25, 5.5, 8.25], "texture": "#0"},
				"down": {"uv": [9.25, 3, 8.5, 7], "texture": "#0"}
			}
		},
		{
			"from": [6, 5, 5],
			"to": [9, 9, 16],
			"faces": {
				"north": {"uv": [1.5, 10, 2.25, 11], "texture": "#0"},
				"east": {"uv": [0.75, 9, 3.5, 10], "texture": "#0"},
				"south": {"uv": [2.25, 10, 3, 11], "texture": "#0"},
				"west": {"uv": [9.25, 3, 12, 4], "texture": "#0"},
				"up": {"uv": [8.5, 11.75, 7.75, 9], "texture": "#0"},
				"down": {"uv": [10, 4, 9.25, 6.75], "texture": "#0"}
			}
		},
		{
			"from": [0, 5, 0],
			"to": [3, 8, 16],
			"faces": {
				"north": {"uv": [10, 9.5, 10.75, 10.25], "texture": "#0"},
				"east": {"uv": [8.5, 7, 12.5, 7.75], "texture": "#0"},
				"south": {"uv": [10, 10.25, 10.75, 11], "texture": "#0"},
				"west": {"uv": [8.5, 7.75, 12.5, 8.5], "texture": "#0"},
				"up": {"uv": [9.25, 12.5, 8.5, 8.5], "texture": "#0"},
				"down": {"uv": [0.75, 9, 0, 13], "texture": "#0"}
			}
		}
	],
	"display": {
		"thirdperson_righthand": {
			"translation": [0, 0.5, 0.75],
			"scale": [0.3, 0.46, 0.31]
		},
		"thirdperson_lefthand": {
			"translation": [0, 0.75, 1.5],
			"scale": [0.3, 0.38, 0.3]
		},
		"ground": {
			"scale": [0.5, 0.5, 0.5]
		},
		"head": {
			"translation": [0, 9.5, 0],
			"scale": [0.87, 0.89, 0.93]
		},
		"fixed": {
			"rotation": [-90, 0, 0],
			"translation": [0, 0, -8.5]
		}
	}
}