{
	"credit": "Made with Blockbench",
	"parent": "netherite_sword",
	"texture_size": [32, 32],
	"textures": {
		"2": "item/darksaber"
	},
	"elements": [
		{
			"from": [7.25, 0.75, 7.5],
			"to": [8.75, 1.5, 8.5],
			"faces": {
				"north": {"uv": [10.5, 9.5, 11.25, 10], "texture": "#2"},
				"east": {"uv": [7, 6, 7.5, 6.5], "texture": "#2"},
				"south": {"uv": [10, 10.5, 10.75, 11], "texture": "#2"},
				"west": {"uv": [7, 6.5, 7.5, 7], "texture": "#2"},
				"up": {"uv": [0.75, 11.5, 0, 11], "texture": "#2"},
				"down": {"uv": [1.75, 11, 1, 11.5], "texture": "#2"}
			}
		},
		{
			"from": [6.75, 1.75, 6.75],
			"to": [9.25, 2.25, 9.25],
			"faces": {
				"north": {"uv": [11, 4.5, 12.25, 4.75], "texture": "#2"},
				"east": {"uv": [5, 11, 6.25, 11.25], "texture": "#2"},
				"south": {"uv": [10, 11, 11.25, 11.25], "texture": "#2"},
				"west": {"uv": [11, 10.5, 12.25, 10.75], "texture": "#2"},
				"up": {"uv": [5.75, 8.25, 4.5, 7], "texture": "#2"},
				"down": {"uv": [7.25, 7, 6, 8.25], "texture": "#2"}
			}
		},
		{
			"from": [6.75, 2.75, 6.75],
			"to": [9.25, 3.25, 9.25],
			"faces": {
				"north": {"uv": [0, 11.5, 1.25, 11.75], "texture": "#2"},
				"east": {"uv": [11.5, 0, 12.75, 0.25], "texture": "#2"},
				"south": {"uv": [11.5, 0.5, 12.75, 0.75], "texture": "#2"},
				"west": {"uv": [11.5, 1, 12.75, 1.25], "texture": "#2"},
				"up": {"uv": [8.75, 7.25, 7.5, 6], "texture": "#2"},
				"down": {"uv": [8.75, 7.5, 7.5, 8.75], "texture": "#2"}
			}
		},
		{
			"from": [6.75, 3.75, 6.75],
			"to": [9.25, 4.25, 9.25],
			"faces": {
				"north": {"uv": [11.5, 1.5, 12.75, 1.75], "texture": "#2"},
				"east": {"uv": [11.5, 3, 12.75, 3.25], "texture": "#2"},
				"south": {"uv": [11.5, 3.5, 12.75, 3.75], "texture": "#2"},
				"west": {"uv": [11.5, 4, 12.75, 4.25], "texture": "#2"},
				"up": {"uv": [1.25, 9.75, 0, 8.5], "texture": "#2"},
				"down": {"uv": [2.75, 8.5, 1.5, 9.75], "texture": "#2"}
			}
		},
		{
			"from": [6.75, 4.75, 6.75],
			"to": [9.25, 5.25, 9.25],
			"faces": {
				"north": {"uv": [5, 11.5, 6.25, 11.75], "texture": "#2"},
				"east": {"uv": [11.5, 5.5, 12.75, 5.75], "texture": "#2"},
				"south": {"uv": [11.5, 6, 12.75, 6.25], "texture": "#2"},
				"west": {"uv": [6.5, 11.5, 7.75, 11.75], "texture": "#2"},
				"up": {"uv": [9.75, 5.25, 8.5, 4], "texture": "#2"},
				"down": {"uv": [5.75, 8.5, 4.5, 9.75], "texture": "#2"}
			}
		},
		{
			"from": [6.75, 5.75, 6.75],
			"to": [9.25, 6.25, 9.25],
			"faces": {
				"north": {"uv": [11.5, 6.5, 12.75, 6.75], "texture": "#2"},
				"east": {"uv": [11.5, 7, 12.75, 7.25], "texture": "#2"},
				"south": {"uv": [11.5, 7.5, 12.75, 7.75], "texture": "#2"},
				"west": {"uv": [8, 11.5, 9.25, 11.75], "texture": "#2"},
				"up": {"uv": [7.25, 9.75, 6, 8.5], "texture": "#2"},
				"down": {"uv": [4.25, 9, 3, 10.25], "texture": "#2"}
			}
		},
		{
			"from": [6.75, 6.75, 6.75],
			"to": [9.25, 7.25, 9.25],
			"faces": {
				"north": {"uv": [11.5, 8, 12.75, 8.25], "texture": "#2"},
				"east": {"uv": [11.5, 9.5, 12.75, 9.75], "texture": "#2"},
				"south": {"uv": [10, 11.5, 11.25, 11.75], "texture": "#2"},
				"west": {"uv": [11.5, 11, 12.75, 11.25], "texture": "#2"},
				"up": {"uv": [10.25, 6.75, 9, 5.5], "texture": "#2"},
				"down": {"uv": [10.25, 7, 9, 8.25], "texture": "#2"}
			}
		},
		{
			"from": [0.75, 12.25, 6.25],
			"to": [6, 12.75, 9.75],
			"rotation": {"angle": -22.5, "axis": "z", "origin": [0, 0, 0]},
			"faces": {
				"north": {"uv": [10, 5, 12.75, 5.25], "texture": "#2"},
				"east": {"uv": [10.5, 8.5, 12.25, 8.75], "texture": "#2"},
				"south": {"uv": [9, 10, 11.75, 10.25], "texture": "#2"},
				"west": {"uv": [10.5, 9, 12.25, 9.25], "texture": "#2"},
				"up": {"uv": [9.75, 1.75, 7, 0], "texture": "#2"},
				"down": {"uv": [9.75, 2, 7, 3.75], "texture": "#2"}
			}
		},
		{
			"from": [6, 12.25, 6.5],
			"to": [6.25, 12.75, 9.5],
			"rotation": {"angle": -22.5, "axis": "z", "origin": [0, 0, 0]},
			"faces": {
				"north": {"uv": [6.5, 12.5, 6.75, 12.75], "texture": "#2"},
				"east": {"uv": [11, 2, 12.5, 2.25], "texture": "#2"},
				"south": {"uv": [7, 12.5, 7.25, 12.75], "texture": "#2"},
				"west": {"uv": [11, 2.5, 12.5, 2.75], "texture": "#2"},
				"up": {"uv": [2.25, 12.5, 2, 11], "texture": "#2"},
				"down": {"uv": [2.75, 11, 2.5, 12.5], "texture": "#2"}
			}
		},
		{
			"from": [5.5, 11, 6.5],
			"to": [6, 14.25, 9.5],
			"faces": {
				"north": {"uv": [4, 10.5, 4.25, 12.25], "texture": "#2"},
				"east": {"uv": [3, 7, 4.5, 8.75], "texture": "#2"},
				"south": {"uv": [9.5, 10.5, 9.75, 12.25], "texture": "#2"},
				"west": {"uv": [7, 4, 8.5, 5.75], "texture": "#2"},
				"up": {"uv": [11.25, 4.5, 11, 3], "texture": "#2"},
				"down": {"uv": [4.75, 11, 4.5, 12.5], "texture": "#2"}
			}
		},
		{
			"from": [5.5, 14.25, 6.75],
			"to": [6, 14.5, 9.25],
			"faces": {
				"north": {"uv": [7.5, 12.5, 7.75, 12.75], "texture": "#2"},
				"east": {"uv": [12, 11.5, 13.25, 11.75], "texture": "#2"},
				"south": {"uv": [8, 12.5, 8.25, 12.75], "texture": "#2"},
				"west": {"uv": [12, 12, 13.25, 12.25], "texture": "#2"},
				"up": {"uv": [8.75, 13.25, 8.5, 12], "texture": "#2"},
				"down": {"uv": [9.25, 12, 9, 13.25], "texture": "#2"}
			}
		},
		{
			"from": [12.5, 10.5, 7.25],
			"to": [14, 11.75, 8.75],
			"rotation": {"angle": 22.5, "axis": "z", "origin": [0, 0, 0]},
			"faces": {
				"north": {"uv": [3, 10.5, 3.75, 11.25], "texture": "#2"},
				"east": {"uv": [10.5, 5.5, 11.25, 6.25], "texture": "#2"},
				"south": {"uv": [10.5, 6.5, 11.25, 7.25], "texture": "#2"},
				"west": {"uv": [7.5, 10.5, 8.25, 11.25], "texture": "#2"},
				"up": {"uv": [11.25, 8.25, 10.5, 7.5], "texture": "#2"},
				"down": {"uv": [9.25, 10.5, 8.5, 11.25], "texture": "#2"}
			}
		},
		{
			"from": [6.5, 15.25, 8],
			"to": [9.5, 32, 8],
			"faces": {
				"north": {"uv": [0, 0, 1.5, 8.5], "texture": "#2"},
				"east": {"uv": [0, 0, 0, 8.5], "texture": "#2"},
				"south": {"uv": [1.5, 0, 3, 8.5], "texture": "#2"},
				"west": {"uv": [0, 0, 0, 8.5], "texture": "#2"},
				"up": {"uv": [1.5, 0, 0, 0], "texture": "#2"},
				"down": {"uv": [1.5, 0, 0, 0], "texture": "#2"}
			}
		},
		{
			"from": [6.75, 7.5, 6.75],
			"to": [8.5, 8, 9.25],
			"faces": {
				"north": {"uv": [12.5, 4.5, 13.5, 4.75], "texture": "#2"},
				"east": {"uv": [5.5, 12, 6.75, 12.25], "texture": "#2"},
				"south": {"uv": [5.5, 12.5, 6.5, 12.75], "texture": "#2"},
				"west": {"uv": [7, 12, 8.25, 12.25], "texture": "#2"},
				"up": {"uv": [11, 3.25, 10, 2], "texture": "#2"},
				"down": {"uv": [11, 3.5, 10, 4.75], "texture": "#2"}
			}
		},
		{
			"from": [6.75, 8.25, 6.75],
			"to": [7.75, 8.75, 9.25],
			"faces": {
				"north": {"uv": [8.5, 5.5, 9, 5.75], "texture": "#2"},
				"east": {"uv": [10, 12, 11.25, 12.25], "texture": "#2"},
				"south": {"uv": [4.5, 12.5, 5, 12.75], "texture": "#2"},
				"west": {"uv": [12, 10, 13.25, 10.25], "texture": "#2"},
				"up": {"uv": [7, 11.25, 6.5, 10], "texture": "#2"},
				"down": {"uv": [7.5, 10, 7, 11.25], "texture": "#2"}
			}
		},
		{
			"from": [8.75, 7.25, 6.75],
			"to": [9.25, 9.75, 9.25],
			"faces": {
				"north": {"uv": [1.5, 11.5, 1.75, 12.75], "texture": "#2"},
				"east": {"uv": [7.5, 9, 8.75, 10.25], "texture": "#2"},
				"south": {"uv": [3, 11.5, 3.25, 12.75], "texture": "#2"},
				"west": {"uv": [9, 8.5, 10.25, 9.75], "texture": "#2"},
				"up": {"uv": [3.75, 12.75, 3.5, 11.5], "texture": "#2"},
				"down": {"uv": [11.75, 11.5, 11.5, 12.75], "texture": "#2"}
			}
		},
		{
			"from": [8, 8, 6.75],
			"to": [8.5, 10, 9.25],
			"faces": {
				"north": {"uv": [2, 12.5, 2.25, 13.5], "texture": "#2"},
				"east": {"uv": [0, 10, 1.25, 11], "texture": "#2"},
				"south": {"uv": [12.5, 2, 12.75, 3], "texture": "#2"},
				"west": {"uv": [10, 0, 11.25, 1], "texture": "#2"},
				"up": {"uv": [0.25, 13.25, 0, 12], "texture": "#2"},
				"down": {"uv": [0.75, 12, 0.5, 13.25], "texture": "#2"}
			}
		},
		{
			"from": [7.25, 8.5, 6.75],
			"to": [7.75, 10.5, 9.25],
			"faces": {
				"north": {"uv": [2.5, 12.5, 2.75, 13.5], "texture": "#2"},
				"east": {"uv": [10, 1, 11.25, 2], "texture": "#2"},
				"south": {"uv": [4, 12.5, 4.25, 13.5], "texture": "#2"},
				"west": {"uv": [1.5, 10, 2.75, 11], "texture": "#2"},
				"up": {"uv": [1.25, 13.25, 1, 12], "texture": "#2"},
				"down": {"uv": [5.25, 12, 5, 13.25], "texture": "#2"}
			}
		},
		{
			"from": [7, 1.5, 7],
			"to": [9, 15.25, 9],
			"faces": {
				"north": {"uv": [3, 0, 4, 7], "texture": "#2"},
				"east": {"uv": [4, 0, 5, 7], "texture": "#2"},
				"south": {"uv": [5, 0, 6, 7], "texture": "#2"},
				"west": {"uv": [6, 0, 7, 7], "texture": "#2"},
				"up": {"uv": [5.5, 11, 4.5, 10], "texture": "#2"},
				"down": {"uv": [6.5, 10, 5.5, 11], "texture": "#2"}
			}
		}
	],
	"display": {
		"thirdperson_righthand": {
			"rotation": [0, 90, 0],
			"translation": [0, 0.5, 1],
			"scale": [1.1, 1.1, 1.1]
		},
		"thirdperson_lefthand": {
			"rotation": [0, -90, 0],
			"scale": [1.1, 1.1, 1.1]
		},
		"firstperson_righthand": {
			"rotation": [0, 90, 0],
			"scale": [0.8, 0.8, 0.8]
		},
		"firstperson_lefthand": {
			"rotation": [0, -90, 0],
			"scale": [0.8, 0.8, 0.8]
		},
		"ground": {
			"translation": [0, 4.25, 0],
			"scale": [0.8, 0.8, 0.8]
		},
		"gui": {
			"rotation": [24, 40, -59],
			"translation": [-3, -4, 0],
			"scale": [0.6, 0.6, 0.6]
		},
		"fixed": {
			"translation": [0, -5.25, 0],
			"scale": [0.6, 0.6, 0.6]
		}
	}
}