{
	"credit": "Made with Blockbench",
	"parent": "iron_sword",
	"texture_size": [64, 64],
	"textures": {
		"0": "item/lucillie"
	},
	"elements": [
		{
			"from": [6, 0, 6],
			"to": [10, 1, 10],
			"faces": {
				"north": {"uv": [8.75, 4.25, 9.75, 4.5], "texture": "#0"},
				"east": {"uv": [8.75, 4.5, 9.75, 4.75], "texture": "#0"},
				"south": {"uv": [8.75, 4.75, 9.75, 5], "texture": "#0"},
				"west": {"uv": [5, 8.75, 6, 9], "texture": "#0"},
				"up": {"uv": [7.75, 4.75, 6.75, 3.75], "texture": "#0"},
				"down": {"uv": [7.75, 4.75, 6.75, 5.75], "texture": "#0"}
			}
		},
		{
			"from": [6, 13.75, 6],
			"to": [10, 29, 10],
			"faces": {
				"north": {"uv": [0, 0, 1, 3.75], "texture": "#0"},
				"east": {"uv": [1, 0, 2, 3.75], "texture": "#0"},
				"south": {"uv": [2, 0, 3, 3.75], "texture": "#0"},
				"west": {"uv": [3, 0, 4, 3.75], "texture": "#0"},
				"up": {"uv": [5.5, 8.5, 4.5, 7.5], "texture": "#0"},
				"down": {"uv": [6.5, 7.5, 5.5, 8.5], "texture": "#0"}
			}
		},
		{
			"from": [6.25, 1, 6.25],
			"to": [9.75, 1.75, 9.75],
			"faces": {
				"north": {"uv": [8.75, 5, 9.75, 5.25], "texture": "#0"},
				"east": {"uv": [8.75, 5.25, 9.75, 5.5], "texture": "#0"},
				"south": {"uv": [8.75, 5.5, 9.75, 5.75], "texture": "#0"},
				"west": {"uv": [8.75, 5.75, 9.75, 6], "texture": "#0"},
				"up": {"uv": [7.75, 6.75, 6.75, 5.75], "texture": "#0"},
				"down": {"uv": [7.75, 6.75, 6.75, 7.75], "texture": "#0"}
			}
		},
		{
			"from": [6.25, 11, 6.25],
			"to": [9.75, 13.75, 9.75],
			"faces": {
				"north": {"uv": [1, 7.75, 2, 8.5], "texture": "#0"},
				"east": {"uv": [7.75, 1, 8.75, 1.75], "texture": "#0"},
				"south": {"uv": [7.75, 1.75, 8.75, 2.5], "texture": "#0"},
				"west": {"uv": [7.75, 2.5, 8.75, 3.25], "texture": "#0"},
				"up": {"uv": [3.5, 8.5, 2.5, 7.5], "texture": "#0"},
				"down": {"uv": [4.5, 7.5, 3.5, 8.5], "texture": "#0"}
			}
		},
		{
			"from": [-1.25, 17, 5.25],
			"to": [4, 17.75, 10.25],
			"rotation": {"angle": -22.5, "axis": "z", "origin": [0, 0, 0]},
			"faces": {
				"north": {"uv": [3.5, 8.5, 4.75, 8.75], "texture": "#0"},
				"east": {"uv": [4.75, 8.5, 6, 8.75], "texture": "#0"},
				"south": {"uv": [6, 8.5, 7.25, 8.75], "texture": "#0"},
				"west": {"uv": [8.5, 6.25, 9.75, 6.5], "texture": "#0"},
				"up": {"uv": [5.5, 5, 4.25, 3.75], "texture": "#0"},
				"down": {"uv": [4.25, 5, 3, 6.25], "texture": "#0"}
			}
		},
		{
			"from": [10.75, 13.5, 5.75],
			"to": [15.75, 14.25, 10.5],
			"rotation": {"angle": 22.5, "axis": "z", "origin": [0, 3, 0]},
			"faces": {
				"north": {"uv": [7.75, 7, 9, 7.25], "texture": "#0"},
				"east": {"uv": [7.25, 7.75, 8.5, 8], "texture": "#0"},
				"south": {"uv": [7.75, 7.25, 9, 7.5], "texture": "#0"},
				"west": {"uv": [7.75, 7.5, 9, 7.75], "texture": "#0"},
				"up": {"uv": [4.25, 5, 3, 3.75], "texture": "#0"},
				"down": {"uv": [5.25, 0, 4, 1.25], "texture": "#0"}
			}
		},
		{
			"from": [-1.25, 20, 5.5],
			"to": [4, 20.75, 10.25],
			"rotation": {"angle": -22.5, "axis": "z", "origin": [0, 3, 0]},
			"faces": {
				"north": {"uv": [7.25, 8, 8.5, 8.25], "texture": "#0"},
				"east": {"uv": [7.25, 8.25, 8.5, 8.5], "texture": "#0"},
				"south": {"uv": [1, 8.5, 2.25, 8.75], "texture": "#0"},
				"west": {"uv": [2.25, 8.5, 3.5, 8.75], "texture": "#0"},
				"up": {"uv": [5.25, 2.5, 4, 1.25], "texture": "#0"},
				"down": {"uv": [5.25, 2.5, 4, 3.75], "texture": "#0"}
			}
		},
		{
			"from": [10.75, 16.5, 5.5],
			"to": [15.75, 17.25, 10.5],
			"rotation": {"angle": 22.5, "axis": "z", "origin": [0, 6, 0]},
			"faces": {
				"north": {"uv": [8.75, 0, 10, 0.25], "texture": "#0"},
				"east": {"uv": [8.75, 0.25, 10, 0.5], "texture": "#0"},
				"south": {"uv": [8.75, 0.5, 10, 0.75], "texture": "#0"},
				"west": {"uv": [8.75, 0.75, 10, 1], "texture": "#0"},
				"up": {"uv": [6.75, 5, 5.5, 3.75], "texture": "#0"},
				"down": {"uv": [6.75, 5, 5.5, 6.25], "texture": "#0"}
			}
		},
		{
			"from": [-1.25, 23, 5.75],
			"to": [3.75, 23.75, 10.25],
			"rotation": {"angle": -22.5, "axis": "z", "origin": [0, 6, 0]},
			"faces": {
				"north": {"uv": [8.5, 8, 9.75, 8.25], "texture": "#0"},
				"east": {"uv": [8.5, 8.25, 9.75, 8.5], "texture": "#0"},
				"south": {"uv": [8.5, 8.5, 9.75, 8.75], "texture": "#0"},
				"west": {"uv": [0, 8.75, 1.25, 9], "texture": "#0"},
				"up": {"uv": [6.5, 2.5, 5.25, 1.25], "texture": "#0"},
				"down": {"uv": [6.5, 2.5, 5.25, 3.75], "texture": "#0"}
			}
		},
		{
			"from": [10.75, 19.5, 5.5],
			"to": [15.75, 20.25, 10.5],
			"rotation": {"angle": 22.5, "axis": "z", "origin": [0, 9, 0]},
			"faces": {
				"north": {"uv": [8.75, 1.75, 10, 2], "texture": "#0"},
				"east": {"uv": [8.75, 2, 10, 2.25], "texture": "#0"},
				"south": {"uv": [8.75, 2.25, 10, 2.5], "texture": "#0"},
				"west": {"uv": [2.5, 8.75, 3.75, 9], "texture": "#0"},
				"up": {"uv": [6.75, 7.5, 5.5, 6.25], "texture": "#0"},
				"down": {"uv": [1.25, 6.5, 0, 7.75], "texture": "#0"}
			}
		},
		{
			"from": [-1.25, 26, 5.25],
			"to": [3.75, 26.75, 10.25],
			"rotation": {"angle": -22.5, "axis": "z", "origin": [0, 9, 0]},
			"faces": {
				"north": {"uv": [8.75, 1, 10, 1.25], "texture": "#0"},
				"east": {"uv": [1.25, 8.75, 2.5, 9], "texture": "#0"},
				"south": {"uv": [8.75, 1.25, 10, 1.5], "texture": "#0"},
				"west": {"uv": [8.75, 1.5, 10, 1.75], "texture": "#0"},
				"up": {"uv": [4.25, 7.5, 3, 6.25], "texture": "#0"},
				"down": {"uv": [5.5, 6.25, 4.25, 7.5], "texture": "#0"}
			}
		},
		{
			"from": [10.75, 22.5, 5.5],
			"to": [15.75, 23.25, 10.25],
			"rotation": {"angle": 22.5, "axis": "z", "origin": [0, 12, 0]},
			"faces": {
				"north": {"uv": [8.75, 3.5, 10, 3.75], "texture": "#0"},
				"east": {"uv": [3.75, 8.75, 5, 9], "texture": "#0"},
				"south": {"uv": [8.75, 3.75, 10, 4], "texture": "#0"},
				"west": {"uv": [8.75, 4, 10, 4.25], "texture": "#0"},
				"up": {"uv": [7.75, 2.5, 6.5, 1.25], "texture": "#0"},
				"down": {"uv": [7.75, 2.5, 6.5, 3.75], "texture": "#0"}
			}
		},
		{
			"from": [-1, 29, 5.75],
			"to": [4, 29.75, 10.25],
			"rotation": {"angle": -22.5, "axis": "z", "origin": [0, 12, 0]},
			"faces": {
				"north": {"uv": [8.75, 2.5, 10, 2.75], "texture": "#0"},
				"east": {"uv": [8.75, 2.75, 10, 3], "texture": "#0"},
				"south": {"uv": [8.75, 3, 10, 3.25], "texture": "#0"},
				"west": {"uv": [8.75, 3.25, 10, 3.5], "texture": "#0"},
				"up": {"uv": [7.75, 1.25, 6.5, 0], "texture": "#0"},
				"down": {"uv": [2.5, 6.5, 1.25, 7.75], "texture": "#0"}
			}
		},
		{
			"from": [10.75, 10.5, 5.5],
			"to": [15.75, 11.25, 10.5],
			"rotation": {"angle": 22.5, "axis": "z", "origin": [0, 0, 0]},
			"faces": {
				"north": {"uv": [8.5, 6.5, 9.75, 6.75], "texture": "#0"},
				"east": {"uv": [8.5, 6.75, 9.75, 7], "texture": "#0"},
				"south": {"uv": [7.25, 8.5, 8.5, 8.75], "texture": "#0"},
				"west": {"uv": [8.5, 7.75, 9.75, 8], "texture": "#0"},
				"up": {"uv": [5.5, 6.25, 4.25, 5], "texture": "#0"},
				"down": {"uv": [6.5, 0, 5.25, 1.25], "texture": "#0"}
			}
		},
		{
			"from": [6.25, 26.75, 6.25],
			"to": [9.75, 29.5, 9.75],
			"faces": {
				"north": {"uv": [7.75, 3.25, 8.75, 4], "texture": "#0"},
				"east": {"uv": [7.75, 4, 8.75, 4.75], "texture": "#0"},
				"south": {"uv": [7.75, 4.75, 8.75, 5.5], "texture": "#0"},
				"west": {"uv": [7.75, 5.5, 8.75, 6.25], "texture": "#0"},
				"up": {"uv": [1, 8.75, 0, 7.75], "texture": "#0"},
				"down": {"uv": [8.75, 0, 7.75, 1], "texture": "#0"}
			}
		},
		{
			"from": [6.5, 1.75, 6.5],
			"to": [9.5, 13, 9.5],
			"faces": {
				"north": {"uv": [0, 3.75, 0.75, 6.5], "texture": "#0"},
				"east": {"uv": [0.75, 3.75, 1.5, 6.5], "texture": "#0"},
				"south": {"uv": [1.5, 3.75, 2.25, 6.5], "texture": "#0"},
				"west": {"uv": [2.25, 3.75, 3, 6.5], "texture": "#0"},
				"up": {"uv": [8.5, 7, 7.75, 6.25], "texture": "#0"},
				"down": {"uv": [7.25, 7.75, 6.5, 8.5], "texture": "#0"}
			}
		}
	],
	"display": {
		"thirdperson_righthand": {
			"rotation": [-1, 38, 0],
			"translation": [0, -0.5, 1.75],
			"scale": [0.6, 0.6, 0.6]
		},
		"thirdperson_lefthand": {
			"rotation": [-1, 38, 0],
			"translation": [0, -0.5, 1.75],
			"scale": [0.6, 0.6, 0.6]
		},
		"firstperson_righthand": {
			"rotation": [7, 13, 0],
			"translation": [0, 0.25, 0],
			"scale": [0.5, 0.5, 0.5]
		},
		"firstperson_lefthand": {
			"rotation": [8, 19, 0],
			"scale": [0.5, 0.5, 0.5]
		},
		"ground": {
			"translation": [0, 3, 0],
			"scale": [0.5, 0.5, 0.5]
		},
		"gui": {
			"rotation": [15, 19, -38],
			"translation": [-1.5, -2.75, 0],
			"scale": [0.5, 0.5, 0.5]
		},
		"fixed": {
			"translation": [0, -3.75, 0],
			"scale": [0.6, 0.6, 0.6]
		}
	}
}