{
	"credit": "Made with Blockbench",
	"parent": "carved_pumpkin",
	"texture_size": [32, 32],
	"textures": {
		"0": "block/cavalry_hat"
	},
	"elements": [
		{
			"from": [4, 0.5, 4],
			"to": [12, 1, 11.75],
			"faces": {
				"north": {"uv": [7, 4, 11, 4.5], "texture": "#0"},
				"east": {"uv": [7, 4.5, 11, 5], "texture": "#0"},
				"south": {"uv": [7, 5, 11, 5.5], "texture": "#0"},
				"west": {"uv": [7, 5.5, 11, 6], "texture": "#0"},
				"up": {"uv": [4, 4, 0, 0], "texture": "#0"},
				"down": {"uv": [4, 4, 0, 8], "texture": "#0"}
			}
		},
		{
			"from": [5, 0.75, 5],
			"to": [11, 3, 11],
			"faces": {
				"north": {"uv": [7, 0, 10, 1], "texture": "#0"},
				"east": {"uv": [7, 1, 10, 2], "texture": "#0"},
				"south": {"uv": [7, 2, 10, 3], "texture": "#0"},
				"west": {"uv": [7, 3, 10, 4], "texture": "#0"},
				"up": {"uv": [7, 3, 4, 0], "texture": "#0"},
				"down": {"uv": [7, 3, 4, 6], "texture": "#0"}
			}
		},
		{
			"from": [11.75, 1, 4],
			"to": [12.5, 1.5, 11.75],
			"rotation": {"angle": 0, "axis": "y", "origin": [16, 0, 0]},
			"faces": {
				"north": {"uv": [9, 10.5, 9.5, 11], "texture": "#0"},
				"east": {"uv": [4, 9, 8, 9.5], "texture": "#0"},
				"south": {"uv": [6, 11, 6.5, 11.5], "texture": "#0"},
				"west": {"uv": [9, 6, 13, 6.5], "texture": "#0"},
				"up": {"uv": [9.5, 10.5, 9, 6.5], "texture": "#0"},
				"down": {"uv": [8.5, 9, 8, 13], "texture": "#0"}
			}
		},
		{
			"from": [5.5, 3, 5.25],
			"to": [10.5, 4, 10.75],
			"faces": {
				"north": {"uv": [10, 8, 12.5, 8.5], "texture": "#0"},
				"east": {"uv": [10, 2, 13, 2.5], "texture": "#0"},
				"south": {"uv": [10, 8.5, 12.5, 9], "texture": "#0"},
				"west": {"uv": [10, 2.5, 13, 3], "texture": "#0"},
				"up": {"uv": [6.5, 9, 4, 6], "texture": "#0"},
				"down": {"uv": [9, 6, 6.5, 9], "texture": "#0"}
			}
		},
		{
			"from": [6, 4, 5.25],
			"to": [7.5, 4.75, 10.75],
			"faces": {
				"north": {"uv": [6, 10, 7, 10.5], "texture": "#0"},
				"east": {"uv": [10, 3, 13, 3.5], "texture": "#0"},
				"south": {"uv": [7, 10, 8, 10.5], "texture": "#0"},
				"west": {"uv": [10, 3.5, 13, 4], "texture": "#0"},
				"up": {"uv": [1, 11, 0, 8], "texture": "#0"},
				"down": {"uv": [2, 8, 1, 11], "texture": "#0"}
			}
		},
		{
			"from": [12.5, 1.5, 4],
			"to": [13.25, 2, 11.75],
			"rotation": {"angle": 0, "axis": "y", "origin": [16, 0, 0]},
			"faces": {
				"north": {"uv": [6.5, 11, 7, 11.5], "texture": "#0"},
				"east": {"uv": [4, 9.5, 8, 10], "texture": "#0"},
				"south": {"uv": [7, 11, 7.5, 11.5], "texture": "#0"},
				"west": {"uv": [9.5, 6.5, 13.5, 7], "texture": "#0"},
				"up": {"uv": [9, 13, 8.5, 9], "texture": "#0"},
				"down": {"uv": [10, 7, 9.5, 11], "texture": "#0"}
			}
		},
		{
			"from": [2.75, 1.5, 4],
			"to": [3.5, 2, 11.75],
			"faces": {
				"north": {"uv": [7.5, 11, 8, 11.5], "texture": "#0"},
				"east": {"uv": [10, 0, 14, 0.5], "texture": "#0"},
				"south": {"uv": [9, 11, 9.5, 11.5], "texture": "#0"},
				"west": {"uv": [10, 0.5, 14, 1], "texture": "#0"},
				"up": {"uv": [4.5, 14, 4, 10], "texture": "#0"},
				"down": {"uv": [5, 10, 4.5, 14], "texture": "#0"}
			}
		},
		{
			"from": [3.5, 1, 4],
			"to": [4.25, 1.5, 11.75],
			"faces": {
				"north": {"uv": [11, 9, 11.5, 9.5], "texture": "#0"},
				"east": {"uv": [10, 1, 14, 1.5], "texture": "#0"},
				"south": {"uv": [9.5, 11, 10, 11.5], "texture": "#0"},
				"west": {"uv": [10, 1.5, 14, 2], "texture": "#0"},
				"up": {"uv": [5.5, 14, 5, 10], "texture": "#0"},
				"down": {"uv": [6, 10, 5.5, 14], "texture": "#0"}
			}
		},
		{
			"from": [7, 4.75, 4.25],
			"to": [8.5, 5.5, 4.75],
			"rotation": {"angle": -22.5, "axis": "z", "origin": [0, 0, 0]},
			"faces": {
				"north": {"uv": [10, 9, 11, 9.5], "texture": "#0"},
				"east": {"uv": [11, 9.5, 11.5, 10], "texture": "#0"},
				"south": {"uv": [10, 9.5, 11, 10], "texture": "#0"},
				"west": {"uv": [10, 11, 10.5, 11.5], "texture": "#0"},
				"up": {"uv": [11, 10.5, 10, 10], "texture": "#0"},
				"down": {"uv": [7, 10.5, 6, 11], "texture": "#0"}
			}
		},
		{
			"from": [8.5, 4, 5.25],
			"to": [10, 4.75, 10.75],
			"rotation": {"angle": 0, "axis": "y", "origin": [16, 0, 0]},
			"faces": {
				"north": {"uv": [7, 10.5, 8, 11], "texture": "#0"},
				"east": {"uv": [10, 7, 13, 7.5], "texture": "#0"},
				"south": {"uv": [10, 10.5, 11, 11], "texture": "#0"},
				"west": {"uv": [10, 7.5, 13, 8], "texture": "#0"},
				"up": {"uv": [3, 11, 2, 8], "texture": "#0"},
				"down": {"uv": [4, 8, 3, 11], "texture": "#0"}
			}
		},
		{
			"from": [7.25, 1.75, 4],
			"to": [8.75, 2.5, 4.75],
			"faces": {
				"north": {"uv": [0, 11, 1, 11.5], "texture": "#0"},
				"east": {"uv": [11, 10, 11.5, 10.5], "texture": "#0"},
				"south": {"uv": [1, 11, 2, 11.5], "texture": "#0"},
				"west": {"uv": [10.5, 11, 11, 11.5], "texture": "#0"},
				"up": {"uv": [3, 11.5, 2, 11], "texture": "#0"},
				"down": {"uv": [4, 11, 3, 11.5], "texture": "#0"}
			}
		},
		{
			"from": [7.5, 4.75, 4.25],
			"to": [9, 5.5, 4.75],
			"rotation": {"angle": 22.5, "axis": "z", "origin": [16, 0, 0]},
			"faces": {
				"north": {"uv": [11, 4, 12, 4.5], "texture": "#0"},
				"east": {"uv": [11, 10.5, 11.5, 11], "texture": "#0"},
				"south": {"uv": [11, 4.5, 12, 5], "texture": "#0"},
				"west": {"uv": [11, 11, 11.5, 11.5], "texture": "#0"},
				"up": {"uv": [12, 5.5, 11, 5], "texture": "#0"},
				"down": {"uv": [12, 5.5, 11, 6], "texture": "#0"}
			}
		}
	],
	"display": {
		"thirdperson_righthand": {
			"translation": [0, 7.25, 2.5]
		},
		"thirdperson_lefthand": {
			"translation": [0, 6.75, 2.5]
		},
		"firstperson_righthand": {
			"translation": [0, 8.25, 0]
		},
		"firstperson_lefthand": {
			"translation": [0, 6.75, 0]
		},
		"ground": {
			"translation": [0, 3.5, 0]
		},
		"gui": {
			"rotation": [23, 144, 0],
			"translation": [0, 5.5, 0],
			"scale": [1.25, 1.25, 1.25]
		},
		"head": {
			"translation": [0, 17.75, 0],
			"scale": [2.2, 2.2, 2.2]
		},
		"fixed": {
			"translation": [0, 3.75, 0]
		}
	}
}