{
	"credit": "Made with Blockbench",
	"texture_size": [128, 128],
	"textures": {
		"0": "block/doug"

	},
	"elements": [
		{
			"from": [3, 0, 0],
			"to": [15, 1, 16],
			"faces": {
				"north": {"uv": [6, 2.625, 7.5, 2.75], "texture": "#0"},
				"east": {"uv": [5.875, 4.875, 7.875, 5], "texture": "#0"},
				"south": {"uv": [6, 2.75, 7.5, 2.875], "texture": "#0"},
				"west": {"uv": [5.875, 5, 7.875, 5.125], "texture": "#0"},
				"up": {"uv": [2.875, 5.625, 1.375, 3.625], "texture": "#0"},
				"down": {"uv": [4.375, 3.625, 2.875, 5.625], "texture": "#0"}
			}
		},
		{
			"from": [14, 1, 0],
			"to": [16, 2, 16],
			"faces": {
				"north": {"uv": [6.25, 1.75, 6.5, 1.875], "texture": "#0"},
				"east": {"uv": [5.875, 5.375, 7.875, 5.5], "texture": "#0"},
				"south": {"uv": [6.25, 1.875, 6.5, 2], "texture": "#0"},
				"west": {"uv": [5.875, 5.5, 7.875, 5.625], "texture": "#0"},
				"up": {"uv": [1.875, 8, 1.625, 6], "texture": "#0"},
				"down": {"uv": [2.125, 6, 1.875, 8], "texture": "#0"}
			}
		},
		{
			"from": [15, 2, 0],
			"to": [17, 3, 16],
			"faces": {
				"north": {"uv": [6.25, 6.125, 6.5, 6.25], "texture": "#0"},
				"east": {"uv": [6, 2.125, 8, 2.25], "texture": "#0"},
				"south": {"uv": [6.25, 6.25, 6.5, 6.375], "texture": "#0"},
				"west": {"uv": [6, 2.25, 8, 2.375], "texture": "#0"},
				"up": {"uv": [2.875, 8, 2.625, 6], "texture": "#0"},
				"down": {"uv": [3.125, 6.125, 2.875, 8.125], "texture": "#0"}
			}
		},
		{
			"from": [-1, 2, 0],
			"to": [1, 3, 16],
			"rotation": {"angle": 0, "axis": "y", "origin": [16, 0, 0]},
			"faces": {
				"north": {"uv": [6.125, 5.875, 6.375, 6], "texture": "#0"},
				"east": {"uv": [5.875, 5.125, 7.875, 5.25], "texture": "#0"},
				"south": {"uv": [6.125, 6, 6.375, 6.125], "texture": "#0"},
				"west": {"uv": [5.875, 5.25, 7.875, 5.375], "texture": "#0"},
				"up": {"uv": [6.25, 2, 6, 0], "texture": "#0"},
				"down": {"uv": [1.625, 6, 1.375, 8], "texture": "#0"}
			}
		},
		{
			"from": [2, 29, 2],
			"to": [4, 32, 13],
			"rotation": {"angle": 0, "axis": "y", "origin": [16, 0, 0]},
			"faces": {
				"north": {"uv": [6.25, 1.375, 6.5, 1.75], "texture": "#0"},
				"east": {"uv": [5.875, 3.375, 7.25, 3.75], "texture": "#0"},
				"south": {"uv": [5, 6.25, 5.25, 6.625], "texture": "#0"},
				"west": {"uv": [5.875, 3.75, 7.25, 4.125], "texture": "#0"},
				"up": {"uv": [3.875, 7.5, 3.625, 6.125], "texture": "#0"},
				"down": {"uv": [4.125, 6.125, 3.875, 7.5], "texture": "#0"}
			}
		},
		{
			"from": [4, 29, 2],
			"to": [5, 30, 13],
			"rotation": {"angle": 0, "axis": "y", "origin": [16, 0, 0]},
			"faces": {
				"north": {"uv": [6.375, 0.375, 6.5, 0.5], "texture": "#0"},
				"east": {"uv": [4.875, 6.125, 6.25, 6.25], "texture": "#0"},
				"south": {"uv": [6.375, 0.5, 6.5, 0.625], "texture": "#0"},
				"west": {"uv": [6.125, 5.75, 7.5, 5.875], "texture": "#0"},
				"up": {"uv": [6.375, 1.375, 6.25, 0], "texture": "#0"},
				"down": {"uv": [5, 6.25, 4.875, 7.625], "texture": "#0"}
			}
		},
		{
			"from": [1, 0, 0],
			"to": [3, 1, 16],
			"rotation": {"angle": 0, "axis": "y", "origin": [16, 0, 0]},
			"faces": {
				"north": {"uv": [5.75, 6.25, 6, 6.375], "texture": "#0"},
				"east": {"uv": [5.875, 5.625, 7.875, 5.75], "texture": "#0"},
				"south": {"uv": [6, 6.25, 6.25, 6.375], "texture": "#0"},
				"west": {"uv": [6, 2, 8, 2.125], "texture": "#0"},
				"up": {"uv": [2.375, 8, 2.125, 6], "texture": "#0"},
				"down": {"uv": [2.625, 6, 2.375, 8], "texture": "#0"}
			}
		},
		{
			"from": [0, 1, 0],
			"to": [2, 2, 16],
			"rotation": {"angle": 0, "axis": "y", "origin": [16, 0, 0]},
			"faces": {
				"north": {"uv": [6.375, 0, 6.625, 0.125], "texture": "#0"},
				"east": {"uv": [6, 2.375, 8, 2.5], "texture": "#0"},
				"south": {"uv": [6.375, 0.125, 6.625, 0.25], "texture": "#0"},
				"west": {"uv": [6, 2.5, 8, 2.625], "texture": "#0"},
				"up": {"uv": [3.375, 8.125, 3.125, 6.125], "texture": "#0"},
				"down": {"uv": [3.625, 6.125, 3.375, 8.125], "texture": "#0"}
			}
		},
		{
			"from": [2, 0, 2],
			"to": [14, 29, 13],
			"rotation": {"angle": 0, "axis": "y", "origin": [16, 0, 0]},
			"faces": {
				"north": {"uv": [0, 0, 1.5, 3.625], "texture": "#0"},
				"east": {"uv": [3, 0, 4.375, 3.625], "texture": "#0"},
				"south": {"uv": [1.5, 0, 3, 3.625], "texture": "#0"},
				"west": {"uv": [0, 3.625, 1.375, 7.25], "texture": "#0"},
				"up": {"uv": [5.875, 4.375, 4.375, 3], "texture": "#0"},
				"down": {"uv": [5.875, 4.375, 4.375, 5.75], "texture": "#0"}
			}
		},
		{
			"from": [11, 29, 2],
			"to": [12, 30, 13],
			"faces": {
				"north": {"uv": [2.875, 6, 3, 6.125], "texture": "#0"},
				"east": {"uv": [3, 5.625, 4.375, 5.75], "texture": "#0"},
				"south": {"uv": [6.375, 0.25, 6.5, 0.375], "texture": "#0"},
				"west": {"uv": [6, 2.875, 7.375, 3], "texture": "#0"},
				"up": {"uv": [4.75, 7.5, 4.625, 6.125], "texture": "#0"},
				"down": {"uv": [4.875, 6.125, 4.75, 7.5], "texture": "#0"}
			}
		},
		{
			"from": [12, 29, 2],
			"to": [14, 32, 13],
			"faces": {
				"north": {"uv": [5.25, 6.25, 5.5, 6.625], "texture": "#0"},
				"east": {"uv": [5.875, 4.125, 7.25, 4.5], "texture": "#0"},
				"south": {"uv": [5.5, 6.25, 5.75, 6.625], "texture": "#0"},
				"west": {"uv": [5.875, 4.5, 7.25, 4.875], "texture": "#0"},
				"up": {"uv": [4.375, 7.5, 4.125, 6.125], "texture": "#0"},
				"down": {"uv": [4.625, 6.125, 4.375, 7.5], "texture": "#0"}
			}
		},
		{
			"from": [1.75, 1, 1.75],
			"to": [14.25, 4, 13.25],
			"faces": {
				"north": {"uv": [1.375, 5.625, 3, 6], "texture": "#0"},
				"east": {"uv": [4.625, 5.75, 6.125, 6.125], "texture": "#0"},
				"south": {"uv": [3, 5.75, 4.625, 6.125], "texture": "#0"},
				"west": {"uv": [5.875, 3, 7.375, 3.375], "texture": "#0"},
				"up": {"uv": [6, 1.5, 4.375, 0], "texture": "#0"},
				"down": {"uv": [6, 1.5, 4.375, 3], "texture": "#0"}
			}
		}
	],
	"display": {
		"thirdperson_righthand": {
			"translation": [-0.25, 9.5, 0],
			"scale": [0.5, 1.22, 0.5]
		},
		"thirdperson_lefthand": {
			"translation": [0, 8.5, 0],
			"scale": [0.5, 1.22, 0.5]
		},
		"firstperson_righthand": {
			"scale": [0.5, 0.5, 0.5]
		},
		"firstperson_lefthand": {
			"scale": [0.5, 0.5, 0.5]
		},
		"head": {
			"translation": [0, 28, 1.5],
			"scale": [1.2, 2.93, 1.2]
		},
		"fixed": {
			"rotation": [-90, -4, -1],
			"translation": [0, 0, -8]
		}
	}
}