{
	"credit": "Made with Blockbench",
	"parent": "carved_pumpkin",
	"texture_size": [128, 128],
	"textures": {
		"0": "block/raven_hat",
		"particle": "block/raven_hat"
	},
	"elements": [
		{
			"from": [-2, 10, 0],
			"to": [18, 18, 18],
			"faces": {
				"north": {"uv": [2.5, 0, 5, 1], "texture": "#0"},
				"east": {"uv": [2.5, 2, 4.75, 3], "texture": "#0"},
				"south": {"uv": [2.5, 1, 5, 2], "texture": "#0"},
				"west": {"uv": [2.5, 3, 4.75, 4], "texture": "#0"},
				"up": {"uv": [2.5, 2.25, 0, 0], "texture": "#0"},
				"down": {"uv": [2.5, 2.25, 0, 4.5], "texture": "#0"}
			}
		},
		{
			"from": [3, 9.75, -9],
			"to": [13, 14, 1],
			"faces": {
				"north": {"uv": [0, 6.125, 1.25, 6.625], "texture": "#0"},
				"east": {"uv": [1.25, 6.125, 2.5, 6.625], "texture": "#0"},
				"south": {"uv": [2.5, 6.125, 3.75, 6.625], "texture": "#0"},
				"west": {"uv": [3.75, 6.125, 5, 6.625], "texture": "#0"},
				"up": {"uv": [3.75, 5.25, 2.5, 4], "texture": "#0"},
				"down": {"uv": [5, 4, 3.75, 5.25], "texture": "#0"}
			}
		},
		{
			"from": [3.25, 4.5, -12.25],
			"to": [12.75, 7.25, -11],
			"rotation": {"angle": 22.5, "axis": "x", "origin": [0, 0, 0]},
			"faces": {
				"north": {"uv": [5, 6.125, 6.25, 6.5], "texture": "#0"},
				"east": {"uv": [7.875, 2.625, 8, 3], "texture": "#0"},
				"south": {"uv": [6.25, 6.125, 7.5, 6.5], "texture": "#0"},
				"west": {"uv": [7.875, 3, 8, 3.375], "texture": "#0"},
				"up": {"uv": [3.75, 5.375, 2.5, 5.25], "texture": "#0"},
				"down": {"uv": [5, 5.25, 3.75, 5.375], "texture": "#0"}
			}
		},
		{
			"from": [3, 14, -7],
			"to": [13, 15, 1],
			"faces": {
				"north": {"uv": [0, 5.5, 1.25, 5.625], "texture": "#0"},
				"east": {"uv": [2.625, 6.75, 3.625, 6.875], "texture": "#0"},
				"south": {"uv": [1.25, 5.5, 2.5, 5.625], "texture": "#0"},
				"west": {"uv": [3.625, 6.75, 4.625, 6.875], "texture": "#0"},
				"up": {"uv": [1.25, 5.5, 0, 4.5], "texture": "#0"},
				"down": {"uv": [2.5, 4.5, 1.25, 5.5], "texture": "#0"}
			}
		},
		{
			"from": [0, 19.25, 0.25],
			"to": [16, 20, 17.75],
			"faces": {
				"north": {"uv": [0, 5.5, 1.25, 5.625], "texture": "#0"},
				"east": {"uv": [2.625, 6.75, 3.625, 6.875], "texture": "#0"},
				"south": {"uv": [1.25, 5.5, 2.5, 5.625], "texture": "#0"},
				"west": {"uv": [3.625, 6.75, 4.625, 6.875], "texture": "#0"},
				"up": {"uv": [1.25, 5.5, 0, 4.5], "texture": "#0"},
				"down": {"uv": [2.5, 4.5, 1.25, 5.5], "texture": "#0"}
			}
		},
		{
			"from": [-1, 17.75, 0.25],
			"to": [17, 19.25, 17.75],
			"faces": {
				"north": {"uv": [0, 5.5, 1.25, 5.625], "texture": "#0"},
				"east": {"uv": [2.625, 6.75, 3.625, 6.875], "texture": "#0"},
				"south": {"uv": [1.25, 5.5, 2.5, 5.625], "texture": "#0"},
				"west": {"uv": [3.625, 6.75, 4.625, 6.875], "texture": "#0"},
				"up": {"uv": [1.25, 5.5, 0, 4.5], "texture": "#0"},
				"down": {"uv": [2.5, 4.5, 1.25, 5.5], "texture": "#0"}
			}
		},
		{
			"from": [-2.25, 11.75, 9.5],
			"to": [-2, 15, 11],
			"rotation": {"angle": -22.5, "axis": "x", "origin": [0, 0, 0]},
			"faces": {
				"north": {"uv": [7.875, 4.125, 8, 4.5], "texture": "#0"},
				"east": {"uv": [5.625, 6.75, 5.875, 7.125], "texture": "#0"},
				"south": {"uv": [4.5, 7.875, 4.625, 8.25], "texture": "#0"},
				"west": {"uv": [5.875, 6.75, 6.125, 7.125], "texture": "#0"},
				"up": {"uv": [4.75, 8.5, 4.625, 8.25], "texture": "#0"},
				"down": {"uv": [4.875, 8.25, 4.75, 8.5], "texture": "#0"}
			}
		},
		{
			"from": [-2.25, 12.75, 7.5],
			"to": [-2, 16, 9],
			"rotation": {"angle": -22.5, "axis": "x", "origin": [0, 0, 0]},
			"faces": {
				"north": {"uv": [7.125, 7.875, 7.25, 8.25], "texture": "#0"},
				"east": {"uv": [5, 7.125, 5.25, 7.5], "texture": "#0"},
				"south": {"uv": [7.25, 7.875, 7.375, 8.25], "texture": "#0"},
				"west": {"uv": [5.25, 7.125, 5.5, 7.5], "texture": "#0"},
				"up": {"uv": [7, 8.5, 6.875, 8.25], "texture": "#0"},
				"down": {"uv": [8.375, 6.875, 8.25, 7.125], "texture": "#0"}
			}
		},
		{
			"from": [-2.25, 10.75, 11.5],
			"to": [-2, 14, 13],
			"rotation": {"angle": -22.5, "axis": "x", "origin": [0, 0, 0]},
			"faces": {
				"north": {"uv": [4.75, 7.875, 4.875, 8.25], "texture": "#0"},
				"east": {"uv": [6.625, 6.75, 6.875, 7.125], "texture": "#0"},
				"south": {"uv": [4.875, 7.875, 5, 8.25], "texture": "#0"},
				"west": {"uv": [0, 6.875, 0.25, 7.25], "texture": "#0"},
				"up": {"uv": [5.125, 8.5, 5, 8.25], "texture": "#0"},
				"down": {"uv": [5.25, 8.25, 5.125, 8.5], "texture": "#0"}
			}
		},
		{
			"from": [-2.25, 9.75, 13.5],
			"to": [-2, 13, 15],
			"rotation": {"angle": -22.5, "axis": "x", "origin": [0, 0, 0]},
			"faces": {
				"north": {"uv": [5.125, 7.875, 5.25, 8.25], "texture": "#0"},
				"east": {"uv": [0.75, 6.875, 1, 7.25], "texture": "#0"},
				"south": {"uv": [5.25, 7.875, 5.375, 8.25], "texture": "#0"},
				"west": {"uv": [1, 6.875, 1.25, 7.25], "texture": "#0"},
				"up": {"uv": [5.5, 8.5, 5.375, 8.25], "texture": "#0"},
				"down": {"uv": [8.375, 5.375, 8.25, 5.625], "texture": "#0"}
			}
		},
		{
			"from": [-2.25, 8.75, 15.5],
			"to": [-2, 12, 17],
			"rotation": {"angle": -22.5, "axis": "x", "origin": [0, 0, 0]},
			"faces": {
				"north": {"uv": [5.625, 7.875, 5.75, 8.25], "texture": "#0"},
				"east": {"uv": [1.75, 6.875, 2, 7.25], "texture": "#0"},
				"south": {"uv": [7.875, 5.625, 8, 6], "texture": "#0"},
				"west": {"uv": [2, 6.875, 2.25, 7.25], "texture": "#0"},
				"up": {"uv": [8.375, 5.875, 8.25, 5.625], "texture": "#0"},
				"down": {"uv": [5.875, 8.25, 5.75, 8.5], "texture": "#0"}
			}
		},
		{
			"from": [-2.25, 7.75, 17.5],
			"to": [-2, 11, 19],
			"rotation": {"angle": -22.5, "axis": "x", "origin": [0, 0, 0]},
			"faces": {
				"north": {"uv": [6, 7.875, 6.125, 8.25], "texture": "#0"},
				"east": {"uv": [2.75, 6.875, 3, 7.25], "texture": "#0"},
				"south": {"uv": [6.125, 7.875, 6.25, 8.25], "texture": "#0"},
				"west": {"uv": [3, 6.875, 3.25, 7.25], "texture": "#0"},
				"up": {"uv": [6.125, 8.5, 6, 8.25], "texture": "#0"},
				"down": {"uv": [6.25, 8.25, 6.125, 8.5], "texture": "#0"}
			}
		},
		{
			"from": [-2.25, 6.75, 19.5],
			"to": [-2, 10, 21],
			"rotation": {"angle": -22.5, "axis": "x", "origin": [0, 0, 0]},
			"faces": {
				"north": {"uv": [6.5, 7.875, 6.625, 8.25], "texture": "#0"},
				"east": {"uv": [3.75, 6.875, 4, 7.25], "texture": "#0"},
				"south": {"uv": [7.875, 6.5, 8, 6.875], "texture": "#0"},
				"west": {"uv": [4, 6.875, 4.25, 7.25], "texture": "#0"},
				"up": {"uv": [6.5, 8.5, 6.375, 8.25], "texture": "#0"},
				"down": {"uv": [8.375, 6.375, 8.25, 6.625], "texture": "#0"}
			}
		},
		{
			"from": [-2.25, 10.25, 5],
			"to": [-2, 13.5, 6.5],
			"rotation": {"angle": -22.5, "axis": "x", "origin": [0, 0, 0]},
			"faces": {
				"north": {"uv": [1.125, 8, 1.25, 8.375], "texture": "#0"},
				"east": {"uv": [1.5, 7.25, 1.75, 7.625], "texture": "#0"},
				"south": {"uv": [1.25, 8, 1.375, 8.375], "texture": "#0"},
				"west": {"uv": [1.75, 7.25, 2, 7.625], "texture": "#0"},
				"up": {"uv": [8.375, 8.375, 8.25, 8.125], "texture": "#0"},
				"down": {"uv": [0.125, 8.375, 0, 8.625], "texture": "#0"}
			}
		},
		{
			"from": [-2.25, 9.25, 7],
			"to": [-2, 12.5, 8.5],
			"rotation": {"angle": -22.5, "axis": "x", "origin": [0, 0, 0]},
			"faces": {
				"north": {"uv": [0.875, 8, 1, 8.375], "texture": "#0"},
				"east": {"uv": [1, 7.25, 1.25, 7.625], "texture": "#0"},
				"south": {"uv": [1, 8, 1.125, 8.375], "texture": "#0"},
				"west": {"uv": [1.25, 7.25, 1.5, 7.625], "texture": "#0"},
				"up": {"uv": [8.125, 8.5, 8, 8.25], "texture": "#0"},
				"down": {"uv": [8.25, 8.25, 8.125, 8.5], "texture": "#0"}
			}
		},
		{
			"from": [-2.25, 8.25, 9],
			"to": [-2, 11.5, 10.5],
			"rotation": {"angle": -22.5, "axis": "x", "origin": [0, 0, 0]},
			"faces": {
				"north": {"uv": [0.625, 8, 0.75, 8.375], "texture": "#0"},
				"east": {"uv": [0.5, 7.25, 0.75, 7.625], "texture": "#0"},
				"south": {"uv": [0.75, 8, 0.875, 8.375], "texture": "#0"},
				"west": {"uv": [0.75, 7.25, 1, 7.625], "texture": "#0"},
				"up": {"uv": [8, 8.5, 7.875, 8.25], "texture": "#0"},
				"down": {"uv": [8.375, 7.875, 8.25, 8.125], "texture": "#0"}
			}
		},
		{
			"from": [-2.25, 7.25, 11],
			"to": [-2, 10.5, 12.5],
			"rotation": {"angle": -22.5, "axis": "x", "origin": [0, 0, 0]},
			"faces": {
				"north": {"uv": [0.375, 8, 0.5, 8.375], "texture": "#0"},
				"east": {"uv": [0, 7.25, 0.25, 7.625], "texture": "#0"},
				"south": {"uv": [0.5, 8, 0.625, 8.375], "texture": "#0"},
				"west": {"uv": [0.25, 7.25, 0.5, 7.625], "texture": "#0"},
				"up": {"uv": [8.375, 7.875, 8.25, 7.625], "texture": "#0"},
				"down": {"uv": [7.875, 8.25, 7.75, 8.5], "texture": "#0"}
			}
		},
		{
			"from": [-2.25, 6.25, 13],
			"to": [-2, 9.5, 14.5],
			"rotation": {"angle": -22.5, "axis": "x", "origin": [0, 0, 0]},
			"faces": {
				"north": {"uv": [0.125, 8, 0.25, 8.375], "texture": "#0"},
				"east": {"uv": [7.125, 6.75, 7.375, 7.125], "texture": "#0"},
				"south": {"uv": [0.25, 8, 0.375, 8.375], "texture": "#0"},
				"west": {"uv": [7, 7.125, 7.25, 7.5], "texture": "#0"},
				"up": {"uv": [7.625, 8.5, 7.5, 8.25], "texture": "#0"},
				"down": {"uv": [7.75, 8.25, 7.625, 8.5], "texture": "#0"}
			}
		},
		{
			"from": [-2.25, 5.25, 15],
			"to": [-2, 8.5, 16.5],
			"rotation": {"angle": -22.5, "axis": "x", "origin": [0, 0, 0]},
			"faces": {
				"north": {"uv": [7.875, 7.875, 8, 8.25], "texture": "#0"},
				"east": {"uv": [6.5, 7.125, 6.75, 7.5], "texture": "#0"},
				"south": {"uv": [0, 8, 0.125, 8.375], "texture": "#0"},
				"west": {"uv": [6.75, 7.125, 7, 7.5], "texture": "#0"},
				"up": {"uv": [7.5, 8.5, 7.375, 8.25], "texture": "#0"},
				"down": {"uv": [8.375, 7.375, 8.25, 7.625], "texture": "#0"}
			}
		},
		{
			"from": [-2.25, 4.25, 17],
			"to": [-2, 7.5, 18.5],
			"rotation": {"angle": -22.5, "axis": "x", "origin": [0, 0, 0]},
			"faces": {
				"north": {"uv": [7.625, 7.875, 7.75, 8.25], "texture": "#0"},
				"east": {"uv": [6, 7.125, 6.25, 7.5], "texture": "#0"},
				"south": {"uv": [7.75, 7.875, 7.875, 8.25], "texture": "#0"},
				"west": {"uv": [6.25, 7.125, 6.5, 7.5], "texture": "#0"},
				"up": {"uv": [8.375, 7.375, 8.25, 7.125], "texture": "#0"},
				"down": {"uv": [7.375, 8.25, 7.25, 8.5], "texture": "#0"}
			}
		},
		{
			"from": [-2.5, 11.25, 6.25],
			"to": [-1.75, 14.5, 7.75],
			"rotation": {"angle": -22.5, "axis": "x", "origin": [0, 0, 0]},
			"faces": {
				"north": {"uv": [4.125, 8, 4.25, 8.375], "texture": "#0"},
				"east": {"uv": [7, 7.5, 7.25, 7.875], "texture": "#0"},
				"south": {"uv": [8, 4.125, 8.125, 4.5], "texture": "#0"},
				"west": {"uv": [7.5, 7.125, 7.75, 7.5], "texture": "#0"},
				"up": {"uv": [2.375, 8.625, 2.25, 8.375], "texture": "#0"},
				"down": {"uv": [8.5, 2.25, 8.375, 2.5], "texture": "#0"}
			}
		},
		{
			"from": [-2.5, 10.25, 8.25],
			"to": [-1.75, 13.5, 9.75],
			"rotation": {"angle": -22.5, "axis": "x", "origin": [0, 0, 0]},
			"faces": {
				"north": {"uv": [3.875, 8, 4, 8.375], "texture": "#0"},
				"east": {"uv": [6.5, 7.5, 6.75, 7.875], "texture": "#0"},
				"south": {"uv": [4, 8, 4.125, 8.375], "texture": "#0"},
				"west": {"uv": [6.75, 7.5, 7, 7.875], "texture": "#0"},
				"up": {"uv": [8.5, 2.25, 8.375, 2], "texture": "#0"},
				"down": {"uv": [2.25, 8.375, 2.125, 8.625], "texture": "#0"}
			}
		},
		{
			"from": [-2.5, 9.25, 10.25],
			"to": [-1.75, 12.5, 11.75],
			"rotation": {"angle": -22.5, "axis": "x", "origin": [0, 0, 0]},
			"faces": {
				"north": {"uv": [3.75, 8, 3.875, 8.375], "texture": "#0"},
				"east": {"uv": [7.5, 6.125, 7.75, 6.5], "texture": "#0"},
				"south": {"uv": [8, 3.75, 8.125, 4.125], "texture": "#0"},
				"west": {"uv": [6.25, 7.5, 6.5, 7.875], "texture": "#0"},
				"up": {"uv": [2, 8.625, 1.875, 8.375], "texture": "#0"},
				"down": {"uv": [2.125, 8.375, 2, 8.625], "texture": "#0"}
			}
		},
		{
			"from": [-2.5, 8.25, 12.25],
			"to": [-1.75, 11.5, 13.75],
			"rotation": {"angle": -22.5, "axis": "x", "origin": [0, 0, 0]},
			"faces": {
				"north": {"uv": [3.5, 8, 3.625, 8.375], "texture": "#0"},
				"east": {"uv": [5.75, 7.5, 6, 7.875], "texture": "#0"},
				"south": {"uv": [3.625, 8, 3.75, 8.375], "texture": "#0"},
				"west": {"uv": [6, 7.5, 6.25, 7.875], "texture": "#0"},
				"up": {"uv": [1.875, 8.625, 1.75, 8.375], "texture": "#0"},
				"down": {"uv": [8.5, 1.75, 8.375, 2], "texture": "#0"}
			}
		},
		{
			"from": [-2.5, 7.25, 14.25],
			"to": [-1.75, 10.5, 15.75],
			"rotation": {"angle": -22.5, "axis": "x", "origin": [0, 0, 0]},
			"faces": {
				"north": {"uv": [3.375, 8, 3.5, 8.375], "texture": "#0"},
				"east": {"uv": [5.25, 7.5, 5.5, 7.875], "texture": "#0"},
				"south": {"uv": [8, 3.375, 8.125, 3.75], "texture": "#0"},
				"west": {"uv": [5.5, 7.5, 5.75, 7.875], "texture": "#0"},
				"up": {"uv": [8.5, 1.75, 8.375, 1.5], "texture": "#0"},
				"down": {"uv": [1.75, 8.375, 1.625, 8.625], "texture": "#0"}
			}
		},
		{
			"from": [-2.5, 6.25, 16.25],
			"to": [-1.75, 9.5, 17.75],
			"rotation": {"angle": -22.5, "axis": "x", "origin": [0, 0, 0]},
			"faces": {
				"north": {"uv": [3.125, 8, 3.25, 8.375], "texture": "#0"},
				"east": {"uv": [4.75, 7.5, 5, 7.875], "texture": "#0"},
				"south": {"uv": [3.25, 8, 3.375, 8.375], "texture": "#0"},
				"west": {"uv": [5, 7.5, 5.25, 7.875], "texture": "#0"},
				"up": {"uv": [1.5, 8.625, 1.375, 8.375], "texture": "#0"},
				"down": {"uv": [1.625, 8.375, 1.5, 8.625], "texture": "#0"}
			}
		},
		{
			"from": [-2.5, 5.25, 18.25],
			"to": [-1.75, 8.5, 19.75],
			"rotation": {"angle": -22.5, "axis": "x", "origin": [0, 0, 0]},
			"faces": {
				"north": {"uv": [3, 8, 3.125, 8.375], "texture": "#0"},
				"east": {"uv": [7.375, 6.75, 7.625, 7.125], "texture": "#0"},
				"south": {"uv": [8, 3, 8.125, 3.375], "texture": "#0"},
				"west": {"uv": [4.5, 7.5, 4.75, 7.875], "texture": "#0"},
				"up": {"uv": [1.375, 8.625, 1.25, 8.375], "texture": "#0"},
				"down": {"uv": [8.5, 1.25, 8.375, 1.5], "texture": "#0"}
			}
		},
		{
			"from": [-2.5, 8.75, 4.75],
			"to": [-1.75, 12, 6.25],
			"rotation": {"angle": -22.5, "axis": "x", "origin": [0, 0, 0]},
			"faces": {
				"north": {"uv": [8.125, 5.25, 8.25, 5.625], "texture": "#0"},
				"east": {"uv": [7.625, 3.75, 7.875, 4.125], "texture": "#0"},
				"south": {"uv": [8.125, 5.625, 8.25, 6], "texture": "#0"},
				"west": {"uv": [4, 7.625, 4.25, 8], "texture": "#0"},
				"up": {"uv": [8.5, 5, 8.375, 4.75], "texture": "#0"},
				"down": {"uv": [8.5, 5, 8.375, 5.25], "texture": "#0"}
			}
		},
		{
			"from": [-2.5, 7.75, 6.75],
			"to": [-1.75, 11, 8.25],
			"rotation": {"angle": -22.5, "axis": "x", "origin": [0, 0, 0]},
			"faces": {
				"north": {"uv": [8.125, 4.5, 8.25, 4.875], "texture": "#0"},
				"east": {"uv": [3.5, 7.625, 3.75, 8], "texture": "#0"},
				"south": {"uv": [8.125, 4.875, 8.25, 5.25], "texture": "#0"},
				"west": {"uv": [3.75, 7.625, 4, 8], "texture": "#0"},
				"up": {"uv": [4.5, 8.625, 4.375, 8.375], "texture": "#0"},
				"down": {"uv": [8.5, 4.5, 8.375, 4.75], "texture": "#0"}
			}
		},
		{
			"from": [-2.5, 6.75, 8.75],
			"to": [-1.75, 10, 10.25],
			"rotation": {"angle": -22.5, "axis": "x", "origin": [0, 0, 0]},
			"faces": {
				"north": {"uv": [8.125, 3.75, 8.25, 4.125], "texture": "#0"},
				"east": {"uv": [3.25, 7.625, 3.5, 8], "texture": "#0"},
				"south": {"uv": [8.125, 4.125, 8.25, 4.5], "texture": "#0"},
				"west": {"uv": [7.625, 3.375, 7.875, 3.75], "texture": "#0"},
				"up": {"uv": [4.375, 8.625, 4.25, 8.375], "texture": "#0"},
				"down": {"uv": [8.5, 4.25, 8.375, 4.5], "texture": "#0"}
			}
		},
		{
			"from": [-2.5, 5.75, 10.75],
			"to": [-1.75, 9, 12.25],
			"rotation": {"angle": -22.5, "axis": "x", "origin": [0, 0, 0]},
			"faces": {
				"north": {"uv": [8.125, 3, 8.25, 3.375], "texture": "#0"},
				"east": {"uv": [3, 7.625, 3.25, 8], "texture": "#0"},
				"south": {"uv": [8.125, 3.375, 8.25, 3.75], "texture": "#0"},
				"west": {"uv": [7.625, 3, 7.875, 3.375], "texture": "#0"},
				"up": {"uv": [8.5, 4.25, 8.375, 4], "texture": "#0"},
				"down": {"uv": [4.25, 8.375, 4.125, 8.625], "texture": "#0"}
			}
		},
		{
			"from": [-2.5, 4.75, 12.75],
			"to": [-1.75, 8, 14.25],
			"rotation": {"angle": -22.5, "axis": "x", "origin": [0, 0, 0]},
			"faces": {
				"north": {"uv": [8.125, 2.25, 8.25, 2.625], "texture": "#0"},
				"east": {"uv": [7.625, 2.625, 7.875, 3], "texture": "#0"},
				"south": {"uv": [8.125, 2.625, 8.25, 3], "texture": "#0"},
				"west": {"uv": [2.75, 7.625, 3, 8], "texture": "#0"},
				"up": {"uv": [4, 8.625, 3.875, 8.375], "texture": "#0"},
				"down": {"uv": [4.125, 8.375, 4, 8.625], "texture": "#0"}
			}
		},
		{
			"from": [-2.5, 3.75, 14.75],
			"to": [-1.75, 7, 16.25],
			"rotation": {"angle": -22.5, "axis": "x", "origin": [0, 0, 0]},
			"faces": {
				"north": {"uv": [8.125, 1.5, 8.25, 1.875], "texture": "#0"},
				"east": {"uv": [7.625, 2.25, 7.875, 2.625], "texture": "#0"},
				"south": {"uv": [8.125, 1.875, 8.25, 2.25], "texture": "#0"},
				"west": {"uv": [2.5, 7.625, 2.75, 8], "texture": "#0"},
				"up": {"uv": [3.875, 8.625, 3.75, 8.375], "texture": "#0"},
				"down": {"uv": [8.5, 3.75, 8.375, 4], "texture": "#0"}
			}
		},
		{
			"from": [-2.5, 2.75, 16.75],
			"to": [-1.75, 6, 18.25],
			"rotation": {"angle": -22.5, "axis": "x", "origin": [0, 0, 0]},
			"faces": {
				"north": {"uv": [8.125, 0.75, 8.25, 1.125], "texture": "#0"},
				"east": {"uv": [2, 7.625, 2.25, 8], "texture": "#0"},
				"south": {"uv": [8.125, 1.125, 8.25, 1.5], "texture": "#0"},
				"west": {"uv": [2.25, 7.625, 2.5, 8], "texture": "#0"},
				"up": {"uv": [8.5, 3.75, 8.375, 3.5], "texture": "#0"},
				"down": {"uv": [3.75, 8.375, 3.625, 8.625], "texture": "#0"}
			}
		},
		{
			"from": [-2.5, 1.75, 18.75],
			"to": [18.5, 5, 20.25],
			"rotation": {"angle": -22.5, "axis": "x", "origin": [16, 0, 0]},
			"faces": {
				"north": {"uv": [4.75, 2, 7.375, 2.375], "texture": "#0"},
				"east": {"uv": [4.625, 6.75, 4.875, 7.125], "texture": "#0"},
				"south": {"uv": [4.75, 2.375, 7.375, 2.75], "texture": "#0"},
				"west": {"uv": [4.875, 6.75, 5.125, 7.125], "texture": "#0"},
				"up": {"uv": [5.125, 5.625, 2.5, 5.375], "texture": "#0"},
				"down": {"uv": [7.75, 5.375, 5.125, 5.625], "texture": "#0"}
			}
		},
		{
			"from": [18, 8.75, 5.5],
			"to": [18.25, 12, 7],
			"rotation": {"angle": -22.5, "axis": "x", "origin": [16, 0, 0]},
			"faces": {
				"north": {"uv": [7.875, 3.375, 8, 3.75], "texture": "#0"},
				"east": {"uv": [5.125, 6.75, 5.375, 7.125], "texture": "#0"},
				"south": {"uv": [7.875, 3.75, 8, 4.125], "texture": "#0"},
				"west": {"uv": [5.375, 6.75, 5.625, 7.125], "texture": "#0"},
				"up": {"uv": [4.625, 7.125, 4.5, 6.875], "texture": "#0"},
				"down": {"uv": [8, 6.875, 7.875, 7.125], "texture": "#0"}
			}
		},
		{
			"from": [17.75, 8.75, 4.75],
			"to": [18.5, 12, 6.25],
			"rotation": {"angle": -22.5, "axis": "x", "origin": [16, 0, 0]},
			"faces": {
				"north": {"uv": [7.875, 4.5, 8, 4.875], "texture": "#0"},
				"east": {"uv": [6.125, 6.75, 6.375, 7.125], "texture": "#0"},
				"south": {"uv": [4.625, 7.875, 4.75, 8.25], "texture": "#0"},
				"west": {"uv": [6.375, 6.75, 6.625, 7.125], "texture": "#0"},
				"up": {"uv": [5, 8.5, 4.875, 8.25], "texture": "#0"},
				"down": {"uv": [8.375, 4.875, 8.25, 5.125], "texture": "#0"}
			}
		},
		{
			"from": [18, 10.75, 7.5],
			"to": [18.25, 14, 9],
			"rotation": {"angle": -22.5, "axis": "x", "origin": [16, 0, 0]},
			"faces": {
				"north": {"uv": [7.875, 4.875, 8, 5.25], "texture": "#0"},
				"east": {"uv": [0.25, 6.875, 0.5, 7.25], "texture": "#0"},
				"south": {"uv": [5, 7.875, 5.125, 8.25], "texture": "#0"},
				"west": {"uv": [0.5, 6.875, 0.75, 7.25], "texture": "#0"},
				"up": {"uv": [8.375, 5.375, 8.25, 5.125], "texture": "#0"},
				"down": {"uv": [5.375, 8.25, 5.25, 8.5], "texture": "#0"}
			}
		},
		{
			"from": [17.75, 6.75, 8.75],
			"to": [18.5, 10, 10.25],
			"rotation": {"angle": -22.5, "axis": "x", "origin": [16, 0, 0]},
			"faces": {
				"north": {"uv": [5.375, 7.875, 5.5, 8.25], "texture": "#0"},
				"east": {"uv": [1.25, 6.875, 1.5, 7.25], "texture": "#0"},
				"south": {"uv": [5.5, 7.875, 5.625, 8.25], "texture": "#0"},
				"west": {"uv": [1.5, 6.875, 1.75, 7.25], "texture": "#0"},
				"up": {"uv": [5.625, 8.5, 5.5, 8.25], "texture": "#0"},
				"down": {"uv": [5.75, 8.25, 5.625, 8.5], "texture": "#0"}
			}
		},
		{
			"from": [17.75, 5.75, 10.75],
			"to": [18.5, 9, 12.25],
			"rotation": {"angle": -22.5, "axis": "x", "origin": [16, 0, 0]},
			"faces": {
				"north": {"uv": [5.75, 7.875, 5.875, 8.25], "texture": "#0"},
				"east": {"uv": [2.25, 6.875, 2.5, 7.25], "texture": "#0"},
				"south": {"uv": [5.875, 7.875, 6, 8.25], "texture": "#0"},
				"west": {"uv": [2.5, 6.875, 2.75, 7.25], "texture": "#0"},
				"up": {"uv": [6, 8.5, 5.875, 8.25], "texture": "#0"},
				"down": {"uv": [8.375, 5.875, 8.25, 6.125], "texture": "#0"}
			}
		},
		{
			"from": [17.75, 4.75, 12.75],
			"to": [18.5, 8, 14.25],
			"rotation": {"angle": -22.5, "axis": "x", "origin": [16, 0, 0]},
			"faces": {
				"north": {"uv": [6.25, 7.875, 6.375, 8.25], "texture": "#0"},
				"east": {"uv": [3.25, 6.875, 3.5, 7.25], "texture": "#0"},
				"south": {"uv": [6.375, 7.875, 6.5, 8.25], "texture": "#0"},
				"west": {"uv": [3.5, 6.875, 3.75, 7.25], "texture": "#0"},
				"up": {"uv": [8.375, 6.375, 8.25, 6.125], "texture": "#0"},
				"down": {"uv": [6.375, 8.25, 6.25, 8.5], "texture": "#0"}
			}
		},
		{
			"from": [17.75, 3.75, 14.75],
			"to": [18.5, 7, 16.25],
			"rotation": {"angle": -22.5, "axis": "x", "origin": [16, 0, 0]},
			"faces": {
				"north": {"uv": [6.625, 7.875, 6.75, 8.25], "texture": "#0"},
				"east": {"uv": [4.25, 6.875, 4.5, 7.25], "texture": "#0"},
				"south": {"uv": [6.75, 7.875, 6.875, 8.25], "texture": "#0"},
				"west": {"uv": [6.875, 6.75, 7.125, 7.125], "texture": "#0"},
				"up": {"uv": [6.625, 8.5, 6.5, 8.25], "texture": "#0"},
				"down": {"uv": [6.75, 8.25, 6.625, 8.5], "texture": "#0"}
			}
		},
		{
			"from": [17.75, 2.75, 16.75],
			"to": [18.5, 6, 18.25],
			"rotation": {"angle": -22.5, "axis": "x", "origin": [16, 0, 0]},
			"faces": {
				"north": {"uv": [6.875, 7.875, 7, 8.25], "texture": "#0"},
				"east": {"uv": [4.5, 7.125, 4.75, 7.5], "texture": "#0"},
				"south": {"uv": [7, 7.875, 7.125, 8.25], "texture": "#0"},
				"west": {"uv": [4.75, 7.125, 5, 7.5], "texture": "#0"},
				"up": {"uv": [8.375, 6.875, 8.25, 6.625], "texture": "#0"},
				"down": {"uv": [6.875, 8.25, 6.75, 8.5], "texture": "#0"}
			}
		},
		{
			"from": [17.75, 7.75, 6.75],
			"to": [18.5, 11, 8.25],
			"rotation": {"angle": -22.5, "axis": "x", "origin": [16, 0, 0]},
			"faces": {
				"north": {"uv": [7.375, 7.875, 7.5, 8.25], "texture": "#0"},
				"east": {"uv": [5.5, 7.125, 5.75, 7.5], "texture": "#0"},
				"south": {"uv": [7.5, 7.875, 7.625, 8.25], "texture": "#0"},
				"west": {"uv": [5.75, 7.125, 6, 7.5], "texture": "#0"},
				"up": {"uv": [7.125, 8.5, 7, 8.25], "texture": "#0"},
				"down": {"uv": [7.25, 8.25, 7.125, 8.5], "texture": "#0"}
			}
		},
		{
			"from": [-2.25, 5.75, 21.5],
			"to": [18.25, 9, 23],
			"rotation": {"angle": -22.5, "axis": "x", "origin": [16, 0, 0]},
			"faces": {
				"north": {"uv": [4.75, 2.75, 7.375, 3.125], "texture": "#0"},
				"east": {"uv": [2, 7.25, 2.25, 7.625], "texture": "#0"},
				"south": {"uv": [4.75, 3.125, 7.375, 3.5], "texture": "#0"},
				"west": {"uv": [2.25, 7.25, 2.5, 7.625], "texture": "#0"},
				"up": {"uv": [2.625, 5.875, 0, 5.625], "texture": "#0"},
				"down": {"uv": [5.25, 5.625, 2.625, 5.875], "texture": "#0"}
			}
		},
		{
			"from": [18, 6.75, 19.5],
			"to": [18.25, 10, 21],
			"rotation": {"angle": -22.5, "axis": "x", "origin": [16, 0, 0]},
			"faces": {
				"north": {"uv": [1.375, 8, 1.5, 8.375], "texture": "#0"},
				"east": {"uv": [2.5, 7.25, 2.75, 7.625], "texture": "#0"},
				"south": {"uv": [1.5, 8, 1.625, 8.375], "texture": "#0"},
				"west": {"uv": [2.75, 7.25, 3, 7.625], "texture": "#0"},
				"up": {"uv": [8.5, 0.25, 8.375, 0], "texture": "#0"},
				"down": {"uv": [0.25, 8.375, 0.125, 8.625], "texture": "#0"}
			}
		},
		{
			"from": [18, 7.75, 17.5],
			"to": [18.25, 11, 19],
			"rotation": {"angle": -22.5, "axis": "x", "origin": [16, 0, 0]},
			"faces": {
				"north": {"uv": [1.625, 8, 1.75, 8.375], "texture": "#0"},
				"east": {"uv": [3, 7.25, 3.25, 7.625], "texture": "#0"},
				"south": {"uv": [1.75, 8, 1.875, 8.375], "texture": "#0"},
				"west": {"uv": [3.25, 7.25, 3.5, 7.625], "texture": "#0"},
				"up": {"uv": [0.375, 8.625, 0.25, 8.375], "texture": "#0"},
				"down": {"uv": [8.5, 0.25, 8.375, 0.5], "texture": "#0"}
			}
		},
		{
			"from": [18, 8.75, 15.5],
			"to": [18.25, 12, 17],
			"rotation": {"angle": -22.5, "axis": "x", "origin": [16, 0, 0]},
			"faces": {
				"north": {"uv": [1.875, 8, 2, 8.375], "texture": "#0"},
				"east": {"uv": [3.5, 7.25, 3.75, 7.625], "texture": "#0"},
				"south": {"uv": [2, 8, 2.125, 8.375], "texture": "#0"},
				"west": {"uv": [3.75, 7.25, 4, 7.625], "texture": "#0"},
				"up": {"uv": [0.5, 8.625, 0.375, 8.375], "texture": "#0"},
				"down": {"uv": [0.625, 8.375, 0.5, 8.625], "texture": "#0"}
			}
		},
		{
			"from": [18, 9.75, 13.5],
			"to": [18.25, 13, 15],
			"rotation": {"angle": -22.5, "axis": "x", "origin": [16, 0, 0]},
			"faces": {
				"north": {"uv": [2.125, 8, 2.25, 8.375], "texture": "#0"},
				"east": {"uv": [4, 7.25, 4.25, 7.625], "texture": "#0"},
				"south": {"uv": [2.25, 8, 2.375, 8.375], "texture": "#0"},
				"west": {"uv": [4.25, 7.25, 4.5, 7.625], "texture": "#0"},
				"up": {"uv": [8.5, 0.75, 8.375, 0.5], "texture": "#0"},
				"down": {"uv": [0.75, 8.375, 0.625, 8.625], "texture": "#0"}
			}
		},
		{
			"from": [18, 10.75, 11.5],
			"to": [18.25, 14, 13],
			"rotation": {"angle": -22.5, "axis": "x", "origin": [16, 0, 0]},
			"faces": {
				"north": {"uv": [2.375, 8, 2.5, 8.375], "texture": "#0"},
				"east": {"uv": [7.25, 7.125, 7.5, 7.5], "texture": "#0"},
				"south": {"uv": [2.5, 8, 2.625, 8.375], "texture": "#0"},
				"west": {"uv": [7.375, 2, 7.625, 2.375], "texture": "#0"},
				"up": {"uv": [0.875, 8.625, 0.75, 8.375], "texture": "#0"},
				"down": {"uv": [8.5, 0.75, 8.375, 1], "texture": "#0"}
			}
		},
		{
			"from": [18, 11.75, 9.5],
			"to": [18.25, 15, 11],
			"rotation": {"angle": -22.5, "axis": "x", "origin": [16, 0, 0]},
			"faces": {
				"north": {"uv": [2.625, 8, 2.75, 8.375], "texture": "#0"},
				"east": {"uv": [7.375, 2.375, 7.625, 2.75], "texture": "#0"},
				"south": {"uv": [8, 2.625, 8.125, 3], "texture": "#0"},
				"west": {"uv": [7.375, 2.75, 7.625, 3.125], "texture": "#0"},
				"up": {"uv": [1, 8.625, 0.875, 8.375], "texture": "#0"},
				"down": {"uv": [1.125, 8.375, 1, 8.625], "texture": "#0"}
			}
		},
		{
			"from": [18, 12.75, 7.5],
			"to": [18.25, 16, 9],
			"rotation": {"angle": -22.5, "axis": "x", "origin": [16, 0, 0]},
			"faces": {
				"north": {"uv": [2.75, 8, 2.875, 8.375], "texture": "#0"},
				"east": {"uv": [7.375, 3.125, 7.625, 3.5], "texture": "#0"},
				"south": {"uv": [2.875, 8, 3, 8.375], "texture": "#0"},
				"west": {"uv": [7.375, 3.5, 7.625, 3.875], "texture": "#0"},
				"up": {"uv": [8.5, 1.25, 8.375, 1], "texture": "#0"},
				"down": {"uv": [1.25, 8.375, 1.125, 8.625], "texture": "#0"}
			}
		},
		{
			"from": [-2.25, 3.25, 19],
			"to": [18.25, 6.5, 20.5],
			"rotation": {"angle": -22.5, "axis": "x", "origin": [16, 0, 0]},
			"faces": {
				"north": {"uv": [4.75, 3.5, 7.375, 3.875], "texture": "#0"},
				"east": {"uv": [7.25, 7.5, 7.5, 7.875], "texture": "#0"},
				"south": {"uv": [5, 0, 7.625, 0.375], "texture": "#0"},
				"west": {"uv": [7.5, 7.5, 7.75, 7.875], "texture": "#0"},
				"up": {"uv": [7.875, 5.875, 5.25, 5.625], "texture": "#0"},
				"down": {"uv": [2.625, 5.875, 0, 6.125], "texture": "#0"}
			}
		},
		{
			"from": [-2.25, 2.25, 20.25],
			"to": [18.25, 5.5, 21.25],
			"rotation": {"angle": -22.5, "axis": "x", "origin": [16, 0, 0]},
			"faces": {
				"north": {"uv": [5, 1.125, 7.625, 1.5], "texture": "#0"},
				"east": {"uv": [8.25, 3, 8.375, 3.375], "texture": "#0"},
				"south": {"uv": [5, 1.5, 7.625, 1.875], "texture": "#0"},
				"west": {"uv": [8.25, 3.375, 8.375, 3.75], "texture": "#0"},
				"up": {"uv": [7.625, 2, 5, 1.875], "texture": "#0"},
				"down": {"uv": [7.625, 6.5, 5, 6.625], "texture": "#0"}
			}
		},
		{
			"from": [-2.25, 4.75, 21.25],
			"to": [18.25, 8, 22.25],
			"rotation": {"angle": -22.5, "axis": "x", "origin": [16, 0, 0]},
			"faces": {
				"north": {"uv": [5, 3.875, 7.625, 4.25], "texture": "#0"},
				"east": {"uv": [8.25, 3.75, 8.375, 4.125], "texture": "#0"},
				"south": {"uv": [5, 4.25, 7.625, 4.625], "texture": "#0"},
				"west": {"uv": [8.25, 4.125, 8.375, 4.5], "texture": "#0"},
				"up": {"uv": [2.625, 6.75, 0, 6.625], "texture": "#0"},
				"down": {"uv": [5.25, 6.625, 2.625, 6.75], "texture": "#0"}
			}
		},
		{
			"from": [-2.25, 6.5, 22.25],
			"to": [18.25, 9.75, 23.25],
			"rotation": {"angle": -22.5, "axis": "x", "origin": [16, 0, 0]},
			"faces": {
				"north": {"uv": [5, 4.625, 7.625, 5], "texture": "#0"},
				"east": {"uv": [4.5, 8.25, 4.625, 8.625], "texture": "#0"},
				"south": {"uv": [5, 5, 7.625, 5.375], "texture": "#0"},
				"west": {"uv": [8.25, 4.5, 8.375, 4.875], "texture": "#0"},
				"up": {"uv": [7.875, 6.75, 5.25, 6.625], "texture": "#0"},
				"down": {"uv": [2.625, 6.75, 0, 6.875], "texture": "#0"}
			}
		},
		{
			"from": [18, 4.25, 17],
			"to": [18.25, 7.5, 18.5],
			"rotation": {"angle": -22.5, "axis": "x", "origin": [16, 0, 0]},
			"faces": {
				"north": {"uv": [4.25, 8, 4.375, 8.375], "texture": "#0"},
				"east": {"uv": [0, 7.625, 0.25, 8], "texture": "#0"},
				"south": {"uv": [4.375, 8, 4.5, 8.375], "texture": "#0"},
				"west": {"uv": [7.625, 0, 7.875, 0.375], "texture": "#0"},
				"up": {"uv": [2.5, 8.625, 2.375, 8.375], "texture": "#0"},
				"down": {"uv": [2.625, 8.375, 2.5, 8.625], "texture": "#0"}
			}
		},
		{
			"from": [18, 5.25, 15],
			"to": [18.25, 8.5, 16.5],
			"rotation": {"angle": -22.5, "axis": "x", "origin": [16, 0, 0]},
			"faces": {
				"north": {"uv": [8, 4.5, 8.125, 4.875], "texture": "#0"},
				"east": {"uv": [0.25, 7.625, 0.5, 8], "texture": "#0"},
				"south": {"uv": [8, 4.875, 8.125, 5.25], "texture": "#0"},
				"west": {"uv": [7.625, 0.375, 7.875, 0.75], "texture": "#0"},
				"up": {"uv": [8.5, 2.75, 8.375, 2.5], "texture": "#0"},
				"down": {"uv": [2.75, 8.375, 2.625, 8.625], "texture": "#0"}
			}
		},
		{
			"from": [18, 6.25, 13],
			"to": [18.25, 9.5, 14.5],
			"rotation": {"angle": -22.5, "axis": "x", "origin": [16, 0, 0]},
			"faces": {
				"north": {"uv": [8, 5.25, 8.125, 5.625], "texture": "#0"},
				"east": {"uv": [0.5, 7.625, 0.75, 8], "texture": "#0"},
				"south": {"uv": [8, 5.625, 8.125, 6], "texture": "#0"},
				"west": {"uv": [0.75, 7.625, 1, 8], "texture": "#0"},
				"up": {"uv": [2.875, 8.625, 2.75, 8.375], "texture": "#0"},
				"down": {"uv": [8.5, 2.75, 8.375, 3], "texture": "#0"}
			}
		},
		{
			"from": [18, 7.25, 11],
			"to": [18.25, 10.5, 12.5],
			"rotation": {"angle": -22.5, "axis": "x", "origin": [16, 0, 0]},
			"faces": {
				"north": {"uv": [8, 6, 8.125, 6.375], "texture": "#0"},
				"east": {"uv": [7.625, 0.75, 7.875, 1.125], "texture": "#0"},
				"south": {"uv": [8, 6.375, 8.125, 6.75], "texture": "#0"},
				"west": {"uv": [1, 7.625, 1.25, 8], "texture": "#0"},
				"up": {"uv": [3, 8.625, 2.875, 8.375], "texture": "#0"},
				"down": {"uv": [3.125, 8.375, 3, 8.625], "texture": "#0"}
			}
		},
		{
			"from": [18, 8.25, 9],
			"to": [18.25, 11.5, 10.5],
			"rotation": {"angle": -22.5, "axis": "x", "origin": [16, 0, 0]},
			"faces": {
				"north": {"uv": [8, 6.75, 8.125, 7.125], "texture": "#0"},
				"east": {"uv": [7.625, 1.125, 7.875, 1.5], "texture": "#0"},
				"south": {"uv": [8, 7.125, 8.125, 7.5], "texture": "#0"},
				"west": {"uv": [1.25, 7.625, 1.5, 8], "texture": "#0"},
				"up": {"uv": [8.5, 3.25, 8.375, 3], "texture": "#0"},
				"down": {"uv": [3.25, 8.375, 3.125, 8.625], "texture": "#0"}
			}
		},
		{
			"from": [18, 9.25, 7],
			"to": [18.25, 12.5, 8.5],
			"rotation": {"angle": -22.5, "axis": "x", "origin": [16, 0, 0]},
			"faces": {
				"north": {"uv": [8, 7.5, 8.125, 7.875], "texture": "#0"},
				"east": {"uv": [1.5, 7.625, 1.75, 8], "texture": "#0"},
				"south": {"uv": [8, 7.875, 8.125, 8.25], "texture": "#0"},
				"west": {"uv": [7.625, 1.5, 7.875, 1.875], "texture": "#0"},
				"up": {"uv": [3.375, 8.625, 3.25, 8.375], "texture": "#0"},
				"down": {"uv": [8.5, 3.25, 8.375, 3.5], "texture": "#0"}
			}
		},
		{
			"from": [18, 10.25, 5],
			"to": [18.25, 13.5, 6.5],
			"rotation": {"angle": -22.5, "axis": "x", "origin": [16, 0, 0]},
			"faces": {
				"north": {"uv": [8.125, 0, 8.25, 0.375], "texture": "#0"},
				"east": {"uv": [1.75, 7.625, 2, 8], "texture": "#0"},
				"south": {"uv": [8.125, 0.375, 8.25, 0.75], "texture": "#0"},
				"west": {"uv": [7.625, 1.875, 7.875, 2.25], "texture": "#0"},
				"up": {"uv": [3.5, 8.625, 3.375, 8.375], "texture": "#0"},
				"down": {"uv": [3.625, 8.375, 3.5, 8.625], "texture": "#0"}
			}
		},
		{
			"from": [-2.5, 4.25, 20.25],
			"to": [18.5, 7.5, 21.75],
			"rotation": {"angle": -22.5, "axis": "x", "origin": [16, 0, 0]},
			"faces": {
				"north": {"uv": [5, 0.375, 7.625, 0.75], "texture": "#0"},
				"east": {"uv": [7.625, 4.125, 7.875, 4.5], "texture": "#0"},
				"south": {"uv": [5, 0.75, 7.625, 1.125], "texture": "#0"},
				"west": {"uv": [4.25, 7.625, 4.5, 8], "texture": "#0"},
				"up": {"uv": [5.25, 6.125, 2.625, 5.875], "texture": "#0"},
				"down": {"uv": [7.875, 5.875, 5.25, 6.125], "texture": "#0"}
			}
		},
		{
			"from": [17.75, 5.25, 18.25],
			"to": [18.5, 8.5, 19.75],
			"rotation": {"angle": -22.5, "axis": "x", "origin": [16, 0, 0]},
			"faces": {
				"north": {"uv": [8.125, 6, 8.25, 6.375], "texture": "#0"},
				"east": {"uv": [7.625, 4.5, 7.875, 4.875], "texture": "#0"},
				"south": {"uv": [8.125, 6.375, 8.25, 6.75], "texture": "#0"},
				"west": {"uv": [7.625, 4.875, 7.875, 5.25], "texture": "#0"},
				"up": {"uv": [8.5, 5.5, 8.375, 5.25], "texture": "#0"},
				"down": {"uv": [8.5, 5.5, 8.375, 5.75], "texture": "#0"}
			}
		},
		{
			"from": [17.75, 6.25, 16.25],
			"to": [18.5, 9.5, 17.75],
			"rotation": {"angle": -22.5, "axis": "x", "origin": [16, 0, 0]},
			"faces": {
				"north": {"uv": [8.125, 6.75, 8.25, 7.125], "texture": "#0"},
				"east": {"uv": [7.625, 6.75, 7.875, 7.125], "texture": "#0"},
				"south": {"uv": [8.125, 7.125, 8.25, 7.5], "texture": "#0"},
				"west": {"uv": [7.75, 5.25, 8, 5.625], "texture": "#0"},
				"up": {"uv": [8.5, 6, 8.375, 5.75], "texture": "#0"},
				"down": {"uv": [8.5, 6, 8.375, 6.25], "texture": "#0"}
			}
		},
		{
			"from": [17.75, 7.25, 14.25],
			"to": [18.5, 10.5, 15.75],
			"rotation": {"angle": -22.5, "axis": "x", "origin": [16, 0, 0]},
			"faces": {
				"north": {"uv": [8.125, 7.5, 8.25, 7.875], "texture": "#0"},
				"east": {"uv": [7.75, 6.125, 8, 6.5], "texture": "#0"},
				"south": {"uv": [8.125, 7.875, 8.25, 8.25], "texture": "#0"},
				"west": {"uv": [7.75, 7.125, 8, 7.5], "texture": "#0"},
				"up": {"uv": [8.5, 6.5, 8.375, 6.25], "texture": "#0"},
				"down": {"uv": [8.5, 6.5, 8.375, 6.75], "texture": "#0"}
			}
		},
		{
			"from": [17.75, 8.25, 12.25],
			"to": [18.5, 11.5, 13.75],
			"rotation": {"angle": -22.5, "axis": "x", "origin": [16, 0, 0]},
			"faces": {
				"north": {"uv": [8.25, 0, 8.375, 0.375], "texture": "#0"},
				"east": {"uv": [7.75, 7.5, 8, 7.875], "texture": "#0"},
				"south": {"uv": [8.25, 0.375, 8.375, 0.75], "texture": "#0"},
				"west": {"uv": [7.875, 0, 8.125, 0.375], "texture": "#0"},
				"up": {"uv": [8.5, 7, 8.375, 6.75], "texture": "#0"},
				"down": {"uv": [8.5, 7, 8.375, 7.25], "texture": "#0"}
			}
		},
		{
			"from": [17.75, 9.25, 10.25],
			"to": [18.5, 12.5, 11.75],
			"rotation": {"angle": -22.5, "axis": "x", "origin": [16, 0, 0]},
			"faces": {
				"north": {"uv": [8.25, 0.75, 8.375, 1.125], "texture": "#0"},
				"east": {"uv": [7.875, 0.375, 8.125, 0.75], "texture": "#0"},
				"south": {"uv": [8.25, 1.125, 8.375, 1.5], "texture": "#0"},
				"west": {"uv": [7.875, 0.75, 8.125, 1.125], "texture": "#0"},
				"up": {"uv": [8.5, 7.5, 8.375, 7.25], "texture": "#0"},
				"down": {"uv": [8.5, 7.5, 8.375, 7.75], "texture": "#0"}
			}
		},
		{
			"from": [17.75, 10.25, 8.25],
			"to": [18.5, 13.5, 9.75],
			"rotation": {"angle": -22.5, "axis": "x", "origin": [16, 0, 0]},
			"faces": {
				"north": {"uv": [8.25, 1.5, 8.375, 1.875], "texture": "#0"},
				"east": {"uv": [7.875, 1.125, 8.125, 1.5], "texture": "#0"},
				"south": {"uv": [8.25, 1.875, 8.375, 2.25], "texture": "#0"},
				"west": {"uv": [7.875, 1.5, 8.125, 1.875], "texture": "#0"},
				"up": {"uv": [8.5, 8, 8.375, 7.75], "texture": "#0"},
				"down": {"uv": [8.5, 8, 8.375, 8.25], "texture": "#0"}
			}
		},
		{
			"from": [17.75, 11.25, 6.25],
			"to": [18.5, 14.5, 7.75],
			"rotation": {"angle": -22.5, "axis": "x", "origin": [16, 0, 0]},
			"faces": {
				"north": {"uv": [8.25, 2.25, 8.375, 2.625], "texture": "#0"},
				"east": {"uv": [7.875, 1.875, 8.125, 2.25], "texture": "#0"},
				"south": {"uv": [8.25, 2.625, 8.375, 3], "texture": "#0"},
				"west": {"uv": [7.875, 2.25, 8.125, 2.625], "texture": "#0"},
				"up": {"uv": [8.375, 8.625, 8.25, 8.375], "texture": "#0"},
				"down": {"uv": [8.5, 8.25, 8.375, 8.5], "texture": "#0"}
			}
		}
	],
	"display": {
		"thirdperson_righthand": {
			"translation": [0, -1.75, 0.5],
			"scale": [0.4, 0.4, 0.4]
		},
		"thirdperson_lefthand": {
			"translation": [0, -1.75, 0.5],
			"scale": [0.4, 0.4, 0.4]
		},
		"firstperson_righthand": {
			"rotation": [-9, 129, 0],
			"translation": [2, 0, -2.75],
			"scale": [0.4, 0.4, 0.4]
		},
		"firstperson_lefthand": {
			"rotation": [-9, 129, 0],
			"translation": [2, 0, -2.75],
			"scale": [0.4, 0.4, 0.4]
		},
		"ground": {
			"scale": [0.4, 0.4, 0.4]
		},
		"gui": {
			"rotation": [180, 40, -167],
			"translation": [-0.25, -2.75, 0],
			"scale": [0.5, 0.5, 0.5]
		},
		"head": {
			"translation": [0, -1.25, -1],
			"scale": [0.8, 0.8, 0.8]
		},
		"fixed": {
			"rotation": [-90, 0, 0],
			"translation": [0, 0.25, 2]
		}
	}
}