{
	"credit": "Made with Blockbench",
	"parent": "carved_pumpkin",
	"texture_size": [64, 64],
	"textures": {
		"0": "block/steam_punk_hat",
		"particle": "block/steam_punk_hat"
	},
	"elements": [
		{
			"from": [1, 1.5, 0.5],
			"to": [2, 2.75, 15],
			"faces": {
				"north": {"uv": [1.25, 13.75, 1.5, 14], "texture": "#0"},
				"east": {"uv": [11, 6, 14.75, 6.25], "texture": "#0"},
				"south": {"uv": [1.5, 13.75, 1.75, 14], "texture": "#0"},
				"west": {"uv": [11, 6.25, 14.75, 6.5], "texture": "#0"},
				"up": {"uv": [8.75, 14.25, 8.5, 10.5], "texture": "#0"},
				"down": {"uv": [9, 10.5, 8.75, 14.25], "texture": "#0"}
			}
		},
		{
			"from": [2, 0.75, 0.25],
			"to": [4, 2, 15.25],
			"faces": {
				"north": {"uv": [5, 3.5, 5.5, 3.75], "texture": "#0"},
				"east": {"uv": [4.75, 10.5, 8.5, 10.75], "texture": "#0"},
				"south": {"uv": [5, 3.75, 5.5, 4], "texture": "#0"},
				"west": {"uv": [4.75, 10.75, 8.5, 11], "texture": "#0"},
				"up": {"uv": [3.25, 13.25, 2.75, 9.5], "texture": "#0"},
				"down": {"uv": [3.75, 9.5, 3.25, 13.25], "texture": "#0"}
			}
		},
		{
			"from": [3, 0, 0],
			"to": [13, 1, 15.5],
			"faces": {
				"north": {"uv": [13, 10.75, 15, 11], "texture": "#0"},
				"east": {"uv": [9.25, 2.25, 13.25, 2.5], "texture": "#0"},
				"south": {"uv": [12.25, 13, 14.25, 13.25], "texture": "#0"},
				"west": {"uv": [9.25, 2.5, 13.25, 2.75], "texture": "#0"},
				"up": {"uv": [2, 4, 0, 0], "texture": "#0"},
				"down": {"uv": [4, 0, 2, 4], "texture": "#0"}
			}
		},
		{
			"from": [14, 1.5, 0.5],
			"to": [15, 2.75, 15],
			"rotation": {"angle": 0, "axis": "y", "origin": [16, 0, 0]},
			"faces": {
				"north": {"uv": [1.75, 13.75, 2, 14], "texture": "#0"},
				"east": {"uv": [11, 6.5, 14.75, 6.75], "texture": "#0"},
				"south": {"uv": [2, 13.75, 2.25, 14], "texture": "#0"},
				"west": {"uv": [11, 6.75, 14.75, 7], "texture": "#0"},
				"up": {"uv": [9.25, 14.25, 9, 10.5], "texture": "#0"},
				"down": {"uv": [9.5, 10.5, 9.25, 14.25], "texture": "#0"}
			}
		},
		{
			"from": [12, 0.75, 0.25],
			"to": [14, 2, 15.25],
			"rotation": {"angle": 0, "axis": "y", "origin": [16, 0, 0]},
			"faces": {
				"north": {"uv": [4.75, 10.25, 5.25, 10.5], "texture": "#0"},
				"east": {"uv": [4.75, 11, 8.5, 11.25], "texture": "#0"},
				"south": {"uv": [0.5, 13.75, 1, 14], "texture": "#0"},
				"west": {"uv": [11, 5.75, 14.75, 6], "texture": "#0"},
				"up": {"uv": [4.25, 13.25, 3.75, 9.5], "texture": "#0"},
				"down": {"uv": [4.75, 9.5, 4.25, 13.25], "texture": "#0"}
			}
		},
		{
			"from": [3, 1, 2.5],
			"to": [13, 10.5, 13],
			"faces": {
				"north": {"uv": [5.25, 8, 7.75, 10.5], "texture": "#0"},
				"east": {"uv": [5.5, 5.5, 8.25, 8], "texture": "#0"},
				"south": {"uv": [7.75, 8, 10.25, 10.5], "texture": "#0"},
				"west": {"uv": [0, 6.75, 2.75, 9.25], "texture": "#0"},
				"up": {"uv": [9.25, 2.75, 6.75, 0], "texture": "#0"},
				"down": {"uv": [5.25, 6.75, 2.75, 9.5], "texture": "#0"}
			}
		},
		{
			"from": [2.75, 1.25, 2.25],
			"to": [13.25, 3.75, 13.25],
			"faces": {
				"north": {"uv": [8.25, 5.75, 11, 6.5], "texture": "#0"},
				"east": {"uv": [8.25, 6.5, 11, 7.25], "texture": "#0"},
				"south": {"uv": [8.25, 7.25, 11, 8], "texture": "#0"},
				"west": {"uv": [0, 9.25, 2.75, 10], "texture": "#0"},
				"up": {"uv": [2.75, 6.75, 0, 4], "texture": "#0"},
				"down": {"uv": [6.75, 0, 4, 2.75], "texture": "#0"}
			}
		},
		{
			"from": [2.75, 7.25, 2.25],
			"to": [13.25, 9.75, 13.25],
			"faces": {
				"north": {"uv": [9.25, 0, 12, 0.75], "texture": "#0"},
				"east": {"uv": [9.25, 0.75, 12, 1.5], "texture": "#0"},
				"south": {"uv": [9.25, 1.5, 12, 2.25], "texture": "#0"},
				"west": {"uv": [0, 10, 2.75, 10.75], "texture": "#0"},
				"up": {"uv": [5.5, 6.75, 2.75, 4], "texture": "#0"},
				"down": {"uv": [8.25, 2.75, 5.5, 5.5], "texture": "#0"}
			}
		},
		{
			"from": [4.25, 1.25, 1.5],
			"to": [7.25, 4.25, 2.5],
			"faces": {
				"north": {"uv": [4, 2.75, 4.75, 3.5], "texture": "#0"},
				"east": {"uv": [5.25, 6.75, 5.5, 7.5], "texture": "#0"},
				"south": {"uv": [4.75, 2.75, 5.5, 3.5], "texture": "#0"},
				"west": {"uv": [4.75, 9.5, 5, 10.25], "texture": "#0"},
				"up": {"uv": [14, 11.25, 13.25, 11], "texture": "#0"},
				"down": {"uv": [13, 13.25, 12.25, 13.5], "texture": "#0"}
			}
		},
		{
			"from": [6.5, 3.75, 1.75],
			"to": [6.75, 4.75, 2.75],
			"faces": {
				"north": {"uv": [2.25, 13.75, 2.5, 14], "texture": "#0"},
				"east": {"uv": [2.5, 13.75, 2.75, 14], "texture": "#0"},
				"south": {"uv": [2.75, 13.75, 3, 14], "texture": "#0"},
				"west": {"uv": [3, 13.75, 3.25, 14], "texture": "#0"},
				"up": {"uv": [3.5, 14, 3.25, 13.75], "texture": "#0"},
				"down": {"uv": [4.25, 13.75, 4, 14], "texture": "#0"}
			}
		},
		{
			"from": [9, -3.75, 1.75],
			"to": [9.25, -2.75, 2.75],
			"rotation": {"angle": 45, "axis": "z", "origin": [0, 0, 0]},
			"faces": {
				"north": {"uv": [14.25, 4.5, 14.5, 4.75], "texture": "#0"},
				"east": {"uv": [14.25, 4.75, 14.5, 5], "texture": "#0"},
				"south": {"uv": [14.25, 5, 14.5, 5.25], "texture": "#0"},
				"west": {"uv": [14.25, 5.25, 14.5, 5.5], "texture": "#0"},
				"up": {"uv": [14.5, 5.75, 14.25, 5.5], "texture": "#0"},
				"down": {"uv": [6.5, 14.25, 6.25, 14.5], "texture": "#0"}
			}
		},
		{
			"from": [9, 1.5, 1.25],
			"to": [11.5, 4, 2.25],
			"rotation": {"angle": 0, "axis": "y", "origin": [16, 0, 0]},
			"faces": {
				"north": {"uv": [6.25, 12, 7, 12.75], "texture": "#0"},
				"east": {"uv": [5, 9.5, 5.25, 10.25], "texture": "#0"},
				"south": {"uv": [7, 12, 7.75, 12.75], "texture": "#0"},
				"west": {"uv": [13, 13.25, 13.25, 14], "texture": "#0"},
				"up": {"uv": [14, 13.5, 13.25, 13.25], "texture": "#0"},
				"down": {"uv": [3.5, 13.5, 2.75, 13.75], "texture": "#0"}
			}
		},
		{
			"from": [2.5, 7.75, 3],
			"to": [13.5, 9, 4.25],
			"rotation": {"angle": 0, "axis": "y", "origin": [16, 0, 0]},
			"faces": {
				"north": {"uv": [13, 8, 15.75, 8.25], "texture": "#0"},
				"east": {"uv": [12.75, 14.25, 13, 14.5], "texture": "#0"},
				"south": {"uv": [13, 8.25, 15.75, 8.5], "texture": "#0"},
				"west": {"uv": [14.25, 12.75, 14.5, 13], "texture": "#0"},
				"up": {"uv": [15.75, 8.75, 13, 8.5], "texture": "#0"},
				"down": {"uv": [15.75, 8.75, 13, 9], "texture": "#0"}
			}
		},
		{
			"from": [2.5, 7.75, 5.75],
			"to": [13.5, 9, 7],
			"rotation": {"angle": 0, "axis": "y", "origin": [16, 0, 0]},
			"faces": {
				"north": {"uv": [11.5, 12, 14.25, 12.25], "texture": "#0"},
				"east": {"uv": [12.5, 14.25, 12.75, 14.5], "texture": "#0"},
				"south": {"uv": [11.5, 12.25, 14.25, 12.5], "texture": "#0"},
				"west": {"uv": [14.25, 12.5, 14.5, 12.75], "texture": "#0"},
				"up": {"uv": [14.25, 12.75, 11.5, 12.5], "texture": "#0"},
				"down": {"uv": [14.25, 12.75, 11.5, 13], "texture": "#0"}
			}
		},
		{
			"from": [2.5, 7.75, 11.25],
			"to": [13.5, 9, 12.5],
			"rotation": {"angle": 0, "axis": "y", "origin": [16, 0, 0]},
			"faces": {
				"north": {"uv": [12, 1.25, 14.75, 1.5], "texture": "#0"},
				"east": {"uv": [12.25, 14.25, 12.5, 14.5], "texture": "#0"},
				"south": {"uv": [12, 1.5, 14.75, 1.75], "texture": "#0"},
				"west": {"uv": [14.25, 12.25, 14.5, 12.5], "texture": "#0"},
				"up": {"uv": [14.75, 2, 12, 1.75], "texture": "#0"},
				"down": {"uv": [14.75, 2, 12, 2.25], "texture": "#0"}
			}
		},
		{
			"from": [2.5, 7.75, 8.5],
			"to": [13.5, 9, 9.75],
			"rotation": {"angle": 0, "axis": "y", "origin": [16, 0, 0]},
			"faces": {
				"north": {"uv": [12, 0.25, 14.75, 0.5], "texture": "#0"},
				"east": {"uv": [12, 14.25, 12.25, 14.5], "texture": "#0"},
				"south": {"uv": [12, 0.5, 14.75, 0.75], "texture": "#0"},
				"west": {"uv": [14.25, 12, 14.5, 12.25], "texture": "#0"},
				"up": {"uv": [14.75, 1, 12, 0.75], "texture": "#0"},
				"down": {"uv": [14.75, 1, 12, 1.25], "texture": "#0"}
			}
		},
		{
			"from": [11, 3.75, 1.75],
			"to": [11.25, 4.75, 2.75],
			"rotation": {"angle": 0, "axis": "y", "origin": [16, 0, 0]},
			"faces": {
				"north": {"uv": [4.25, 13.75, 4.5, 14], "texture": "#0"},
				"east": {"uv": [4.5, 13.75, 4.75, 14], "texture": "#0"},
				"south": {"uv": [6.25, 13.75, 6.5, 14], "texture": "#0"},
				"west": {"uv": [6.5, 13.75, 6.75, 14], "texture": "#0"},
				"up": {"uv": [7, 14, 6.75, 13.75], "texture": "#0"},
				"down": {"uv": [9.75, 13.75, 9.5, 14], "texture": "#0"}
			}
		},
		{
			"from": [10, -0.75, 1.75],
			"to": [10.25, 0.25, 2.75],
			"rotation": {"angle": -45, "axis": "z", "origin": [16, 0, 0]},
			"faces": {
				"north": {"uv": [1.75, 14, 2, 14.25], "texture": "#0"},
				"east": {"uv": [2, 14, 2.25, 14.25], "texture": "#0"},
				"south": {"uv": [2.25, 14, 2.5, 14.25], "texture": "#0"},
				"west": {"uv": [2.5, 14, 2.75, 14.25], "texture": "#0"},
				"up": {"uv": [3, 14.25, 2.75, 14], "texture": "#0"},
				"down": {"uv": [3.25, 14, 3, 14.25], "texture": "#0"}
			}
		},
		{
			"from": [11.25, 3.25, 1.75],
			"to": [12.25, 3.5, 2.75],
			"rotation": {"angle": 0, "axis": "z", "origin": [16, 0, 0]},
			"faces": {
				"north": {"uv": [6.75, 14, 7, 14.25], "texture": "#0"},
				"east": {"uv": [14, 7, 14.25, 7.25], "texture": "#0"},
				"south": {"uv": [14, 7.25, 14.25, 7.5], "texture": "#0"},
				"west": {"uv": [14, 7.5, 14.25, 7.75], "texture": "#0"},
				"up": {"uv": [14.25, 8, 14, 7.75], "texture": "#0"},
				"down": {"uv": [9.75, 14, 9.5, 14.25], "texture": "#0"}
			}
		},
		{
			"from": [11.25, 1.75, 1.75],
			"to": [12.25, 2, 2.75],
			"rotation": {"angle": 0, "axis": "y", "origin": [16, 0, 0]},
			"faces": {
				"north": {"uv": [11.5, 14, 11.75, 14.25], "texture": "#0"},
				"east": {"uv": [14, 11.5, 14.25, 11.75], "texture": "#0"},
				"south": {"uv": [11.75, 14, 12, 14.25], "texture": "#0"},
				"west": {"uv": [12, 14, 12.25, 14.25], "texture": "#0"},
				"up": {"uv": [13.25, 14.25, 13, 14], "texture": "#0"},
				"down": {"uv": [14.25, 13.25, 14, 13.5], "texture": "#0"}
			}
		},
		{
			"from": [8.25, 3.25, 1.75],
			"to": [9.25, 3.5, 2.75],
			"rotation": {"angle": 0, "axis": "y", "origin": [16, 0, 0]},
			"faces": {
				"north": {"uv": [14.25, 2.25, 14.5, 2.5], "texture": "#0"},
				"east": {"uv": [2.5, 14.25, 2.75, 14.5], "texture": "#0"},
				"south": {"uv": [14.25, 2.5, 14.5, 2.75], "texture": "#0"},
				"west": {"uv": [2.75, 14.25, 3, 14.5], "texture": "#0"},
				"up": {"uv": [14.5, 3, 14.25, 2.75], "texture": "#0"},
				"down": {"uv": [3.25, 14.25, 3, 14.5], "texture": "#0"}
			}
		},
		{
			"from": [8.25, 1.75, 1.75],
			"to": [9.25, 2, 2.75],
			"rotation": {"angle": 0, "axis": "y", "origin": [16, 0, 0]},
			"faces": {
				"north": {"uv": [1, 14.25, 1.25, 14.5], "texture": "#0"},
				"east": {"uv": [1.25, 14.25, 1.5, 14.5], "texture": "#0"},
				"south": {"uv": [1.5, 14.25, 1.75, 14.5], "texture": "#0"},
				"west": {"uv": [1.75, 14.25, 2, 14.5], "texture": "#0"},
				"up": {"uv": [2.25, 14.5, 2, 14.25], "texture": "#0"},
				"down": {"uv": [2.5, 14.25, 2.25, 14.5], "texture": "#0"}
			}
		},
		{
			"from": [6.75, -3.75, 1.75],
			"to": [7, -2.75, 2.75],
			"rotation": {"angle": -45, "axis": "z", "origin": [16, 0, 0]},
			"faces": {
				"north": {"uv": [13.75, 10, 14, 10.25], "texture": "#0"},
				"east": {"uv": [13.75, 10.25, 14, 10.5], "texture": "#0"},
				"south": {"uv": [13.75, 10.5, 14, 10.75], "texture": "#0"},
				"west": {"uv": [11.5, 13.75, 11.75, 14], "texture": "#0"},
				"up": {"uv": [12, 14, 11.75, 13.75], "texture": "#0"},
				"down": {"uv": [12.25, 13.75, 12, 14], "texture": "#0"}
			}
		},
		{
			"from": [8.75, 1.25, 1.5],
			"to": [11.75, 4.25, 2.5],
			"rotation": {"angle": 0, "axis": "y", "origin": [16, 0, 0]},
			"faces": {
				"north": {"uv": [6.25, 12.75, 7, 13.5], "texture": "#0"},
				"east": {"uv": [3.5, 13.5, 3.75, 14.25], "texture": "#0"},
				"south": {"uv": [7, 12.75, 7.75, 13.5], "texture": "#0"},
				"west": {"uv": [3.75, 13.5, 4, 14.25], "texture": "#0"},
				"up": {"uv": [4.75, 13.75, 4, 13.5], "texture": "#0"},
				"down": {"uv": [7, 13.5, 6.25, 13.75], "texture": "#0"}
			}
		},
		{
			"from": [6.25, 5.5, 2.25],
			"to": [9.75, 7.25, 3],
			"faces": {
				"north": {"uv": [4, 3.5, 5, 4], "texture": "#0"},
				"east": {"uv": [5.25, 7.5, 5.5, 8], "texture": "#0"},
				"south": {"uv": [13.25, 2.25, 14.25, 2.75], "texture": "#0"},
				"west": {"uv": [1, 13.75, 1.25, 14.25], "texture": "#0"},
				"up": {"uv": [3.75, 13.5, 2.75, 13.25], "texture": "#0"},
				"down": {"uv": [4.75, 13.25, 3.75, 13.5], "texture": "#0"}
			}
		},
		{
			"from": [6.75, 1.75, 1.75],
			"to": [7.75, 2, 2.75],
			"faces": {
				"north": {"uv": [13.75, 13.5, 14, 13.75], "texture": "#0"},
				"east": {"uv": [13.75, 13.75, 14, 14], "texture": "#0"},
				"south": {"uv": [0.5, 14, 0.75, 14.25], "texture": "#0"},
				"west": {"uv": [0.75, 14, 1, 14.25], "texture": "#0"},
				"up": {"uv": [1.5, 14.25, 1.25, 14], "texture": "#0"},
				"down": {"uv": [1.75, 14, 1.5, 14.25], "texture": "#0"}
			}
		},
		{
			"from": [4.75, 3.75, 1.75],
			"to": [5, 4.75, 2.75],
			"faces": {
				"north": {"uv": [3.25, 14, 3.5, 14.25], "texture": "#0"},
				"east": {"uv": [4, 14, 4.25, 14.25], "texture": "#0"},
				"south": {"uv": [4.25, 14, 4.5, 14.25], "texture": "#0"},
				"west": {"uv": [4.5, 14, 4.75, 14.25], "texture": "#0"},
				"up": {"uv": [6.5, 14.25, 6.25, 14], "texture": "#0"},
				"down": {"uv": [6.75, 14, 6.5, 14.25], "texture": "#0"}
			}
		},
		{
			"from": [5.75, -0.75, 1.75],
			"to": [6, 0.25, 2.75],
			"rotation": {"angle": 45, "axis": "z", "origin": [0, 0, 0]},
			"faces": {
				"north": {"uv": [9.75, 14, 10, 14.25], "texture": "#0"},
				"east": {"uv": [10, 14, 10.25, 14.25], "texture": "#0"},
				"south": {"uv": [14, 10, 14.25, 10.25], "texture": "#0"},
				"west": {"uv": [14, 10.25, 14.25, 10.5], "texture": "#0"},
				"up": {"uv": [14.25, 10.75, 14, 10.5], "texture": "#0"},
				"down": {"uv": [14.25, 11, 14, 11.25], "texture": "#0"}
			}
		},
		{
			"from": [6.75, 3.25, 1.75],
			"to": [7.75, 3.5, 2.75],
			"faces": {
				"north": {"uv": [14, 13.5, 14.25, 13.75], "texture": "#0"},
				"east": {"uv": [13.75, 14, 14, 14.25], "texture": "#0"},
				"south": {"uv": [14, 13.75, 14.25, 14], "texture": "#0"},
				"west": {"uv": [14, 14, 14.25, 14.25], "texture": "#0"},
				"up": {"uv": [0.75, 14.5, 0.5, 14.25], "texture": "#0"},
				"down": {"uv": [1, 14.25, 0.75, 14.5], "texture": "#0"}
			}
		},
		{
			"from": [3.75, 1.75, 1.75],
			"to": [4.75, 2, 2.75],
			"faces": {
				"north": {"uv": [14.25, 3, 14.5, 3.25], "texture": "#0"},
				"east": {"uv": [3.25, 14.25, 3.5, 14.5], "texture": "#0"},
				"south": {"uv": [14.25, 3.25, 14.5, 3.5], "texture": "#0"},
				"west": {"uv": [3.5, 14.25, 3.75, 14.5], "texture": "#0"},
				"up": {"uv": [14.5, 3.75, 14.25, 3.5], "texture": "#0"},
				"down": {"uv": [4, 14.25, 3.75, 14.5], "texture": "#0"}
			}
		},
		{
			"from": [3.75, 3.25, 1.75],
			"to": [4.75, 3.5, 2.75],
			"faces": {
				"north": {"uv": [14.25, 3.75, 14.5, 4], "texture": "#0"},
				"east": {"uv": [4, 14.25, 4.25, 14.5], "texture": "#0"},
				"south": {"uv": [14.25, 4, 14.5, 4.25], "texture": "#0"},
				"west": {"uv": [4.25, 14.25, 4.5, 14.5], "texture": "#0"},
				"up": {"uv": [14.5, 4.5, 14.25, 4.25], "texture": "#0"},
				"down": {"uv": [4.75, 14.25, 4.5, 14.5], "texture": "#0"}
			}
		},
		{
			"from": [9.25, 3.75, 1.75],
			"to": [9.5, 4.75, 2.75],
			"rotation": {"angle": 0, "axis": "y", "origin": [16, 0, 0]},
			"faces": {
				"north": {"uv": [6.5, 14.25, 6.75, 14.5], "texture": "#0"},
				"east": {"uv": [6.75, 14.25, 7, 14.5], "texture": "#0"},
				"south": {"uv": [7, 14.25, 7.25, 14.5], "texture": "#0"},
				"west": {"uv": [14.25, 7, 14.5, 7.25], "texture": "#0"},
				"up": {"uv": [7.5, 14.5, 7.25, 14.25], "texture": "#0"},
				"down": {"uv": [14.5, 7.25, 14.25, 7.5], "texture": "#0"}
			}
		},
		{
			"from": [4.5, 1.5, 1.25],
			"to": [7, 4, 2.25],
			"faces": {
				"north": {"uv": [13, 10, 13.75, 10.75], "texture": "#0"},
				"east": {"uv": [7, 13.5, 7.25, 14.25], "texture": "#0"},
				"south": {"uv": [11.5, 13, 12.25, 13.75], "texture": "#0"},
				"west": {"uv": [7.25, 13.5, 7.5, 14.25], "texture": "#0"},
				"up": {"uv": [10.25, 13.75, 9.5, 13.5], "texture": "#0"},
				"down": {"uv": [14.25, 11.25, 13.5, 11.5], "texture": "#0"}
			}
		},
		{
			"from": [6, 7.75, 2],
			"to": [7.25, 9, 13.5],
			"faces": {
				"north": {"uv": [10.25, 14.25, 10.5, 14.5], "texture": "#0"},
				"east": {"uv": [11.25, 5.25, 14.25, 5.5], "texture": "#0"},
				"south": {"uv": [14.25, 10.25, 14.5, 10.5], "texture": "#0"},
				"west": {"uv": [11.25, 5.5, 14.25, 5.75], "texture": "#0"},
				"up": {"uv": [8.5, 14.25, 8.25, 11.25], "texture": "#0"},
				"down": {"uv": [10.5, 11.25, 10.25, 14.25], "texture": "#0"}
			}
		},
		{
			"from": [3.25, 7.75, 2],
			"to": [4.5, 9, 13.5],
			"faces": {
				"north": {"uv": [14.25, 10.5, 14.5, 10.75], "texture": "#0"},
				"east": {"uv": [10.5, 11.25, 13.5, 11.5], "texture": "#0"},
				"south": {"uv": [14.25, 11, 14.5, 11.25], "texture": "#0"},
				"west": {"uv": [4.75, 11.5, 7.75, 11.75], "texture": "#0"},
				"up": {"uv": [10.75, 14.5, 10.5, 11.5], "texture": "#0"},
				"down": {"uv": [11, 11.5, 10.75, 14.5], "texture": "#0"}
			}
		},
		{
			"from": [8.75, 7.75, 2],
			"to": [10, 9, 13.5],
			"rotation": {"angle": 0, "axis": "y", "origin": [16, 0, 0]},
			"faces": {
				"north": {"uv": [14.25, 11.25, 14.5, 11.5], "texture": "#0"},
				"east": {"uv": [11, 11.5, 14, 11.75], "texture": "#0"},
				"south": {"uv": [11.5, 14.25, 11.75, 14.5], "texture": "#0"},
				"west": {"uv": [4.75, 11.75, 7.75, 12], "texture": "#0"},
				"up": {"uv": [11.25, 14.75, 11, 11.75], "texture": "#0"},
				"down": {"uv": [11.5, 11.75, 11.25, 14.75], "texture": "#0"}
			}
		},
		{
			"from": [11.5, 7.75, 2],
			"to": [12.75, 9, 13.5],
			"rotation": {"angle": 0, "axis": "y", "origin": [16, 0, 0]},
			"faces": {
				"north": {"uv": [14.25, 11.5, 14.5, 11.75], "texture": "#0"},
				"east": {"uv": [11.5, 11.75, 14.5, 12], "texture": "#0"},
				"south": {"uv": [11.75, 14.25, 12, 14.5], "texture": "#0"},
				"west": {"uv": [12, 0, 15, 0.25], "texture": "#0"},
				"up": {"uv": [5, 15, 4.75, 12], "texture": "#0"},
				"down": {"uv": [5.25, 12, 5, 15], "texture": "#0"}
			}
		},
		{
			"from": [5, 7, 2],
			"to": [5.75, 10, 13.5],
			"faces": {
				"north": {"uv": [7.5, 13.5, 7.75, 14.25], "texture": "#0"},
				"east": {"uv": [8.25, 2.75, 11.25, 3.5], "texture": "#0"},
				"south": {"uv": [12.25, 13.5, 12.5, 14.25], "texture": "#0"},
				"west": {"uv": [8.25, 3.5, 11.25, 4.25], "texture": "#0"},
				"up": {"uv": [5.5, 15, 5.25, 12], "texture": "#0"},
				"down": {"uv": [5.75, 12, 5.5, 15], "texture": "#0"}
			}
		},
		{
			"from": [2.5, 7, 4.75],
			"to": [13.5, 10, 5.5],
			"rotation": {"angle": 0, "axis": "y", "origin": [16, 0, 0]},
			"faces": {
				"north": {"uv": [10.25, 9.5, 13, 10.25], "texture": "#0"},
				"east": {"uv": [0, 13.75, 0.25, 14.5], "texture": "#0"},
				"south": {"uv": [10.25, 10.25, 13, 11], "texture": "#0"},
				"west": {"uv": [0.25, 13.75, 0.5, 14.5], "texture": "#0"},
				"up": {"uv": [15.75, 9.75, 13, 9.5], "texture": "#0"},
				"down": {"uv": [15.75, 9.75, 13, 10], "texture": "#0"}
			}
		},
		{
			"from": [2.5, 7, 10.25],
			"to": [13.5, 10, 11],
			"rotation": {"angle": 0, "axis": "y", "origin": [16, 0, 0]},
			"faces": {
				"north": {"uv": [10.25, 8, 13, 8.75], "texture": "#0"},
				"east": {"uv": [13.25, 13.5, 13.5, 14.25], "texture": "#0"},
				"south": {"uv": [10.25, 8.75, 13, 9.5], "texture": "#0"},
				"west": {"uv": [13.5, 13.5, 13.75, 14.25], "texture": "#0"},
				"up": {"uv": [15.75, 9.25, 13, 9], "texture": "#0"},
				"down": {"uv": [15.75, 9.25, 13, 9.5], "texture": "#0"}
			}
		},
		{
			"from": [10.25, 7, 2],
			"to": [11, 10, 13.5],
			"rotation": {"angle": 0, "axis": "y", "origin": [16, 0, 0]},
			"faces": {
				"north": {"uv": [12.5, 13.5, 12.75, 14.25], "texture": "#0"},
				"east": {"uv": [8.25, 4.25, 11.25, 5], "texture": "#0"},
				"south": {"uv": [12.75, 13.5, 13, 14.25], "texture": "#0"},
				"west": {"uv": [8.25, 5, 11.25, 5.75], "texture": "#0"},
				"up": {"uv": [6, 15, 5.75, 12], "texture": "#0"},
				"down": {"uv": [6.25, 12, 6, 15], "texture": "#0"}
			}
		}
	],
	"display": {
		"thirdperson_righthand": {
			"scale": [0.5, 0.5, 0.5]
		},
		"thirdperson_lefthand": {
			"scale": [0.5, 0.5, 0.5]
		},
		"firstperson_righthand": {
			"rotation": [-7, 124, 0],
			"translation": [0.75, 5, 0],
			"scale": [0.5, 0.5, 0.5]
		},
		"firstperson_lefthand": {
			"rotation": [-7, 124, 0],
			"translation": [0.75, 5, 0],
			"scale": [0.5, 0.5, 0.5]
		},
		"ground": {
			"translation": [0, 6, 0],
			"scale": [0.5, 0.5, 0.5]
		},
		"gui": {
			"rotation": [-165.53, 23.51, -178.05],
			"translation": [0, 2, 0],
			"scale": [0.7, 0.7, 0.7]
		},
		"head": {
			"rotation": [9, 0, 0],
			"translation": [0, 13.75, 2.25],
			"scale": [1.6, 1.53, 1.45]
		},
		"fixed": {
			"rotation": [-90, 0, 0],
			"translation": [0.25, 0.5, -7]
		}
	}
}