{
	"credit": "Made with Blockbench",
	"parent": "carved_pumpkin",
	"texture_size": [64, 64],
	"textures": {
		"1": "block/wolf_wool",
		"particle": "block/wolf_wool"
	},
	"elements": [
		{
			"name": "head",
			"from": [-2, 7.5, -9],
			"to": [4, 13.5, -5],
			"faces": {
				"north": {"uv": [9.75, 7.75, 11.25, 9.25], "texture": "#1"},
				"east": {"uv": [8.75, 7.75, 9.75, 9.25], "texture": "#1"},
				"south": {"uv": [12.25, 7.75, 13.75, 9.25], "texture": "#1"},
				"west": {"uv": [11.25, 7.75, 12.25, 9.25], "texture": "#1"},
				"up": {"uv": [11.25, 7.75, 9.75, 6.75], "texture": "#1"},
				"down": {"uv": [12.75, 6.75, 11.25, 7.75], "texture": "#1"}
			}
		},
		{
			"name": "head",
			"from": [2, 13.5, -7],
			"to": [4, 15.5, -6],
			"faces": {
				"north": {"uv": [7.5625, 8.5625, 8.0625, 9.0625], "texture": "#1"},
				"east": {"uv": [3.5, 8.75, 3.75, 9.25], "texture": "#1"},
				"south": {"uv": [4.5, 8.75, 5, 9.25], "texture": "#1"},
				"west": {"uv": [4.25, 8.75, 4.5, 9.25], "texture": "#1"},
				"up": {"uv": [4.25, 8.75, 3.75, 8.5], "texture": "#1"},
				"down": {"uv": [4.75, 8.5, 4.25, 8.75], "texture": "#1"}
			}
		},
		{
			"name": "head",
			"from": [-2, 13.5, -7],
			"to": [0, 15.5, -6],
			"faces": {
				"north": {"uv": [7.5, 7.5625, 8, 8.0625], "texture": "#1"},
				"east": {"uv": [1.25, 8.75, 1.5, 9.25], "texture": "#1"},
				"south": {"uv": [2.25, 8.75, 2.75, 9.25], "texture": "#1"},
				"west": {"uv": [2, 8.75, 2.25, 9.25], "texture": "#1"},
				"up": {"uv": [2, 8.75, 1.5, 8.5], "texture": "#1"},
				"down": {"uv": [2.5, 8.5, 2, 8.75], "texture": "#1"}
			}
		},
		{
			"name": "head",
			"from": [-0.5, 7.51563, -12],
			"to": [2.5, 10.51563, -8],
			"faces": {
				"north": {"uv": [8.75, 5.5, 9.5, 6.25], "texture": "#1"},
				"east": {"uv": [7.75, 5.5, 8.75, 6.25], "texture": "#1"},
				"south": {"uv": [10.5, 5.5, 11.25, 6.25], "texture": "#1"},
				"west": {"uv": [9.5, 5.5, 10.5, 6.25], "texture": "#1"},
				"up": {"uv": [9.5, 5.5, 8.75, 4.5], "texture": "#1"},
				"down": {"uv": [10.25, 4.5, 9.5, 5.5], "texture": "#1"}
			}
		},
		{
			"name": "body",
			"from": [-2, 7.5, 0],
			"to": [4, 13.5, 9],
			"rotation": {"angle": 0, "axis": "y", "origin": [1, 7.5, 2]},
			"faces": {
				"north": {"uv": [7.125, 2.375, 8.625, 3.875], "texture": "#1"},
				"east": {"uv": [10.375, 0.25, 12.625, 1.75], "texture": "#1"},
				"south": {"uv": [10.875, 2.375, 12.375, 3.875], "texture": "#1"},
				"west": {"uv": [8.625, 2.375, 10.875, 3.875], "texture": "#1"},
				"up": {"uv": [8.625, 2.375, 7.125, 0.125], "texture": "#1"},
				"down": {"uv": [10.125, 0.125, 8.625, 2.375], "texture": "#1"}
			}
		},
		{
			"name": "upperBody",
			"from": [-3, 7, -6],
			"to": [5, 14, 0],
			"rotation": {"angle": 0, "axis": "y", "origin": [1, 15, 2.5]},
			"faces": {
				"north": {"uv": [1.0625, 1.3125, 3.0625, 3.0625], "texture": "#1"},
				"east": {"uv": [6.9375, 12.125, 8.4375, 13.875], "texture": "#1"},
				"south": {"uv": [11.9375, 12.125, 13.9375, 13.875], "texture": "#1"},
				"west": {"uv": [10.4375, 12.125, 11.9375, 13.875], "texture": "#1"},
				"up": {"uv": [10.4375, 12.125, 8.4375, 10.625], "texture": "#1"},
				"down": {"uv": [12.4375, 10.625, 10.4375, 12.125], "texture": "#1"}
			}
		},
		{
			"name": "leg0",
			"from": [2.5, 7.5, 6],
			"to": [10.5, 9.5, 8],
			"rotation": {"angle": 0, "axis": "y", "origin": [6.5, 8.5, 7]},
			"faces": {
				"north": {"uv": [7.5, 10, 9.5, 10.5], "texture": "#1"},
				"east": {"uv": [7, 10, 7.5, 10.5], "texture": "#1"},
				"south": {"uv": [10, 10, 12, 10.5], "texture": "#1"},
				"west": {"uv": [9.5, 10, 10, 10.5], "texture": "#1"},
				"up": {"uv": [9.5, 10, 7.5, 9.5], "texture": "#1"},
				"down": {"uv": [11.5, 9.5, 9.5, 10], "texture": "#1"}
			}
		},
		{
			"name": "leg1",
			"from": [-8.5, 7.5, 6],
			"to": [-0.5, 9.5, 8],
			"rotation": {"angle": 0, "axis": "y", "origin": [-4.5, 8.5, 7]},
			"faces": {
				"north": {"uv": [7.5, 10, 9.5, 10.5], "texture": "#1"},
				"east": {"uv": [7, 10, 7.5, 10.5], "texture": "#1"},
				"south": {"uv": [10, 10, 12, 10.5], "texture": "#1"},
				"west": {"uv": [9.5, 10, 10, 10.5], "texture": "#1"},
				"up": {"uv": [9.5, 10, 7.5, 9.5], "texture": "#1"},
				"down": {"uv": [11.5, 9.5, 9.5, 10], "texture": "#1"}
			}
		},
		{
			"name": "leg2",
			"from": [2.5, 7, -5],
			"to": [10.5, 9, -3],
			"rotation": {"angle": 0, "axis": "y", "origin": [6.5, 8, -4]},
			"faces": {
				"north": {"uv": [7.5, 10, 9.5, 10.5], "texture": "#1"},
				"east": {"uv": [7, 10, 7.5, 10.5], "texture": "#1"},
				"south": {"uv": [10, 10, 12, 10.5], "texture": "#1"},
				"west": {"uv": [9.5, 10, 10, 10.5], "texture": "#1"},
				"up": {"uv": [9.5, 10, 7.5, 9.5], "texture": "#1"},
				"down": {"uv": [11.5, 9.5, 9.5, 10], "texture": "#1"}
			}
		},
		{
			"name": "leg3",
			"from": [-8.5, 7, -5],
			"to": [-0.5, 9, -3],
			"rotation": {"angle": 0, "axis": "y", "origin": [-4.5, 8, -4]},
			"faces": {
				"north": {"uv": [7.5, 10, 9.5, 10.5], "texture": "#1"},
				"east": {"uv": [7, 10, 7.5, 10.5], "texture": "#1"},
				"south": {"uv": [10, 10, 12, 10.5], "texture": "#1"},
				"west": {"uv": [9.5, 10, 10, 10.5], "texture": "#1"},
				"up": {"uv": [9.5, 10, 7.5, 9.5], "texture": "#1"},
				"down": {"uv": [11.5, 9.5, 9.5, 10], "texture": "#1"}
			}
		},
		{
			"name": "tail",
			"from": [0, 3.64645, 10.47487],
			"to": [2, 11.64645, 12.47487],
			"rotation": {"angle": -45, "axis": "x", "origin": [1, 8, 9]},
			"faces": {
				"north": {"uv": [12.25, 4.5, 12.75, 6.5], "texture": "#1"},
				"east": {"uv": [11.75, 4.5, 12.25, 6.5], "texture": "#1"},
				"south": {"uv": [13.25, 4.5, 13.75, 6.5], "texture": "#1"},
				"west": {"uv": [12.75, 4.5, 13.25, 6.5], "texture": "#1"},
				"up": {"uv": [12.75, 4.5, 12.25, 4], "texture": "#1"},
				"down": {"uv": [13.25, 4, 12.75, 4.5], "texture": "#1"}
			}
		}
	],
	"display": {
		"thirdperson_righthand": {
			"translation": [2, 0, 2.25],
			"scale": [0.25, 0.25, 0.25]
		},
		"thirdperson_lefthand": {
			"translation": [-1.5, 0, 2.25],
			"scale": [0.25, 0.25, 0.25]
		},
		"firstperson_righthand": {
			"translation": [8.25, -4, 1.75],
			"scale": [0.5, 0.5, 0.5]
		},
		"firstperson_lefthand": {
			"translation": [3.75, -4, 1.75],
			"scale": [0.5, 0.5, 0.5]
		},
		"ground": {
			"translation": [3, -3.25, 3.75],
			"scale": [0.5, 0.5, 0.5]
		},
		"gui": {
			"rotation": [-149.59, 18.71, 178.56],
			"translation": [-3.25, 2.25, 0],
			"scale": [0.75, 0.75, 0.75]
		},
		"head": {
			"translation": [7, 6.25, 7.25]
		},
		"fixed": {
			"rotation": [-90, 0, 0],
			"translation": [10.5, 11.75, -1],
			"scale": [1.5, 1.5, 1.5]
		}
	},
	"groups": [
		{
			"name": "head",
			"origin": [1, 10.5, -7],
			"color": 0,
			"children": [0, 1, 2, 3]
		},
		{
			"name": "body",
			"origin": [0, 10, 2],
			"rotation": [-90, 0, 0],
			"color": 0,
			"children": [4]
		},
		{
			"name": "upperBody",
			"origin": [1, 10, 2],
			"rotation": [-90, 0, 0],
			"color": 0,
			"children": [5]
		},
		{
			"name": "leg0",
			"origin": [2.5, 8, 7],
			"color": 0,
			"children": [6]
		},
		{
			"name": "leg1",
			"origin": [-0.5, 8, 7],
			"color": 0,
			"children": [7]
		},
		{
			"name": "leg2",
			"origin": [2.5, 8, -4],
			"color": 0,
			"children": [8]
		},
		{
			"name": "leg3",
			"origin": [-0.5, 8, -4],
			"color": 0,
			"children": [9]
		},
		{
			"name": "tail",
			"origin": [1, 12, 8],
			"rotation": [-55, 0, 0],
			"color": 0,
			"children": [10]
		}
	]
}