{
	"credit": "Made with Blockbench",
	"parent": "iron_sword",
	"texture_size": [64, 64],
	"textures": {
		"0": "item/brief_case",
		"particle": "item/brief_case"
	},
	"elements": [
		{
			"from": [6, 0, 0],
			"to": [10, 11, 16],
			"rotation": {"angle": 0, "axis": "y", "origin": [7, 0, 0]},
			"faces": {
				"north": {"uv": [2.5, 5.5, 3.5, 8.25], "texture": "#0"},
				"east": {"uv": [0, 0, 4, 2.75], "texture": "#0"},
				"south": {"uv": [5, 6, 6, 8.75], "texture": "#0"},
				"west": {"uv": [0, 2.75, 4, 5.5], "texture": "#0"},
				"up": {"uv": [5, 4, 4, 0], "texture": "#0"},
				"down": {"uv": [5, 4, 4, 8], "texture": "#0"}
			}
		},
		{
			"from": [7.2, 11, 9.6],
			"to": [8.8, 13.6, 10.4],
			"rotation": {"angle": 0, "axis": "y", "origin": [7, 6.7, 0.8]},
			"faces": {
				"north": {"uv": [6.75, 3.25, 7.25, 4], "texture": "#0"},
				"east": {"uv": [7, 6.75, 7.25, 7.5], "texture": "#0"},
				"south": {"uv": [6.75, 4, 7.25, 4.75], "texture": "#0"},
				"west": {"uv": [7.25, 0, 7.5, 0.75], "texture": "#0"},
				"up": {"uv": [7.75, 1, 7.25, 0.75], "texture": "#0"},
				"down": {"uv": [7.75, 1, 7.25, 1.25], "texture": "#0"}
			}
		},
		{
			"from": [7.2, 13.6, 5.6],
			"to": [8.8, 14.2, 10.4],
			"rotation": {"angle": 0, "axis": "y", "origin": [7, 9.3, 0.8]},
			"faces": {
				"north": {"uv": [7.25, 5.25, 7.75, 5.5], "texture": "#0"},
				"east": {"uv": [7, 6.25, 8.25, 6.5], "texture": "#0"},
				"south": {"uv": [6.5, 7.25, 7, 7.5], "texture": "#0"},
				"west": {"uv": [7, 6.5, 8.25, 6.75], "texture": "#0"},
				"up": {"uv": [7, 7.25, 6.5, 6], "texture": "#0"},
				"down": {"uv": [7.25, 0, 6.75, 1.25], "texture": "#0"}
			}
		},
		{
			"from": [7.2, 11, 5.6],
			"to": [8.8, 13.6, 6.4],
			"rotation": {"angle": 0, "axis": "y", "origin": [7, 6.7, -3.2]},
			"faces": {
				"north": {"uv": [6.75, 4.75, 7.25, 5.5], "texture": "#0"},
				"east": {"uv": [7.25, 3.25, 7.5, 4], "texture": "#0"},
				"south": {"uv": [7, 5.5, 7.5, 6.25], "texture": "#0"},
				"west": {"uv": [7.25, 4, 7.5, 4.75], "texture": "#0"},
				"up": {"uv": [7.75, 5, 7.25, 4.75], "texture": "#0"},
				"down": {"uv": [7.75, 5, 7.25, 5.25], "texture": "#0"}
			}
		},
		{
			"from": [5.75, -0.25, 13],
			"to": [10.25, 11.25, 15],
			"rotation": {"angle": 0, "axis": "y", "origin": [7, 0, 6]},
			"faces": {
				"north": {"uv": [5, 0, 6.25, 3], "texture": "#0"},
				"east": {"uv": [3.5, 5.5, 4, 8.5], "texture": "#0"},
				"south": {"uv": [5, 3, 6.25, 6], "texture": "#0"},
				"west": {"uv": [6, 6, 6.5, 9], "texture": "#0"},
				"up": {"uv": [8, 1.75, 6.75, 1.25], "texture": "#0"},
				"down": {"uv": [8, 1.75, 6.75, 2.25], "texture": "#0"}
			}
		},
		{
			"from": [5.75, -0.25, 1],
			"to": [10.25, 11.25, 3],
			"rotation": {"angle": 0, "axis": "y", "origin": [7, 0, -6]},
			"faces": {
				"north": {"uv": [0, 5.5, 1.25, 8.5], "texture": "#0"},
				"east": {"uv": [6.25, 0, 6.75, 3], "texture": "#0"},
				"south": {"uv": [1.25, 5.5, 2.5, 8.5], "texture": "#0"},
				"west": {"uv": [6.25, 3, 6.75, 6], "texture": "#0"},
				"up": {"uv": [8, 2.75, 6.75, 2.25], "texture": "#0"},
				"down": {"uv": [8, 2.75, 6.75, 3.25], "texture": "#0"}
			}
		}
	],
	"display": {
		"thirdperson_righthand": {
			"rotation": [89, 0, 0],
			"translation": [0.25, -2, -3],
			"scale": [0.7, 0.7, 0.7]
		},
		"thirdperson_lefthand": {
			"rotation": [89, 180, 0],
			"translation": [0.25, -2, -3],
			"scale": [0.7, 0.7, 0.7]
		},
		"firstperson_righthand": {
			"translation": [3.5, -2.5, 0]
		},
		"firstperson_lefthand": {
			"translation": [3.5, -2.5, 0]
		},
		"ground": {
			"rotation": [90, -90, 167],
			"translation": [0, 2.75, -1.75],
			"scale": [0.6, 0.6, 0.6]
		},
		"gui": {
			"rotation": [0, -90, 0],
			"translation": [0, 0.75, 0],
			"scale": [0.6, 0.8, 0.8]
		},
		"fixed": {
			"rotation": [0, 90, 0]
		}
	}
}