{
  "model": {
    "type": "minecraft:range_dispatch",
    "property": "minecraft:custom_model_data",
    "index": 0,
    "fallback": {
      "type": "minecraft:model",
      "model": "minecraft:item/iron_sword"
    },
    "entries": [
      {
        "model": {
          "type": "minecraft:model",
          "model": "minecraft:item/custom/lucille"
        },
        "threshold": 1
      },
      {
        "model": {
          "type": "minecraft:model",
          "model": "minecraft:item/custom/brief_case"
        },
        "threshold": 1
      }
    ]
  }
}