{
	"credit": "Made with Blockbench",
	"parent": "carved_pumpkin",
	"texture_size": [128, 128],
	"textures": {
		"0": "block/2024_glasses",
		"particle": "block/2024_glasses"
	},
	"elements": [
		{
			"from": [21, 16, -10],
			"to": [32, 19, -7],
			"faces": {
				"north": {"uv": [6, 3.625, 7.375, 4], "texture": "#0"},
				"east": {"uv": [9, 8.5, 9.375, 8.875], "texture": "#0"},
				"south": {"uv": [6, 4, 7.375, 4.375], "texture": "#0"},
				"west": {"uv": [9, 8.875, 9.375, 9.25], "texture": "#0"},
				"up": {"uv": [7.375, 4.75, 6, 4.375], "texture": "#0"},
				"down": {"uv": [8.5, 2.625, 7.125, 3], "texture": "#0"}
			}
		},
		{
			"from": [21, 24, -10],
			"to": [32, 26, -7],
			"faces": {
				"north": {"uv": [7.375, 4.5, 8.75, 4.75], "texture": "#0"},
				"east": {"uv": [7.5, 6.875, 7.875, 7.125], "texture": "#0"},
				"south": {"uv": [8.125, 2, 9.5, 2.25], "texture": "#0"},
				"west": {"uv": [8.75, 1.75, 9.125, 2], "texture": "#0"},
				"up": {"uv": [8.125, 7.5, 6.75, 7.125], "texture": "#0"},
				"down": {"uv": [8.625, 4.75, 7.25, 5.125], "texture": "#0"}
			}
		},
		{
			"from": [-3, 16, -10],
			"to": [8, 19, -7],
			"faces": {
				"north": {"uv": [7.875, 5.875, 9.25, 6.25], "texture": "#0"},
				"east": {"uv": [3.25, 9.25, 3.625, 9.625], "texture": "#0"},
				"south": {"uv": [7.875, 6.25, 9.25, 6.625], "texture": "#0"},
				"west": {"uv": [3.625, 9.25, 4, 9.625], "texture": "#0"},
				"up": {"uv": [9.25, 7, 7.875, 6.625], "texture": "#0"},
				"down": {"uv": [8.125, 7.875, 6.75, 8.25], "texture": "#0"}
			}
		},
		{
			"from": [4, 19, -10],
			"to": [8, 24, -7],
			"faces": {
				"north": {"uv": [1, 8.25, 1.5, 8.875], "texture": "#0"},
				"east": {"uv": [8.75, 1.125, 9.125, 1.75], "texture": "#0"},
				"south": {"uv": [1.5, 8.25, 2, 8.875], "texture": "#0"},
				"west": {"uv": [8.75, 3, 9.125, 3.625], "texture": "#0"},
				"up": {"uv": [5.125, 9.25, 4.625, 8.875], "texture": "#0"},
				"down": {"uv": [2.5, 9, 2, 9.375], "texture": "#0"}
			}
		},
		{
			"from": [-16, 16, -11],
			"to": [-12, 32, -7],
			"faces": {
				"north": {"uv": [1.5, 5.5, 2, 7.5], "texture": "#0"},
				"east": {"uv": [2, 5.5, 2.5, 7.5], "texture": "#0"},
				"south": {"uv": [2.5, 5.5, 3, 7.5], "texture": "#0"},
				"west": {"uv": [3, 5.5, 3.5, 7.5], "texture": "#0"},
				"up": {"uv": [9.125, 5.25, 8.625, 4.75], "texture": "#0"},
				"down": {"uv": [9.125, 7.75, 8.625, 8.25], "texture": "#0"}
			}
		},
		{
			"from": [10, 2, -9.75],
			"to": [29, 3, -7],
			"rotation": {"angle": 0, "axis": "y", "origin": [16, 0, 0]},
			"faces": {
				"north": {"uv": [3.5, 5.5, 5.875, 5.875], "texture": "#0"},
				"east": {"uv": [5.875, 5.5, 6.25, 5.875], "texture": "#0"},
				"south": {"uv": [5.75, 0, 8.125, 0.375], "texture": "#0"},
				"west": {"uv": [6.75, 9, 7.125, 9.375], "texture": "#0"},
				"up": {"uv": [8.125, 0.75, 5.75, 0.375], "texture": "#0"},
				"down": {"uv": [8.125, 0.75, 5.75, 1.125], "texture": "#0"}
			}
		},
		{
			"from": [8, 3, -9.75],
			"to": [31, 16, -7],
			"rotation": {"angle": 0, "axis": "y", "origin": [16, 0, 0]},
			"faces": {
				"north": {"uv": [0, 0, 2.875, 1.625], "texture": "#0"},
				"east": {"uv": [6.75, 5.5, 7.125, 7.125], "texture": "#0"},
				"south": {"uv": [0, 1.625, 2.875, 3.25], "texture": "#0"},
				"west": {"uv": [6, 6.875, 6.375, 8.5], "texture": "#0"},
				"up": {"uv": [4.375, 5.125, 1.5, 4.75], "texture": "#0"},
				"down": {"uv": [7.25, 4.75, 4.375, 5.125], "texture": "#0"}
			}
		},
		{
			"from": [-15, 3, -9.75],
			"to": [8, 16, -7],
			"faces": {
				"north": {"uv": [2.875, 0, 5.75, 1.625], "texture": "#0"},
				"east": {"uv": [6.375, 6.875, 6.75, 8.5], "texture": "#0"},
				"south": {"uv": [2.875, 1.625, 5.75, 3.25], "texture": "#0"},
				"west": {"uv": [7.125, 5.5, 7.5, 7.125], "texture": "#0"},
				"up": {"uv": [4.375, 5.5, 1.5, 5.125], "texture": "#0"},
				"down": {"uv": [7.25, 5.125, 4.375, 5.5], "texture": "#0"}
			}
		},
		{
			"from": [-3, 29, -10],
			"to": [8, 32, -7],
			"faces": {
				"north": {"uv": [3.25, 7.75, 4.625, 8.125], "texture": "#0"},
				"east": {"uv": [2.5, 9.25, 2.875, 9.625], "texture": "#0"},
				"south": {"uv": [4.625, 7.75, 6, 8.125], "texture": "#0"},
				"west": {"uv": [2.875, 9.25, 3.25, 9.625], "texture": "#0"},
				"up": {"uv": [2.75, 8.25, 1.375, 7.875], "texture": "#0"},
				"down": {"uv": [9.25, 5.5, 7.875, 5.875], "texture": "#0"}
			}
		},
		{
			"from": [-3, 26, -10],
			"to": [0, 29, -7],
			"faces": {
				"north": {"uv": [9.125, 3.75, 9.5, 4.125], "texture": "#0"},
				"east": {"uv": [9.125, 4.625, 9.5, 5], "texture": "#0"},
				"south": {"uv": [9.125, 7.75, 9.5, 8.125], "texture": "#0"},
				"west": {"uv": [7.875, 9.125, 8.25, 9.5], "texture": "#0"},
				"up": {"uv": [8.625, 9.5, 8.25, 9.125], "texture": "#0"},
				"down": {"uv": [9, 9.125, 8.625, 9.5], "texture": "#0"}
			}
		},
		{
			"from": [-7, 26, -11],
			"to": [-4, 32, -7],
			"faces": {
				"north": {"uv": [2, 8.25, 2.375, 9], "texture": "#0"},
				"east": {"uv": [4.5, 8.125, 5, 8.875], "texture": "#0"},
				"south": {"uv": [2.375, 8.25, 2.75, 9], "texture": "#0"},
				"west": {"uv": [5, 8.125, 5.5, 8.875], "texture": "#0"},
				"up": {"uv": [5.5, 9.375, 5.125, 8.875], "texture": "#0"},
				"down": {"uv": [9.375, 2.5, 9, 3], "texture": "#0"}
			}
		},
		{
			"from": [-3, 24, -10],
			"to": [8, 26, -7],
			"faces": {
				"north": {"uv": [8.125, 7.25, 9.5, 7.5], "texture": "#0"},
				"east": {"uv": [9.25, 5.5, 9.625, 5.75], "texture": "#0"},
				"south": {"uv": [8.125, 7.5, 9.5, 7.75], "texture": "#0"},
				"west": {"uv": [9.25, 5.75, 9.625, 6], "texture": "#0"},
				"up": {"uv": [8.125, 7.875, 6.75, 7.5], "texture": "#0"},
				"down": {"uv": [1.375, 7.75, 0, 8.125], "texture": "#0"}
			}
		},
		{
			"from": [-12, 24, -11],
			"to": [-4, 26, -7],
			"faces": {
				"north": {"uv": [8.625, 5.25, 9.625, 5.5], "texture": "#0"},
				"east": {"uv": [9.25, 4.375, 9.75, 4.625], "texture": "#0"},
				"south": {"uv": [8.625, 8.25, 9.625, 8.5], "texture": "#0"},
				"west": {"uv": [4.625, 9.25, 5.125, 9.5], "texture": "#0"},
				"up": {"uv": [1, 8.625, 0, 8.125], "texture": "#0"},
				"down": {"uv": [9.125, 0, 8.125, 0.5], "texture": "#0"}
			}
		},
		{
			"from": [-16, 4, 17],
			"to": [-13, 10, 22],
			"faces": {
				"north": {"uv": [7.5, 8.25, 7.875, 9], "texture": "#0"},
				"east": {"uv": [8.125, 0.5, 8.75, 1.25], "texture": "#0"},
				"south": {"uv": [7.875, 8.375, 8.25, 9.125], "texture": "#0"},
				"west": {"uv": [8.125, 1.25, 8.75, 2], "texture": "#0"},
				"up": {"uv": [9.125, 4.25, 8.75, 3.625], "texture": "#0"},
				"down": {"uv": [5.875, 8.75, 5.5, 9.375], "texture": "#0"}
			}
		},
		{
			"from": [-16, 6, -7],
			"to": [-13, 12, 17],
			"faces": {
				"north": {"uv": [6.75, 8.25, 7.125, 9], "texture": "#0"},
				"east": {"uv": [0, 3.25, 3, 4], "texture": "#0"},
				"south": {"uv": [7.125, 8.25, 7.5, 9], "texture": "#0"},
				"west": {"uv": [3, 3.25, 6, 4], "texture": "#0"},
				"up": {"uv": [0.375, 7.75, 0, 4.75], "texture": "#0"},
				"down": {"uv": [0.75, 4.75, 0.375, 7.75], "texture": "#0"}
			}
		},
		{
			"from": [9, 16, -11],
			"to": [20, 19, -7],
			"faces": {
				"north": {"uv": [7.375, 4.125, 8.75, 4.5], "texture": "#0"},
				"east": {"uv": [3.25, 8.875, 3.75, 9.25], "texture": "#0"},
				"south": {"uv": [1.5, 7.5, 2.875, 7.875], "texture": "#0"},
				"west": {"uv": [3.75, 8.875, 4.25, 9.25], "texture": "#0"},
				"up": {"uv": [7.125, 3.125, 5.75, 2.625], "texture": "#0"},
				"down": {"uv": [4.875, 5.875, 3.5, 6.375], "texture": "#0"}
			}
		},
		{
			"from": [9, 30, -11],
			"to": [20, 32, -7],
			"faces": {
				"north": {"uv": [8.125, 2.25, 9.5, 2.5], "texture": "#0"},
				"east": {"uv": [9.125, 5, 9.625, 5.25], "texture": "#0"},
				"south": {"uv": [8.125, 7, 9.5, 7.25], "texture": "#0"},
				"west": {"uv": [9.25, 4.125, 9.75, 4.375], "texture": "#0"},
				"up": {"uv": [6.25, 6.375, 4.875, 5.875], "texture": "#0"},
				"down": {"uv": [7.375, 3.125, 6, 3.625], "texture": "#0"}
			}
		},
		{
			"from": [21, 29, -10],
			"to": [32, 32, -7],
			"faces": {
				"north": {"uv": [7.25, 5.125, 8.625, 5.5], "texture": "#0"},
				"east": {"uv": [9.125, 3, 9.5, 3.375], "texture": "#0"},
				"south": {"uv": [7.375, 3, 8.75, 3.375], "texture": "#0"},
				"west": {"uv": [9.125, 3.375, 9.5, 3.75], "texture": "#0"},
				"up": {"uv": [8.75, 3.75, 7.375, 3.375], "texture": "#0"},
				"down": {"uv": [8.75, 3.75, 7.375, 4.125], "texture": "#0"}
			}
		},
		{
			"from": [28, 19, -10],
			"to": [32, 24, -7],
			"faces": {
				"north": {"uv": [5.5, 8.125, 6, 8.75], "texture": "#0"},
				"east": {"uv": [8.625, 8.5, 9, 9.125], "texture": "#0"},
				"south": {"uv": [8.125, 7.75, 8.625, 8.375], "texture": "#0"},
				"west": {"uv": [8.75, 0.5, 9.125, 1.125], "texture": "#0"},
				"up": {"uv": [9.25, 4.625, 8.75, 4.25], "texture": "#0"},
				"down": {"uv": [3.25, 8.875, 2.75, 9.25], "texture": "#0"}
			}
		},
		{
			"from": [21, 26, -10],
			"to": [24, 29, -7],
			"faces": {
				"north": {"uv": [9.125, 0, 9.5, 0.375], "texture": "#0"},
				"east": {"uv": [0.375, 9.125, 0.75, 9.5], "texture": "#0"},
				"south": {"uv": [9.125, 0.375, 9.5, 0.75], "texture": "#0"},
				"west": {"uv": [9.125, 0.75, 9.5, 1.125], "texture": "#0"},
				"up": {"uv": [9.5, 1.5, 9.125, 1.125], "texture": "#0"},
				"down": {"uv": [9.5, 1.5, 9.125, 1.875], "texture": "#0"}
			}
		},
		{
			"from": [16, 19, -11],
			"to": [20, 30, -7],
			"faces": {
				"north": {"uv": [6.25, 5.5, 6.75, 6.875], "texture": "#0"},
				"east": {"uv": [3.5, 6.375, 4, 7.75], "texture": "#0"},
				"south": {"uv": [4, 6.375, 4.5, 7.75], "texture": "#0"},
				"west": {"uv": [4.5, 6.375, 5, 7.75], "texture": "#0"},
				"up": {"uv": [9, 3, 8.5, 2.5], "texture": "#0"},
				"down": {"uv": [0.875, 8.625, 0.375, 9.125], "texture": "#0"}
			}
		},
		{
			"from": [9, 19, -11],
			"to": [12, 30, -7],
			"faces": {
				"north": {"uv": [2.875, 7.5, 3.25, 8.875], "texture": "#0"},
				"east": {"uv": [5, 6.375, 5.5, 7.75], "texture": "#0"},
				"south": {"uv": [7.5, 5.5, 7.875, 6.875], "texture": "#0"},
				"west": {"uv": [5.5, 6.375, 6, 7.75], "texture": "#0"},
				"up": {"uv": [2, 9.375, 1.625, 8.875], "texture": "#0"},
				"down": {"uv": [4.625, 8.875, 4.25, 9.375], "texture": "#0"}
			}
		},
		{
			"from": [29, 4, 17],
			"to": [32, 10, 22],
			"rotation": {"angle": 0, "axis": "y", "origin": [16, 0, 0]},
			"faces": {
				"north": {"uv": [8.25, 8.375, 8.625, 9.125], "texture": "#0"},
				"east": {"uv": [3.25, 8.125, 3.875, 8.875], "texture": "#0"},
				"south": {"uv": [6, 8.5, 6.375, 9.25], "texture": "#0"},
				"west": {"uv": [3.875, 8.125, 4.5, 8.875], "texture": "#0"},
				"up": {"uv": [1.25, 9.5, 0.875, 8.875], "texture": "#0"},
				"down": {"uv": [1.625, 8.875, 1.25, 9.5], "texture": "#0"}
			}
		},
		{
			"from": [29, 6, -7],
			"to": [32, 12, 17],
			"rotation": {"angle": 0, "axis": "y", "origin": [16, 0, 0]},
			"faces": {
				"north": {"uv": [6.375, 8.5, 6.75, 9.25], "texture": "#0"},
				"east": {"uv": [0, 4, 3, 4.75], "texture": "#0"},
				"south": {"uv": [0, 8.625, 0.375, 9.375], "texture": "#0"},
				"west": {"uv": [3, 4, 6, 4.75], "texture": "#0"},
				"up": {"uv": [1.125, 7.75, 0.75, 4.75], "texture": "#0"},
				"down": {"uv": [1.5, 4.75, 1.125, 7.75], "texture": "#0"}
			}
		},
		{
			"from": [-13, 2, -9.75],
			"to": [6, 3, -7],
			"faces": {
				"north": {"uv": [5.75, 1.125, 8.125, 1.5], "texture": "#0"},
				"east": {"uv": [7.125, 9, 7.5, 9.375], "texture": "#0"},
				"south": {"uv": [5.75, 1.5, 8.125, 1.875], "texture": "#0"},
				"west": {"uv": [7.5, 9, 7.875, 9.375], "texture": "#0"},
				"up": {"uv": [8.125, 2.25, 5.75, 1.875], "texture": "#0"},
				"down": {"uv": [8.125, 2.25, 5.75, 2.625], "texture": "#0"}
			}
		}
	],
	"display": {
		"thirdperson_righthand": {
			"translation": [0, -2, 1.5],
			"scale": [0.1, 0.1, 0.1]
		},
		"thirdperson_lefthand": {
			"translation": [0, -2, 1.75],
			"scale": [0.1, 0.1, 0.1]
		},
		"firstperson_righthand": {
			"rotation": [11, 138, 0],
			"translation": [0, 2.5, 0],
			"scale": [0.1, 0.1, 0.1]
		},
		"firstperson_lefthand": {
			"rotation": [11, 138, 0],
			"translation": [0, 2.5, 0],
			"scale": [0.1, 0.1, 0.1]
		},
		"ground": {
			"scale": [0.2, 0.2, 0.2]
		},
		"gui": {
			"rotation": [19, 154, 0],
			"translation": [0.25, -2.5, 0],
			"scale": [0.3, 0.3, 0.1]
		},
		"head": {
			"translation": [0, -0.25, -2],
			"scale": [0.29, 0.29, 0.29]
		},
		"fixed": {
			"translation": [0, -1.75, 5.5],
			"scale": [0.3, 0.3, 0.3]
		}
	}
}