{
	"credit": "Made with Blockbench",
	"texture_size": [64, 64],
	"textures": {
		"0": "block/detective_hat",
		"particle": "block/detective_hat"
	},
	"elements": [
		{
			"from": [5, 0, 5],
			"to": [11, 4, 11],
			"rotation": {"angle": 0, "axis": "y", "origin": [9, 4, 9]},
			"faces": {
				"north": {"uv": [1.5, 1.5, 3, 2.5], "texture": "#0"},
				"east": {"uv": [0, 1.5, 1.5, 2.5], "texture": "#0"},
				"south": {"uv": [4.5, 1.5, 6, 2.5], "texture": "#0"},
				"west": {"uv": [3, 1.5, 4.5, 2.5], "texture": "#0"},
				"up": {"uv": [3, 1.5, 1.5, 0], "texture": "#0"},
				"down": {"uv": [4.5, 0, 3, 1.5], "texture": "#0"}
			}
		},
		{
			"from": [11, 0, 5],
			"to": [12, 3, 11],
			"rotation": {"angle": 0, "axis": "y", "origin": [15, 4, 9]},
			"faces": {
				"north": {"uv": [5, 5.75, 5.25, 6.5], "texture": "#0"},
				"east": {"uv": [3.5, 5.75, 5, 6.5], "texture": "#0"},
				"south": {"uv": [6.75, 5.75, 7, 6.5], "texture": "#0"},
				"west": {"uv": [5.25, 5.75, 6.75, 6.5], "texture": "#0"},
				"up": {"uv": [5.25, 5.75, 5, 4.25], "texture": "#0"},
				"down": {"uv": [5.5, 4.25, 5.25, 5.75], "texture": "#0"}
			}
		},
		{
			"from": [11, 3, 5],
			"to": [12, 4, 11],
			"rotation": {"angle": 0, "axis": "y", "origin": [15, 7, 9]},
			"faces": {
				"north": {"uv": [1.5, 8, 1.75, 8.25], "texture": "#0"},
				"east": {"uv": [0, 8, 1.5, 8.25], "texture": "#0"},
				"south": {"uv": [3.25, 8, 3.5, 8.25], "texture": "#0"},
				"west": {"uv": [1.75, 8, 3.25, 8.25], "texture": "#0"},
				"up": {"uv": [1.75, 8, 1.5, 6.5], "texture": "#0"},
				"down": {"uv": [2, 6.5, 1.75, 8], "texture": "#0"}
			}
		},
		{
			"from": [4, 3, 5],
			"to": [5, 4, 11],
			"rotation": {"angle": 0, "axis": "y", "origin": [8, 7, 9]},
			"faces": {
				"north": {"uv": [7, 6.75, 7.25, 7], "texture": "#0"},
				"east": {"uv": [5.5, 6.75, 7, 7], "texture": "#0"},
				"south": {"uv": [8.75, 6.75, 9, 7], "texture": "#0"},
				"west": {"uv": [7.25, 6.75, 8.75, 7], "texture": "#0"},
				"up": {"uv": [7.25, 6.75, 7, 5.25], "texture": "#0"},
				"down": {"uv": [7.5, 5.25, 7.25, 6.75], "texture": "#0"}
			}
		},
		{
			"from": [5, 3, 4],
			"to": [11, 4, 5],
			"rotation": {"angle": 0, "axis": "y", "origin": [7, 7, 8]},
			"faces": {
				"north": {"uv": [2.25, 6.75, 3.75, 7], "texture": "#0"},
				"east": {"uv": [2, 6.75, 2.25, 7], "texture": "#0"},
				"south": {"uv": [4, 6.75, 5.5, 7], "texture": "#0"},
				"west": {"uv": [3.75, 6.75, 4, 7], "texture": "#0"},
				"up": {"uv": [3.75, 6.75, 2.25, 6.5], "texture": "#0"},
				"down": {"uv": [5.25, 6.5, 3.75, 6.75], "texture": "#0"}
			}
		},
		{
			"from": [5, 3, 11],
			"to": [11, 4, 12],
			"rotation": {"angle": 0, "axis": "y", "origin": [7, 7, 15]},
			"faces": {
				"north": {"uv": [4.75, 3.75, 6.25, 4], "texture": "#0"},
				"east": {"uv": [4.5, 3.75, 4.75, 4], "texture": "#0"},
				"south": {"uv": [6.5, 3.75, 8, 4], "texture": "#0"},
				"west": {"uv": [6.25, 3.75, 6.5, 4], "texture": "#0"},
				"up": {"uv": [6.25, 3.75, 4.75, 3.5], "texture": "#0"},
				"down": {"uv": [7.75, 3.5, 6.25, 3.75], "texture": "#0"}
			}
		},
		{
			"from": [4, 0, 11],
			"to": [12, 3, 12],
			"rotation": {"angle": 0, "axis": "y", "origin": [6, 4, 15]},
			"faces": {
				"north": {"uv": [5.75, 4.5, 7.75, 5.25], "texture": "#0"},
				"east": {"uv": [5.5, 4.5, 5.75, 5.25], "texture": "#0"},
				"south": {"uv": [8, 4.5, 10, 5.25], "texture": "#0"},
				"west": {"uv": [7.75, 4.5, 8, 5.25], "texture": "#0"},
				"up": {"uv": [7.75, 4.5, 5.75, 4.25], "texture": "#0"},
				"down": {"uv": [9.75, 4.25, 7.75, 4.5], "texture": "#0"}
			}
		},
		{
			"from": [4, 0, 4],
			"to": [12, 3, 5],
			"rotation": {"angle": 0, "axis": "y", "origin": [6, 4, 8]},
			"faces": {
				"north": {"uv": [4.75, 2.75, 6.75, 3.5], "texture": "#0"},
				"east": {"uv": [4.5, 2.75, 4.75, 3.5], "texture": "#0"},
				"south": {"uv": [7, 2.75, 9, 3.5], "texture": "#0"},
				"west": {"uv": [6.75, 2.75, 7, 3.5], "texture": "#0"},
				"up": {"uv": [6.75, 2.75, 4.75, 2.5], "texture": "#0"},
				"down": {"uv": [8.75, 2.5, 6.75, 2.75], "texture": "#0"}
			}
		},
		{
			"from": [4, 0, 5],
			"to": [5, 3, 11],
			"rotation": {"angle": 0, "axis": "y", "origin": [8, 4, 9]},
			"faces": {
				"north": {"uv": [1.5, 5.75, 1.75, 6.5], "texture": "#0"},
				"east": {"uv": [0, 5.75, 1.5, 6.5], "texture": "#0"},
				"south": {"uv": [3.25, 5.75, 3.5, 6.5], "texture": "#0"},
				"west": {"uv": [1.75, 5.75, 3.25, 6.5], "texture": "#0"},
				"up": {"uv": [1.75, 5.75, 1.5, 4.25], "texture": "#0"},
				"down": {"uv": [2, 4.25, 1.75, 5.75], "texture": "#0"}
			}
		},
		{
			"from": [5, 4, 5],
			"to": [11, 5, 11],
			"rotation": {"angle": 0, "axis": "y", "origin": [9, 8, 9]},
			"faces": {
				"north": {"uv": [1.5, 4, 3, 4.25], "texture": "#0"},
				"east": {"uv": [0, 4, 1.5, 4.25], "texture": "#0"},
				"south": {"uv": [4.5, 4, 6, 4.25], "texture": "#0"},
				"west": {"uv": [3, 4, 4.5, 4.25], "texture": "#0"},
				"up": {"uv": [3, 4, 1.5, 2.5], "texture": "#0"},
				"down": {"uv": [4.5, 2.5, 3, 4], "texture": "#0"}
			}
		},
		{
			"from": [7, 3.5, 7],
			"to": [9, 5.5, 9],
			"rotation": {"angle": 0, "axis": "y", "origin": [7, 7.5, 11]},
			"faces": {
				"north": {"uv": [2.5, 5.25, 3, 5.75], "texture": "#0"},
				"east": {"uv": [2, 5.25, 2.5, 5.75], "texture": "#0"},
				"south": {"uv": [3.5, 5.25, 4, 5.75], "texture": "#0"},
				"west": {"uv": [3, 5.25, 3.5, 5.75], "texture": "#0"},
				"up": {"uv": [3, 5.25, 2.5, 4.75], "texture": "#0"},
				"down": {"uv": [3.5, 4.75, 3, 5.25], "texture": "#0"}
			}
		},
		{
			"from": [4, 4, 8],
			"to": [12, 8, 8],
			"rotation": {"angle": 0, "axis": "y", "origin": [7, 10, 12]},
			"faces": {
				"north": {"uv": [6, 1.5, 8, 2.5], "texture": "#0"},
				"east": {"uv": [6, 1.5, 6, 2.5], "texture": "#0"},
				"south": {"uv": [8, 1.5, 10, 2.5], "texture": "#0"},
				"west": {"uv": [8, 1.5, 8, 2.5], "texture": "#0"},
				"up": {"uv": [8, 1.5, 6, 1.5], "texture": "#0"},
				"down": {"uv": [10, 1.5, 8, 1.5], "texture": "#0"}
			}
		},
		{
			"from": [4, -0.42167, 0.88516],
			"to": [12, -0.42167, 3.88516],
			"rotation": {"angle": -22.5, "axis": "x", "origin": [8, 0.07833, 2.88516]},
			"faces": {
				"north": {"uv": [4.5, 1.5, 6.5, 1.5], "texture": "#0"},
				"east": {"uv": [3.75, 1.5, 4.5, 1.5], "texture": "#0"},
				"south": {"uv": [7.25, 1.5, 9.25, 1.5], "texture": "#0"},
				"west": {"uv": [6.5, 1.5, 7.25, 1.5], "texture": "#0"},
				"up": {"uv": [6.5, 1.5, 4.5, 0.75], "texture": "#0"},
				"down": {"uv": [8.5, 0.75, 6.5, 1.5], "texture": "#0"}
			}
		},
		{
			"from": [4, -0.42167, 12.11484],
			"to": [12, -0.42167, 15.11484],
			"rotation": {"angle": 22.5, "axis": "x", "origin": [8, 0.07833, 13.11484]},
			"faces": {
				"north": {"uv": [4.5, 0.75, 6.5, 0.75], "texture": "#0"},
				"east": {"uv": [3.75, 0.75, 4.5, 0.75], "texture": "#0"},
				"south": {"uv": [7.25, 0.75, 9.25, 0.75], "texture": "#0"},
				"west": {"uv": [6.5, 0.75, 7.25, 0.75], "texture": "#0"},
				"up": {"uv": [6.5, 0.75, 4.5, 0], "texture": "#0"},
				"down": {"uv": [8.5, 0, 6.5, 0.75], "texture": "#0"}
			}
		},
		{
			"from": [5, -1.9524, 14.81036],
			"to": [11, -1.9524, 15.81036],
			"rotation": {"angle": 22.5, "axis": "x", "origin": [9, -1.4524, 16.81036]},
			"faces": {
				"north": {"uv": [2, 4.75, 3.5, 4.75], "texture": "#0"},
				"east": {"uv": [1.75, 4.75, 2, 4.75], "texture": "#0"},
				"south": {"uv": [3.75, 4.75, 5.25, 4.75], "texture": "#0"},
				"west": {"uv": [3.5, 4.75, 3.75, 4.75], "texture": "#0"},
				"up": {"uv": [3.5, 4.75, 2, 4.5], "texture": "#0"},
				"down": {"uv": [5, 4.5, 3.5, 4.75], "texture": "#0"}
			}
		},
		{
			"from": [5, -1.34032, 0.2668],
			"to": [11, -1.34032, 1.2668],
			"rotation": {"angle": -22.5, "axis": "x", "origin": [8, -1.34032, 0.7668]},
			"faces": {
				"north": {"uv": [2, 4.5, 3.5, 4.5], "texture": "#0"},
				"east": {"uv": [1.75, 4.5, 2, 4.5], "texture": "#0"},
				"south": {"uv": [3.75, 4.5, 5.25, 4.5], "texture": "#0"},
				"west": {"uv": [3.5, 4.5, 3.75, 4.5], "texture": "#0"},
				"up": {"uv": [3.5, 4.5, 2, 4.25], "texture": "#0"},
				"down": {"uv": [5, 4.25, 3.5, 4.5], "texture": "#0"}
			}
		}
	],
	"display": {
		"thirdperson_righthand": {
			"translation": [0, 5, 0],
			"scale": [0.51, 0.51, 0.51]
		},
		"thirdperson_lefthand": {
			"translation": [0, 5, 0],
			"scale": [0.51, 0.51, 0.51]
		},
		"firstperson_righthand": {
			"translation": [0, 5, 0]
		},
		"firstperson_lefthand": {
			"translation": [0, 5, 0]
		},
		"ground": {
			"translation": [0, 1.75, 0],
			"scale": [0.5, 0.5, 0.5]
		},
		"gui": {
			"rotation": [20, 150, 0],
			"translation": [0, 5.5, 0]
		},
		"head": {
			"rotation": [14.49, -0.56, 5.82],
			"translation": [-1.75, 17.25, 3.5],
			"scale": [2, 2, 2]
		},
		"fixed": {
			"translation": [0, 5, -1]
		}
	}
}