{
	"credit": "Made with Blockbench",
	"parent": "carved_pumpkin",
	"texture_size": [64, 64],
	"textures": {
		"0": "block/fish_hat",
		"particle": "block/fish_hat"
	},
	"elements": [
		{
			"from": [0, 0, 0],
			"to": [16, 8, 15],
			"faces": {
				"north": {"uv": [4, 5, 8, 7], "texture": "#0"},
				"east": {"uv": [0, 7.5, 3.75, 9.5], "texture": "#0"},
				"south": {"uv": [4, 7, 8, 9], "texture": "#0"},
				"west": {"uv": [8, 0, 11.75, 2], "texture": "#0"},
				"up": {"uv": [4, 3.75, 0, 0], "texture": "#0"},
				"down": {"uv": [4, 3.75, 0, 7.5], "texture": "#0"}
			}
		},
		{
			"from": [5.25, 1, -5],
			"to": [11, 7.25, 0],
			"rotation": {"angle": 0, "axis": "y", "origin": [-1, 0, 0]},
			"faces": {
				"north": {"uv": [9.75, 7, 11.25, 8.5], "texture": "#0"},
				"east": {"uv": [4.75, 10.75, 6, 12.25], "texture": "#0"},
				"south": {"uv": [9.75, 8.5, 11.25, 10], "texture": "#0"},
				"west": {"uv": [0, 11, 1.25, 12.5], "texture": "#0"},
				"up": {"uv": [2.75, 12.25, 1.25, 11], "texture": "#0"},
				"down": {"uv": [12.5, 4.5, 11, 5.75], "texture": "#0"}
			}
		},
		{
			"from": [5.25, 1, 15.5],
			"to": [11, 7.25, 22],
			"rotation": {"angle": 0, "axis": "y", "origin": [-1, 0, 0]},
			"faces": {
				"north": {"uv": [6.75, 10, 8.25, 11.5], "texture": "#0"},
				"east": {"uv": [8, 7, 9.75, 8.5], "texture": "#0"},
				"south": {"uv": [8.25, 10, 9.75, 11.5], "texture": "#0"},
				"west": {"uv": [8, 8.5, 9.75, 10], "texture": "#0"},
				"up": {"uv": [5.25, 10.75, 3.75, 9], "texture": "#0"},
				"down": {"uv": [6.75, 9, 5.25, 10.75], "texture": "#0"}
			}
		},
		{
			"from": [5, 6, -1.75],
			"to": [11.25, 7.5, -0.25],
			"rotation": {"angle": -22.5, "axis": "x", "origin": [-1, 0, 0]},
			"faces": {
				"north": {"uv": [11.5, 10.25, 13, 10.75], "texture": "#0"},
				"east": {"uv": [7.25, 12.25, 7.75, 12.75], "texture": "#0"},
				"south": {"uv": [11.5, 10.75, 13, 11.25], "texture": "#0"},
				"west": {"uv": [7.75, 12.25, 8.25, 12.75], "texture": "#0"},
				"up": {"uv": [13.25, 0.5, 11.75, 0], "texture": "#0"},
				"down": {"uv": [13.25, 0.5, 11.75, 1], "texture": "#0"}
			}
		},
		{
			"from": [5.5, 7, -5],
			"to": [10.75, 8.5, -1.75],
			"rotation": {"angle": -22.5, "axis": "x", "origin": [-1, 0, 0]},
			"faces": {
				"north": {"uv": [11.75, 1, 13, 1.5], "texture": "#0"},
				"east": {"uv": [3, 9.5, 3.75, 10], "texture": "#0"},
				"south": {"uv": [11.75, 1.5, 13, 2], "texture": "#0"},
				"west": {"uv": [3, 10, 3.75, 10.5], "texture": "#0"},
				"up": {"uv": [8, 9.75, 6.75, 9], "texture": "#0"},
				"down": {"uv": [7.25, 11.5, 6, 12.25], "texture": "#0"}
			}
		},
		{
			"from": [9.5, 4.5, -7.25],
			"to": [10.75, 6, -4],
			"rotation": {"angle": 0, "axis": "x", "origin": [-1, 0, 0]},
			"faces": {
				"north": {"uv": [3.25, 12.5, 3.5, 13], "texture": "#0"},
				"east": {"uv": [9.75, 12, 10.5, 12.5], "texture": "#0"},
				"south": {"uv": [3.5, 12.5, 3.75, 13], "texture": "#0"},
				"west": {"uv": [10.5, 12, 11.25, 12.5], "texture": "#0"},
				"up": {"uv": [9.25, 13, 9, 12.25], "texture": "#0"},
				"down": {"uv": [9.5, 12.25, 9.25, 13], "texture": "#0"}
			}
		},
		{
			"from": [9.5, 2, -7.25],
			"to": [10.75, 3.5, -4],
			"rotation": {"angle": 0, "axis": "y", "origin": [-1, 0, 0]},
			"faces": {
				"north": {"uv": [3.75, 12.5, 4, 13], "texture": "#0"},
				"east": {"uv": [11.25, 12, 12, 12.5], "texture": "#0"},
				"south": {"uv": [4, 12.5, 4.25, 13], "texture": "#0"},
				"west": {"uv": [12, 12, 12.75, 12.5], "texture": "#0"},
				"up": {"uv": [9.75, 13, 9.5, 12.25], "texture": "#0"},
				"down": {"uv": [0.25, 12.5, 0, 13.25], "texture": "#0"}
			}
		},
		{
			"from": [5.5, 4.5, -7.25],
			"to": [6.75, 6, -4],
			"rotation": {"angle": 0, "axis": "y", "origin": [-1, 0, 0]},
			"faces": {
				"north": {"uv": [12.5, 5, 12.75, 5.5], "texture": "#0"},
				"east": {"uv": [4.5, 12.25, 5.25, 12.75], "texture": "#0"},
				"south": {"uv": [12.5, 5.5, 12.75, 6], "texture": "#0"},
				"west": {"uv": [5.25, 12.25, 6, 12.75], "texture": "#0"},
				"up": {"uv": [1, 13.25, 0.75, 12.5], "texture": "#0"},
				"down": {"uv": [1.25, 12.5, 1, 13.25], "texture": "#0"}
			}
		},
		{
			"from": [5.5, 2, -7.25],
			"to": [6.75, 3.5, -4],
			"rotation": {"angle": 0, "axis": "y", "origin": [-1, 0, 0]},
			"faces": {
				"north": {"uv": [4.25, 12.5, 4.5, 13], "texture": "#0"},
				"east": {"uv": [1.25, 12.25, 2, 12.75], "texture": "#0"},
				"south": {"uv": [12.5, 4.5, 12.75, 5], "texture": "#0"},
				"west": {"uv": [2, 12.25, 2.75, 12.75], "texture": "#0"},
				"up": {"uv": [0.5, 13.25, 0.25, 12.5], "texture": "#0"},
				"down": {"uv": [0.75, 12.5, 0.5, 13.25], "texture": "#0"}
			}
		},
		{
			"from": [5.5, -1, -8],
			"to": [10.75, 0.5, -4.75],
			"rotation": {"angle": 22.5, "axis": "x", "origin": [-1, 0, 0]},
			"faces": {
				"north": {"uv": [12, 2, 13.25, 2.5], "texture": "#0"},
				"east": {"uv": [6, 10.75, 6.75, 11.25], "texture": "#0"},
				"south": {"uv": [12, 2.5, 13.25, 3], "texture": "#0"},
				"west": {"uv": [3.75, 12, 4.5, 12.5], "texture": "#0"},
				"up": {"uv": [8.5, 12.25, 7.25, 11.5], "texture": "#0"},
				"down": {"uv": [9.75, 11.5, 8.5, 12.25], "texture": "#0"}
			}
		},
		{
			"from": [0, 3, 15],
			"to": [16, 8, 16],
			"faces": {
				"north": {"uv": [8, 2, 12, 3.25], "texture": "#0"},
				"east": {"uv": [3.75, 7.5, 4, 8.75], "texture": "#0"},
				"south": {"uv": [8, 3.25, 12, 4.5], "texture": "#0"},
				"west": {"uv": [6, 12.25, 6.25, 13.5], "texture": "#0"},
				"up": {"uv": [15.25, 10, 11.25, 9.75], "texture": "#0"},
				"down": {"uv": [15.5, 10, 11.5, 10.25], "texture": "#0"}
			}
		},
		{
			"from": [0, 0, 15],
			"to": [6, 3, 16],
			"faces": {
				"north": {"uv": [11.25, 8.25, 12.75, 9], "texture": "#0"},
				"east": {"uv": [2.75, 11, 3, 11.75], "texture": "#0"},
				"south": {"uv": [11.25, 9, 12.75, 9.75], "texture": "#0"},
				"west": {"uv": [8.25, 12.25, 8.5, 13], "texture": "#0"},
				"up": {"uv": [13.5, 3.75, 12, 3.5], "texture": "#0"},
				"down": {"uv": [13.5, 3.75, 12, 4], "texture": "#0"}
			}
		},
		{
			"from": [10, 0, 15],
			"to": [16, 3, 16],
			"faces": {
				"north": {"uv": [9.75, 11.25, 11.25, 12], "texture": "#0"},
				"east": {"uv": [8.5, 12.25, 8.75, 13], "texture": "#0"},
				"south": {"uv": [11.25, 11.25, 12.75, 12], "texture": "#0"},
				"west": {"uv": [8.75, 12.25, 9, 13], "texture": "#0"},
				"up": {"uv": [13.5, 4.25, 12, 4], "texture": "#0"},
				"down": {"uv": [13.5, 4.25, 12, 4.5], "texture": "#0"}
			}
		},
		{
			"from": [6, 0, 15],
			"to": [10, 1.5, 16],
			"faces": {
				"north": {"uv": [2.75, 12, 3.75, 12.5], "texture": "#0"},
				"east": {"uv": [2.75, 12.5, 3, 13], "texture": "#0"},
				"south": {"uv": [12, 3, 13, 3.5], "texture": "#0"},
				"west": {"uv": [3, 12.5, 3.25, 13], "texture": "#0"},
				"up": {"uv": [7.75, 10, 6.75, 9.75], "texture": "#0"},
				"down": {"uv": [7.25, 12.25, 6.25, 12.5], "texture": "#0"}
			}
		},
		{
			"from": [0, 0, -10],
			"to": [16, 0, 0],
			"faces": {
				"north": {"uv": [0, 0, 4, 0], "texture": "#0"},
				"east": {"uv": [0, 0, 2.5, 0], "texture": "#0"},
				"south": {"uv": [0, 0, 4, 0], "texture": "#0"},
				"west": {"uv": [0, 0, 2.5, 0], "texture": "#0"},
				"up": {"uv": [8, 2.5, 4, 0], "texture": "#0"},
				"down": {"uv": [8, 2.5, 4, 5], "texture": "#0"}
			}
		},
		{
			"from": [8, 7, 2],
			"to": [8, 12, 14],
			"faces": {
				"north": {"uv": [0, 0, 0, 1.25], "texture": "#0"},
				"east": {"uv": [8, 4.5, 11, 5.75], "texture": "#0"},
				"south": {"uv": [0, 0, 0, 1.25], "texture": "#0"},
				"west": {"uv": [8, 5.75, 11, 7], "texture": "#0"},
				"up": {"uv": [0, 3, 0, 0], "texture": "#0"},
				"down": {"uv": [0, 0, 0, 3], "texture": "#0"}
			}
		},
		{
			"from": [8, 1, 22],
			"to": [8, 7, 28],
			"faces": {
				"north": {"uv": [0, 0, 0, 1.5], "texture": "#0"},
				"east": {"uv": [0, 9.5, 1.5, 11], "texture": "#0"},
				"south": {"uv": [0, 0, 0, 1.5], "texture": "#0"},
				"west": {"uv": [1.5, 9.5, 3, 11], "texture": "#0"},
				"up": {"uv": [0, 1.5, 0, 0], "texture": "#0"},
				"down": {"uv": [0, 0, 0, 1.5], "texture": "#0"}
			}
		},
		{
			"from": [-0.25, 1, -2],
			"to": [5.75, 6, -2],
			"rotation": {"angle": -22.5, "axis": "y", "origin": [0, 1, 0]},
			"faces": {
				"north": {"uv": [11, 5.75, 12.5, 7], "texture": "#0"},
				"east": {"uv": [0, 0, 0, 1.25], "texture": "#0"},
				"south": {"uv": [11.25, 7, 12.75, 8.25], "texture": "#0"},
				"west": {"uv": [0, 0, 0, 1.25], "texture": "#0"},
				"up": {"uv": [1.5, 0, 0, 0], "texture": "#0"},
				"down": {"uv": [1.5, 0, 0, 0], "texture": "#0"}
			}
		},
		{
			"from": [9.75, 1, -2],
			"to": [16.25, 6, -2],
			"rotation": {"angle": 22.5, "axis": "y", "origin": [16, 1, 0]},
			"faces": {
				"north": {"uv": [9.75, 10, 11.5, 11.25], "texture": "#0"},
				"east": {"uv": [0, 0, 0, 1.25], "texture": "#0"},
				"south": {"uv": [3, 10.75, 4.75, 12], "texture": "#0"},
				"west": {"uv": [0, 0, 0, 1.25], "texture": "#0"},
				"up": {"uv": [1.75, 0, 0, 0], "texture": "#0"},
				"down": {"uv": [1.75, 0, 0, 0], "texture": "#0"}
			}
		}
	],
	"display": {
		"thirdperson_righthand": {
			"translation": [0, 2.75, 0],
			"scale": [0.4, 0.4, 0.4]
		},
		"thirdperson_lefthand": {
			"translation": [0, 2.75, 0],
			"scale": [0.4, 0.4, 0.4]
		},
		"firstperson_righthand": {
			"rotation": [1, 126, 0],
			"translation": [0, 6.75, 0],
			"scale": [0.4, 0.4, 0.4]
		},
		"firstperson_lefthand": {
			"rotation": [4, 126, 0],
			"translation": [0, 6.75, 0],
			"scale": [0.4, 0.4, 0.4]
		},
		"ground": {
			"translation": [0, 4.25, 0],
			"scale": [0.5, 0.5, 0.5]
		},
		"gui": {
			"rotation": [17, 148, 0],
			"translation": [0.5, 1.5, 0],
			"scale": [0.7, 0.7, 0.7]
		},
		"head": {
			"rotation": [13, 0, 0],
			"translation": [0, 8.25, 1.75]
		},
		"fixed": {
			"rotation": [-73, 5, 0],
			"translation": [0, 4, -8]
		}
	}
}