{
	"credit": "Made with Blockbench",
	"texture_size": [128, 128],
	"textures": {
		"0": "block/frog_hat",
		"particle": "block/frog_hat"
	},
	"elements": [
		{
			"from": [-1, 7, 1],
			"to": [2, 9, 3],
			"faces": {
				"north": {"uv": [2, 5.875, 2.375, 6.125], "texture": "#0"},
				"east": {"uv": [2.375, 5.875, 2.625, 6.125], "texture": "#0"},
				"south": {"uv": [2, 6.125, 2.375, 6.375], "texture": "#0"},
				"west": {"uv": [2.375, 6.125, 2.625, 6.375], "texture": "#0"},
				"up": {"uv": [7.25, 4.75, 6.875, 4.5], "texture": "#0"},
				"down": {"uv": [6.125, 6.875, 5.75, 7.125], "texture": "#0"}
			}
		},
		{
			"from": [1, 9, 1],
			"to": [15, 11, 3],
			"faces": {
				"north": {"uv": [6.5, 2.375, 8.25, 2.625], "texture": "#0"},
				"east": {"uv": [1.5, 7.25, 1.75, 7.5], "texture": "#0"},
				"south": {"uv": [6.5, 2.625, 8.25, 2.875], "texture": "#0"},
				"west": {"uv": [2, 7.25, 2.25, 7.5], "texture": "#0"},
				"up": {"uv": [8.25, 3.125, 6.5, 2.875], "texture": "#0"},
				"down": {"uv": [5.5, 6.625, 3.75, 6.875], "texture": "#0"}
			}
		},
		{
			"from": [-2, 5, 1],
			"to": [1, 7, 3],
			"faces": {
				"north": {"uv": [6.125, 6.875, 6.5, 7.125], "texture": "#0"},
				"east": {"uv": [6.75, 7.125, 7, 7.375], "texture": "#0"},
				"south": {"uv": [6.5, 6.875, 6.875, 7.125], "texture": "#0"},
				"west": {"uv": [7, 7.125, 7.25, 7.375], "texture": "#0"},
				"up": {"uv": [7.25, 6.875, 6.875, 6.625], "texture": "#0"},
				"down": {"uv": [7.25, 6.875, 6.875, 7.125], "texture": "#0"}
			}
		},
		{
			"from": [-4, 3, 1],
			"to": [-1, 5, 3],
			"faces": {
				"north": {"uv": [0.5, 7, 0.875, 7.25], "texture": "#0"},
				"east": {"uv": [0.5, 7.25, 0.75, 7.5], "texture": "#0"},
				"south": {"uv": [0.875, 7, 1.25, 7.25], "texture": "#0"},
				"west": {"uv": [0.75, 7.25, 1, 7.5], "texture": "#0"},
				"up": {"uv": [1.625, 7.25, 1.25, 7], "texture": "#0"},
				"down": {"uv": [4.125, 7, 3.75, 7.25], "texture": "#0"}
			}
		},
		{
			"from": [-4, 2, 3],
			"to": [-2, 4, 5],
			"faces": {
				"north": {"uv": [3.25, 7.25, 3.5, 7.5], "texture": "#0"},
				"east": {"uv": [3.5, 7.25, 3.75, 7.5], "texture": "#0"},
				"south": {"uv": [3.75, 7.25, 4, 7.5], "texture": "#0"},
				"west": {"uv": [4, 7.25, 4.25, 7.5], "texture": "#0"},
				"up": {"uv": [4.5, 7.5, 4.25, 7.25], "texture": "#0"},
				"down": {"uv": [4.75, 7.25, 4.5, 7.5], "texture": "#0"}
			}
		},
		{
			"from": [-2, 0, 14],
			"to": [0, 2, 16],
			"faces": {
				"north": {"uv": [7.25, 6.625, 7.5, 6.875], "texture": "#0"},
				"east": {"uv": [7.25, 6.875, 7.5, 7.125], "texture": "#0"},
				"south": {"uv": [7.25, 7.125, 7.5, 7.375], "texture": "#0"},
				"west": {"uv": [5.5, 7.375, 5.75, 7.625], "texture": "#0"},
				"up": {"uv": [6, 7.625, 5.75, 7.375], "texture": "#0"},
				"down": {"uv": [6.25, 7.375, 6, 7.625], "texture": "#0"}
			}
		},
		{
			"from": [0, -1, 14],
			"to": [16, 1, 16],
			"faces": {
				"north": {"uv": [3.75, 6.375, 5.75, 6.625], "texture": "#0"},
				"east": {"uv": [0.75, 7.5, 1, 7.75], "texture": "#0"},
				"south": {"uv": [5.75, 6.375, 7.75, 6.625], "texture": "#0"},
				"west": {"uv": [1, 7.5, 1.25, 7.75], "texture": "#0"},
				"up": {"uv": [8.5, 1.625, 6.5, 1.375], "texture": "#0"},
				"down": {"uv": [8.5, 1.625, 6.5, 1.875], "texture": "#0"}
			}
		},
		{
			"from": [-4, 1, 5],
			"to": [-2, 3, 15],
			"faces": {
				"north": {"uv": [5, 7.25, 5.25, 7.5], "texture": "#0"},
				"east": {"uv": [6.625, 6.125, 7.875, 6.375], "texture": "#0"},
				"south": {"uv": [5.25, 7.25, 5.5, 7.5], "texture": "#0"},
				"west": {"uv": [0.5, 6.75, 1.75, 7], "texture": "#0"},
				"up": {"uv": [2, 8, 1.75, 6.75], "texture": "#0"},
				"down": {"uv": [7.125, 3.125, 6.875, 4.375], "texture": "#0"}
			}
		},
		{
			"from": [15, 5, 1],
			"to": [18, 7, 3],
			"rotation": {"angle": 0, "axis": "y", "origin": [16, 0, 0]},
			"faces": {
				"north": {"uv": [4.125, 7, 4.5, 7.25], "texture": "#0"},
				"east": {"uv": [1, 7.25, 1.25, 7.5], "texture": "#0"},
				"south": {"uv": [4.5, 7, 4.875, 7.25], "texture": "#0"},
				"west": {"uv": [1.25, 7.25, 1.5, 7.5], "texture": "#0"},
				"up": {"uv": [5.25, 7.25, 4.875, 7], "texture": "#0"},
				"down": {"uv": [5.625, 7, 5.25, 7.25], "texture": "#0"}
			}
		},
		{
			"from": [14, 7, 1],
			"to": [17, 9, 3],
			"rotation": {"angle": 0, "axis": "y", "origin": [16, 0, 0]},
			"faces": {
				"north": {"uv": [7.125, 3.125, 7.5, 3.375], "texture": "#0"},
				"east": {"uv": [2.25, 7.25, 2.5, 7.5], "texture": "#0"},
				"south": {"uv": [7.125, 3.375, 7.5, 3.625], "texture": "#0"},
				"west": {"uv": [2.5, 7.25, 2.75, 7.5], "texture": "#0"},
				"up": {"uv": [7.5, 3.875, 7.125, 3.625], "texture": "#0"},
				"down": {"uv": [7.5, 3.875, 7.125, 4.125], "texture": "#0"}
			}
		},
		{
			"from": [18, 1, 5],
			"to": [20, 3, 15],
			"rotation": {"angle": 0, "axis": "y", "origin": [16, 0, 0]},
			"faces": {
				"north": {"uv": [2.75, 7.25, 3, 7.5], "texture": "#0"},
				"east": {"uv": [6.625, 5.625, 7.875, 5.875], "texture": "#0"},
				"south": {"uv": [3, 7.25, 3.25, 7.5], "texture": "#0"},
				"west": {"uv": [6.625, 5.875, 7.875, 6.125], "texture": "#0"},
				"up": {"uv": [0.25, 8, 0, 6.75], "texture": "#0"},
				"down": {"uv": [0.5, 6.75, 0.25, 8], "texture": "#0"}
			}
		},
		{
			"from": [17, 3, 1],
			"to": [20, 5, 3],
			"rotation": {"angle": 0, "axis": "y", "origin": [16, 0, 0]},
			"faces": {
				"north": {"uv": [7.125, 4.125, 7.5, 4.375], "texture": "#0"},
				"east": {"uv": [7.25, 4.5, 7.5, 4.75], "texture": "#0"},
				"south": {"uv": [5.625, 7.125, 6, 7.375], "texture": "#0"},
				"west": {"uv": [4.75, 7.25, 5, 7.5], "texture": "#0"},
				"up": {"uv": [6.375, 7.375, 6, 7.125], "texture": "#0"},
				"down": {"uv": [6.75, 7.125, 6.375, 7.375], "texture": "#0"}
			}
		},
		{
			"from": [18, 2, 3],
			"to": [20, 4, 5],
			"rotation": {"angle": 0, "axis": "y", "origin": [16, 0, 0]},
			"faces": {
				"north": {"uv": [6.25, 7.375, 6.5, 7.625], "texture": "#0"},
				"east": {"uv": [6.5, 7.375, 6.75, 7.625], "texture": "#0"},
				"south": {"uv": [6.75, 7.375, 7, 7.625], "texture": "#0"},
				"west": {"uv": [7, 7.375, 7.25, 7.625], "texture": "#0"},
				"up": {"uv": [7.5, 7.625, 7.25, 7.375], "texture": "#0"},
				"down": {"uv": [0.75, 7.5, 0.5, 7.75], "texture": "#0"}
			}
		},
		{
			"from": [16, 0, 14],
			"to": [18, 2, 16],
			"rotation": {"angle": 0, "axis": "y", "origin": [16, 0, 0]},
			"faces": {
				"north": {"uv": [1.25, 7.5, 1.5, 7.75], "texture": "#0"},
				"east": {"uv": [1.5, 7.5, 1.75, 7.75], "texture": "#0"},
				"south": {"uv": [2, 7.5, 2.25, 7.75], "texture": "#0"},
				"west": {"uv": [2.25, 7.5, 2.5, 7.75], "texture": "#0"},
				"up": {"uv": [2.75, 7.75, 2.5, 7.5], "texture": "#0"},
				"down": {"uv": [3, 7.5, 2.75, 7.75], "texture": "#0"}
			}
		},
		{
			"from": [-3, 4, 2],
			"to": [19, 22, 14.75],
			"faces": {
				"north": {"uv": [0, 0, 2.75, 2.25], "texture": "#0"},
				"east": {"uv": [2.75, 3.25, 4.375, 5.5], "texture": "#0"},
				"south": {"uv": [0, 2.25, 2.75, 4.5], "texture": "#0"},
				"west": {"uv": [4.375, 3.25, 6, 5.5], "texture": "#0"},
				"up": {"uv": [5.5, 1.625, 2.75, 0], "texture": "#0"},
				"down": {"uv": [5.5, 1.625, 2.75, 3.25], "texture": "#0"}
			}
		},
		{
			"from": [11, 22, 6.25],
			"to": [18.75, 30.25, 10.5],
			"faces": {
				"north": {"uv": [4.625, 5.5, 5.625, 6.375], "texture": "#0"},
				"east": {"uv": [2, 6.375, 2.875, 7.25], "texture": "#0"},
				"south": {"uv": [5.625, 5.5, 6.625, 6.375], "texture": "#0"},
				"west": {"uv": [2.875, 6.375, 3.75, 7.25], "texture": "#0"},
				"up": {"uv": [1, 6.75, 0, 5.875], "texture": "#0"},
				"down": {"uv": [2, 5.875, 1, 6.75], "texture": "#0"}
			}
		},
		{
			"from": [-3, 2, 4],
			"to": [19, 4, 14.75],
			"faces": {
				"north": {"uv": [6, 4.875, 8.625, 5.125], "texture": "#0"},
				"east": {"uv": [6.625, 5.375, 8, 5.625], "texture": "#0"},
				"south": {"uv": [6, 5.125, 8.625, 5.375], "texture": "#0"},
				"west": {"uv": [5.5, 6.625, 6.875, 6.875], "texture": "#0"},
				"up": {"uv": [2.625, 5.875, 0, 4.5], "texture": "#0"},
				"down": {"uv": [8.125, 0, 5.5, 1.375], "texture": "#0"}
			}
		},
		{
			"from": [-0.25, 1, 13.75],
			"to": [16, 2, 15.5],
			"faces": {
				"north": {"uv": [3.75, 6.875, 5.75, 7], "texture": "#0"},
				"east": {"uv": [5.5, 3.125, 5.75, 3.25], "texture": "#0"},
				"south": {"uv": [6.875, 4.375, 8.875, 4.5], "texture": "#0"},
				"west": {"uv": [5.75, 3.125, 6, 3.25], "texture": "#0"},
				"up": {"uv": [8.5, 2.125, 6.5, 1.875], "texture": "#0"},
				"down": {"uv": [8.5, 2.125, 6.5, 2.375], "texture": "#0"}
			}
		},
		{
			"from": [-2.75, 22, 6.25],
			"to": [5, 30.25, 10.5],
			"rotation": {"angle": 0, "axis": "y", "origin": [16, 0, 0]},
			"faces": {
				"north": {"uv": [5.5, 1.375, 6.5, 2.25], "texture": "#0"},
				"east": {"uv": [6, 3.125, 6.875, 4], "texture": "#0"},
				"south": {"uv": [5.5, 2.25, 6.5, 3.125], "texture": "#0"},
				"west": {"uv": [6, 4, 6.875, 4.875], "texture": "#0"},
				"up": {"uv": [3.625, 6.375, 2.625, 5.5], "texture": "#0"},
				"down": {"uv": [4.625, 5.5, 3.625, 6.375], "texture": "#0"}
			}
		}
	],
	"display": {
		"thirdperson_righthand": {
			"scale": [0.3, 0.3, 0.5]
		},
		"thirdperson_lefthand": {
			"scale": [0.3, 0.3, 0.5]
		},
		"firstperson_righthand": {
			"rotation": [0, 127, 0],
			"translation": [0, 2.25, 0],
			"scale": [0.3, 0.3, 0.5]
		},
		"firstperson_lefthand": {
			"rotation": [0, 127, 0],
			"translation": [0, 2.25, 0],
			"scale": [0.3, 0.3, 0.5]
		},
		"gui": {
			"rotation": [11, 158, 0],
			"translation": [0, -3.75, 0],
			"scale": [0.5, 0.5, 0.5]
		},
		"head": {
			"translation": [0, 0, -0.25],
			"scale": [0.65898, 0.56719, 1.1668]
		}
	}
}