{
	"credit": "Made with Blockbench",
	"parent": "carved_pumpkin",
	"textures": {
		"1": "block/labestiapatch",
		"2": "block/labestiaflag",
		"3": "block/labestiahat",
		"4": "block/labestiasticker",
		"particle": "block/labestiaflag"
	},
	"elements": [
		{
			"from": [3.7495, 7.30619, 4.12158],
			"to": [12.2505, 10.80719, 12.92258],
			"rotation": {"angle": 0, "axis": "y", "origin": [8, 9.05669, 8.52208]},
			"faces": {
				"north": {"uv": [0, 10.5, 4, 12], "texture": "#3"},
				"east": {"uv": [10.5, 8.5, 14.5, 10], "texture": "#3"},
				"south": {"uv": [10.5, 10, 14.5, 11.5], "texture": "#3"},
				"west": {"uv": [11, 0, 15, 1.5], "texture": "#3"},
				"up": {"uv": [4, 4, 0, 0], "texture": "#3"},
				"down": {"uv": [4, 4, 0, 8], "texture": "#3"}
			}
		},
		{
			"from": [3.7505, 7.30619, -1.12842],
			"to": [12.2505, 7.30619, 4.12158],
			"rotation": {"angle": 0, "axis": "y", "origin": [8.0005, 7.30619, 1.49658]},
			"faces": {
				"north": {"uv": [0, 0, 4.5, 0], "texture": "#3"},
				"east": {"uv": [0, 0, 2.5, 0], "texture": "#3"},
				"south": {"uv": [0, 0, 4.5, 0], "texture": "#3"},
				"west": {"uv": [0, 0, 2.5, 0], "texture": "#3"},
				"up": {"uv": [11.5, 8.5, 7, 6], "texture": "#3"},
				"down": {"uv": [4.5, 8, 0, 10.5], "texture": "#3"}
			}
		},
		{
			"from": [4.7495, 10.80719, 4.12158],
			"to": [11.2505, 11.80819, 12.92258],
			"rotation": {"angle": 0, "axis": "y", "origin": [8, 11.30769, 8.52208]},
			"faces": {
				"north": {"uv": [11, 3.5, 14, 4], "texture": "#3"},
				"east": {"uv": [11, 1.5, 15, 2], "texture": "#3"},
				"south": {"uv": [11, 4, 14, 4.5], "texture": "#3"},
				"west": {"uv": [11, 2, 15, 2.5], "texture": "#3"},
				"up": {"uv": [7, 4, 4, 0], "texture": "#3"},
				"down": {"uv": [7, 4, 4, 8], "texture": "#3"}
			}
		},
		{
			"from": [3.7495, 10.80719, 5.12158],
			"to": [12.2505, 11.80819, 11.92258],
			"rotation": {"angle": 0, "axis": "y", "origin": [8, 11.30769, 8.52208]},
			"faces": {
				"north": {"uv": [11, 2.5, 15, 3], "texture": "#3"},
				"east": {"uv": [11, 4.5, 14, 5], "texture": "#3"},
				"south": {"uv": [11, 3, 15, 3.5], "texture": "#3"},
				"west": {"uv": [11, 5, 14, 5.5], "texture": "#3"},
				"up": {"uv": [11, 3, 7, 0], "texture": "#3"},
				"down": {"uv": [11, 3, 7, 6], "texture": "#3"}
			}
		},
		{
			"from": [4.7495, 11.80819, 5.12158],
			"to": [11.2505, 12.80919, 11.92258],
			"rotation": {"angle": 0, "axis": "y", "origin": [8, 12.30869, 8.52208]},
			"faces": {
				"north": {"uv": [11, 5.5, 14, 6], "texture": "#3"},
				"east": {"uv": [4, 11.5, 7, 12], "texture": "#3"},
				"south": {"uv": [11.5, 6, 14.5, 6.5], "texture": "#3"},
				"west": {"uv": [11.5, 6.5, 14.5, 7], "texture": "#3"},
				"up": {"uv": [7.5, 11.5, 4.5, 8.5], "texture": "#3"},
				"down": {"uv": [10.5, 8.5, 7.5, 11.5], "texture": "#3"}
			}
		},
		{
			"from": [7.5, 12.55869, 8.12208],
			"to": [8.5, 13.05869, 9.12208],
			"rotation": {"angle": 0, "axis": "y", "origin": [8, 12.80869, 8.62208]},
			"faces": {
				"north": {"uv": [4.5, 8, 5, 8.5], "texture": "#3"},
				"east": {"uv": [5, 8, 5.5, 8.5], "texture": "#3"},
				"south": {"uv": [5.5, 8, 6, 8.5], "texture": "#3"},
				"west": {"uv": [6, 8, 6.5, 8.5], "texture": "#3"},
				"up": {"uv": [7, 8.5, 6.5, 8], "texture": "#3"},
				"down": {"uv": [4.5, 10.5, 4, 11], "texture": "#3"}
			}
		},
		{
			"name": "LaBestia",
			"from": [4.125, 7.5, 4.09574],
			"to": [11.625, 12, 4.09574],
			"rotation": {"angle": 0, "axis": "y", "origin": [7.8795, 10.06366, 4.09574]},
			"faces": {
				"north": {"uv": [0, 0, 4.25, 2.75], "texture": "#1"},
				"east": {"uv": [0, 0, 0, 2.75], "texture": "#1"},
				"south": {"uv": [0, 3, 4.25, 5.75], "texture": "#1"},
				"west": {"uv": [0, 0, 0, 2.75], "texture": "#1"},
				"up": {"uv": [4.25, 0, 0, 0], "texture": "#1"},
				"down": {"uv": [4.25, 0, 0, 0], "texture": "#1"}
			}
		},
		{
			"name": "Thirteen",
			"from": [4.25, 7.81361, 12.95923],
			"to": [11.75, 12.31361, 12.95923],
			"rotation": {"angle": 0, "axis": "y", "origin": [7.8795, 10.06361, 12.95923]},
			"faces": {
				"north": {"uv": [4.5, 0, 8.75, 2.75], "texture": "#1"},
				"east": {"uv": [0, 0, 0, 2.75], "texture": "#1"},
				"south": {"uv": [4.5, 3, 8.75, 5.75], "texture": "#1"},
				"west": {"uv": [0, 0, 0, 2.75], "texture": "#1"},
				"up": {"uv": [4.25, 0, 0, 0], "texture": "#1"},
				"down": {"uv": [4.25, 0, 0, 0], "texture": "#1"}
			}
		},
		{
			"name": "Flag",
			"from": [12.3, 7.9367, 7.12208],
			"to": [12.3, 9.9367, 9.92208],
			"rotation": {"angle": 0, "axis": "y", "origin": [12.3, 9.05669, 8.52208]},
			"faces": {
				"north": {"uv": [0, 0, 0, 8], "texture": "#2"},
				"east": {"uv": [0, 0, 11, 8], "texture": "#2"},
				"south": {"uv": [0, 0, 0, 8], "texture": "#2"},
				"west": {"uv": [0, 8, 11, 16], "texture": "#2"},
				"up": {"uv": [0, 11, 0, 0], "texture": "#2"},
				"down": {"uv": [0, 0, 0, 11], "texture": "#2"}
			}
		},
		{
			"from": [6.25, 7.30995, 0.21],
			"to": [9.8, 7.30995, 2.76],
			"rotation": {"angle": 0, "axis": "y", "origin": [7.925, 7.30995, 1.425]},
			"faces": {
				"north": {"uv": [0, 0, 8.5, 0], "texture": "#4"},
				"east": {"uv": [0, 0, 5.5, 0], "texture": "#4"},
				"south": {"uv": [0, 0, 8.5, 0], "texture": "#4"},
				"west": {"uv": [0, 0, 5.5, 0], "texture": "#4"},
				"up": {"uv": [8.5, 5.5, 0, 0], "texture": "#4"},
				"down": {"uv": [8.5, 6, 0, 11.5], "texture": "#4"}
			}
		}
	],
	"display": {
		"thirdperson_righthand": {
			"rotation": [-2, 146, 15],
			"translation": [1.25, -0.75, -4],
			"scale": [0.75, 0.75, 0.75]
		},
		"thirdperson_lefthand": {
			"rotation": [-2, 146, 15],
			"translation": [1.25, -0.75, -4],
			"scale": [0.75, 0.75, 0.75]
		},
		"firstperson_righthand": {
			"rotation": [-2, 131, 15],
			"translation": [0.75, 2, 0.74],
			"scale": [0.5, 0.5, 0.5]
		},
		"firstperson_lefthand": {
			"rotation": [-2, 131, 15],
			"translation": [0.75, 2, 0.75],
			"scale": [0.5, 0.5, 0.5]
		},
		"ground": {
			"rotation": [15, 0, 30]
		},
		"gui": {
			"rotation": [25, -141, 0],
			"translation": [-1, -1, 0]
		},
		"head": {
			"rotation": [5, 0, 0],
			"translation": [0, 4, -0.95],
			"scale": [1.7, 1.7, 1.7]
		},
		"fixed": {
			"rotation": [-90, 0, 0],
			"translation": [0, 2.25, -0.25]
		}
	},
	"groups": [
		0,
		1,
		2,
		3,
		4,
		5,
		{
			"name": "Details",
			"origin": [9.353, 9.44906, 8.63023],
			"color": 0,
			"children": [6, 7, 8, 9]
		}
	]
}