{
	"credit": "Made with Blockbench",
	"parent": "carved_pumpkin",
	"texture_size": [64, 64],
	"textures": {
		"0": "block/red_elf",
		"particle": "block/red_elf"
	},
	"elements": [
		{
			"from": [5.75, 0, 2],
			"to": [7.75, 5, 4],
			"faces": {
				"north": {"uv": [0, 5.25, 0.5, 6.5], "texture": "#0"},
				"east": {"uv": [0.5, 5.25, 1, 6.5], "texture": "#0"},
				"south": {"uv": [3.5, 5.25, 4, 6.5], "texture": "#0"},
				"west": {"uv": [5.25, 4.5, 5.75, 5.75], "texture": "#0"},
				"up": {"uv": [6.25, 1.75, 5.75, 1.25], "texture": "#0"},
				"down": {"uv": [7.5, 3.75, 7, 4.25], "texture": "#0"}
			}
		},
		{
			"from": [4, 6.5, -2.75],
			"to": [6, 11.5, -0.75],
			"rotation": {"angle": 45, "axis": "x", "origin": [0, 0, 0]},
			"faces": {
				"north": {"uv": [4.5, 5.5, 5, 6.75], "texture": "#0"},
				"east": {"uv": [5.75, 0, 6.25, 1.25], "texture": "#0"},
				"south": {"uv": [1, 5.75, 1.5, 7], "texture": "#0"},
				"west": {"uv": [1.5, 5.75, 2, 7], "texture": "#0"},
				"up": {"uv": [7.75, 3, 7.25, 2.5], "texture": "#0"},
				"down": {"uv": [7.75, 3, 7.25, 3.5], "texture": "#0"}
			}
		},
		{
			"from": [5.75, 5, 2.5],
			"to": [7.75, 5.75, 4],
			"faces": {
				"north": {"uv": [7, 5.25, 7.5, 5.5], "texture": "#0"},
				"east": {"uv": [7.75, 1.25, 8.125, 1.5], "texture": "#0"},
				"south": {"uv": [7.5, 0.75, 8, 1], "texture": "#0"},
				"west": {"uv": [7.75, 2, 8.125, 2.25], "texture": "#0"},
				"up": {"uv": [8, 5.125, 7.5, 4.75], "texture": "#0"},
				"down": {"uv": [5.75, 7.5, 5.25, 7.875], "texture": "#0"}
			}
		},
		{
			"from": [5.75, 3.75, 4],
			"to": [7.75, 5.75, 5.25],
			"faces": {
				"north": {"uv": [7, 4.75, 7.5, 5.25], "texture": "#0"},
				"east": {"uv": [2.75, 7.5, 3.125, 8], "texture": "#0"},
				"south": {"uv": [5.25, 7, 5.75, 7.5], "texture": "#0"},
				"west": {"uv": [3.75, 7.5, 4.125, 8], "texture": "#0"},
				"up": {"uv": [8, 4.125, 7.5, 3.75], "texture": "#0"},
				"down": {"uv": [4.75, 7.5, 4.25, 7.875], "texture": "#0"}
			}
		},
		{
			"from": [8.25, 3.75, 4],
			"to": [10.25, 5.75, 5.25],
			"rotation": {"angle": 0, "axis": "x", "origin": [16, 0, 0]},
			"faces": {
				"north": {"uv": [7, 4.25, 7.5, 4.75], "texture": "#0"},
				"east": {"uv": [7.5, 0.25, 7.875, 0.75], "texture": "#0"},
				"south": {"uv": [4.75, 7, 5.25, 7.5], "texture": "#0"},
				"west": {"uv": [1.25, 7.5, 1.625, 8], "texture": "#0"},
				"up": {"uv": [2.25, 7.875, 1.75, 7.5], "texture": "#0"},
				"down": {"uv": [2.75, 7.5, 2.25, 7.875], "texture": "#0"}
			}
		},
		{
			"from": [5.75, 3.75, 5.25],
			"to": [10.25, 10.5, 7.75],
			"rotation": {"angle": 0, "axis": "y", "origin": [16, 0, 0]},
			"faces": {
				"north": {"uv": [0, 0, 1.125, 1.75], "texture": "#0"},
				"east": {"uv": [3.5, 3.5, 4.125, 5.25], "texture": "#0"},
				"south": {"uv": [1.25, 0, 2.375, 1.75], "texture": "#0"},
				"west": {"uv": [3.75, 0, 4.375, 1.75], "texture": "#0"},
				"up": {"uv": [3.375, 5.375, 2.25, 4.75], "texture": "#0"},
				"down": {"uv": [5.875, 2.5, 4.75, 3.125], "texture": "#0"}
			}
		},
		{
			"from": [5.75, 10.5, 4.25],
			"to": [10.25, 14.75, 8.25],
			"rotation": {"angle": 0, "axis": "y", "origin": [16, 0, 0]},
			"faces": {
				"north": {"uv": [2.5, 0, 3.625, 1.125], "texture": "#0"},
				"east": {"uv": [2.5, 2.5, 3.5, 3.625], "texture": "#0"},
				"south": {"uv": [2.5, 1.25, 3.625, 2.375], "texture": "#0"},
				"west": {"uv": [0, 3, 1, 4.125], "texture": "#0"},
				"up": {"uv": [2.125, 4, 1, 3], "texture": "#0"},
				"down": {"uv": [4.625, 2.5, 3.5, 3.5], "texture": "#0"}
			}
		},
		{
			"from": [12.5, 16.5, 4.5],
			"to": [16.75, 20, 8],
			"rotation": {"angle": 22.5, "axis": "z", "origin": [16, 0, 0]},
			"faces": {
				"north": {"uv": [2.25, 3.75, 3.375, 4.625], "texture": "#0"},
				"east": {"uv": [0, 4.25, 0.875, 5.125], "texture": "#0"},
				"south": {"uv": [1, 4, 2.125, 4.875], "texture": "#0"},
				"west": {"uv": [4.25, 4.5, 5.125, 5.375], "texture": "#0"},
				"up": {"uv": [5.375, 4.375, 4.25, 3.5], "texture": "#0"},
				"down": {"uv": [5.625, 0, 4.5, 0.875], "texture": "#0"}
			}
		},
		{
			"from": [20, 18, 4.75],
			"to": [24.25, 20.25, 7.75],
			"rotation": {"angle": 45, "axis": "z", "origin": [16, 0, 0]},
			"faces": {
				"north": {"uv": [1, 5, 2.125, 5.625], "texture": "#0"},
				"east": {"uv": [6.5, 2, 7.25, 2.625], "texture": "#0"},
				"south": {"uv": [5, 1.75, 6.125, 2.375], "texture": "#0"},
				"west": {"uv": [6.5, 2.75, 7.25, 3.375], "texture": "#0"},
				"up": {"uv": [4.875, 2.5, 3.75, 1.75], "texture": "#0"},
				"down": {"uv": [5.625, 1, 4.5, 1.75], "texture": "#0"}
			}
		},
		{
			"from": [-1.75, 11.25, 5],
			"to": [0.5, 15.25, 7.5],
			"rotation": {"angle": -22.5, "axis": "z", "origin": [16, 0, 0]},
			"faces": {
				"north": {"uv": [6, 5.75, 6.625, 6.75], "texture": "#0"},
				"east": {"uv": [6.25, 0, 6.875, 1], "texture": "#0"},
				"south": {"uv": [6.25, 1, 6.875, 2], "texture": "#0"},
				"west": {"uv": [6.25, 3.75, 6.875, 4.75], "texture": "#0"},
				"up": {"uv": [3.875, 7.125, 3.25, 6.5], "texture": "#0"},
				"down": {"uv": [2.625, 6.75, 2, 7.375], "texture": "#0"}
			}
		},
		{
			"from": [11.25, 20.5, 5.25],
			"to": [14.25, 23.25, 7.25],
			"rotation": {"angle": 22.5, "axis": "z", "origin": [16, 0, 0]},
			"faces": {
				"north": {"uv": [6.25, 4.75, 7, 5.5], "texture": "#0"},
				"east": {"uv": [2.75, 6.75, 3.25, 7.5], "texture": "#0"},
				"south": {"uv": [0, 6.5, 0.75, 7.25], "texture": "#0"},
				"west": {"uv": [6, 6.75, 6.5, 7.5], "texture": "#0"},
				"up": {"uv": [7.5, 6.75, 6.75, 6.25], "texture": "#0"},
				"down": {"uv": [7.25, 6.75, 6.5, 7.25], "texture": "#0"}
			}
		},
		{
			"from": [19, 21.25, 5.5],
			"to": [21, 23, 7],
			"rotation": {"angle": 45, "axis": "z", "origin": [16, 0, 0]},
			"faces": {
				"north": {"uv": [7.25, 6.75, 7.75, 7.25], "texture": "#0"},
				"east": {"uv": [7.5, 5.25, 7.875, 5.75], "texture": "#0"},
				"south": {"uv": [7, 7.25, 7.5, 7.75], "texture": "#0"},
				"west": {"uv": [5.75, 7.5, 6.125, 8], "texture": "#0"},
				"up": {"uv": [8, 6.125, 7.5, 5.75], "texture": "#0"},
				"down": {"uv": [8, 6.25, 7.5, 6.625], "texture": "#0"}
			}
		},
		{
			"from": [-4, 9.75, 5.75],
			"to": [-2.5, 11.75, 6.75],
			"rotation": {"angle": -22.5, "axis": "z", "origin": [16, 0, 0]},
			"faces": {
				"north": {"uv": [7.5, 7.25, 7.875, 7.75], "texture": "#0"},
				"east": {"uv": [2.25, 3, 2.5, 3.5], "texture": "#0"},
				"south": {"uv": [0, 7.75, 0.375, 8.25], "texture": "#0"},
				"west": {"uv": [3.25, 5.5, 3.5, 6], "texture": "#0"},
				"up": {"uv": [8.125, 2.5, 7.75, 2.25], "texture": "#0"},
				"down": {"uv": [8.125, 2.5, 7.75, 2.75], "texture": "#0"}
			}
		},
		{
			"from": [1, 14.25, 5.25],
			"to": [3.25, 16.75, 7.25],
			"rotation": {"angle": 0, "axis": "z", "origin": [16, 0, 0]},
			"faces": {
				"north": {"uv": [4, 6.75, 4.625, 7.375], "texture": "#0"},
				"east": {"uv": [7, 0.25, 7.5, 0.875], "texture": "#0"},
				"south": {"uv": [6.75, 5.5, 7.375, 6.125], "texture": "#0"},
				"west": {"uv": [0.75, 7, 1.25, 7.625], "texture": "#0"},
				"up": {"uv": [7.625, 1.5, 7, 1], "texture": "#0"},
				"down": {"uv": [1.875, 7, 1.25, 7.5], "texture": "#0"}
			}
		},
		{
			"from": [5.5, 14.75, 4],
			"to": [10.5, 15.75, 8.5],
			"rotation": {"angle": 0, "axis": "x", "origin": [16, 0, 0]},
			"faces": {
				"north": {"uv": [6.5, 3.5, 7.75, 3.75], "texture": "#0"},
				"east": {"uv": [7, 1.5, 8.125, 1.75], "texture": "#0"},
				"south": {"uv": [7, 0, 8.25, 0.25], "texture": "#0"},
				"west": {"uv": [7, 1.75, 8.125, 2], "texture": "#0"},
				"up": {"uv": [1.25, 2.875, 0, 1.75], "texture": "#0"},
				"down": {"uv": [2.5, 1.75, 1.25, 2.875], "texture": "#0"}
			}
		},
		{
			"from": [8.25, 5, 2.5],
			"to": [10.25, 5.75, 4],
			"rotation": {"angle": 0, "axis": "y", "origin": [16, 0, 0]},
			"faces": {
				"north": {"uv": [4.75, 3.25, 5.25, 3.5], "texture": "#0"},
				"east": {"uv": [0.5, 7.75, 0.875, 8], "texture": "#0"},
				"south": {"uv": [6.25, 5.5, 6.75, 5.75], "texture": "#0"},
				"west": {"uv": [7.75, 1, 8.125, 1.25], "texture": "#0"},
				"up": {"uv": [8, 4.625, 7.5, 4.25], "texture": "#0"},
				"down": {"uv": [5.25, 7.5, 4.75, 7.875], "texture": "#0"}
			}
		},
		{
			"from": [10, 6.5, -2.75],
			"to": [12, 11.5, -0.75],
			"rotation": {"angle": 45, "axis": "x", "origin": [16, 0, 0]},
			"faces": {
				"north": {"uv": [2.25, 5.5, 2.75, 6.75], "texture": "#0"},
				"east": {"uv": [2.75, 5.5, 3.25, 6.75], "texture": "#0"},
				"south": {"uv": [5.5, 3.25, 6, 4.5], "texture": "#0"},
				"west": {"uv": [4, 5.5, 4.5, 6.75], "texture": "#0"},
				"up": {"uv": [0.5, 7.75, 0, 7.25], "texture": "#0"},
				"down": {"uv": [7.75, 2, 7.25, 2.5], "texture": "#0"}
			}
		},
		{
			"from": [8.25, 0, 2],
			"to": [10.25, 5, 4],
			"rotation": {"angle": 0, "axis": "y", "origin": [16, 0, 0]},
			"faces": {
				"north": {"uv": [5.75, 4.5, 6.25, 5.75], "texture": "#0"},
				"east": {"uv": [5, 5.75, 5.5, 7], "texture": "#0"},
				"south": {"uv": [5.5, 5.75, 6, 7], "texture": "#0"},
				"west": {"uv": [6, 2.5, 6.5, 3.75], "texture": "#0"},
				"up": {"uv": [3.75, 7.75, 3.25, 7.25], "texture": "#0"},
				"down": {"uv": [7, 7.25, 6.5, 7.75], "texture": "#0"}
			}
		}
	],
	"display": {
		"thirdperson_righthand": {
			"rotation": [90, 0, 0],
			"translation": [1, -2, 14.25],
			"scale": [0.5, 0.5, 0.5]
		},
		"thirdperson_lefthand": {
			"rotation": [90, 0, 0],
			"translation": [0.25, -2, 14.25],
			"scale": [0.5, 0.5, 0.5]
		},
		"firstperson_righthand": {
			"rotation": [-3, 117, 0],
			"translation": [1, 1.75, 0],
			"scale": [0.5, 0.5, 0.5]
		},
		"firstperson_lefthand": {
			"rotation": [-3, 117, 0],
			"translation": [1, 1.75, 0],
			"scale": [0.5, 0.5, 0.5]
		},
		"ground": {
			"scale": [0.5, 0.5, 0.5]
		},
		"gui": {
			"rotation": [9, 164, 11],
			"translation": [0.25, -1.25, 0],
			"scale": [0.8, 0.8, 0.8]
		},
		"head": {
			"translation": [0, 10.25, -2.5]
		},
		"fixed": {
			"translation": [0, -1.5, 1.5]
		}
	}
}