{
	"credit": "Made with Blockbench",
	"parent": "carved_pumpkin",
	"texture_size": [64, 64],
	"textures": {
		"0": "block/gold_trophy",
		"particle": "block/gold_trophy"
	},
	"elements": [
		{
			"from": [2, 6, 7],
			"to": [4, 11, 9],
			"rotation": {"angle": -22.5, "axis": "z", "origin": [0, 4, 0]},
			"faces": {
				"north": {"uv": [4.5, 7.25, 5, 8.5], "texture": "#0"},
				"east": {"uv": [5, 7.25, 5.5, 8.5], "texture": "#0"},
				"south": {"uv": [5.5, 7.25, 6, 8.5], "texture": "#0"},
				"west": {"uv": [6, 7.25, 6.5, 8.5], "texture": "#0"},
				"up": {"uv": [5.25, 9, 4.75, 8.5], "texture": "#0"},
				"down": {"uv": [9, 5, 8.5, 5.5], "texture": "#0"}
			}
		},
		{
			"from": [-2.5, 13.5, 6.75],
			"to": [-0.5, 16.5, 9.25],
			"rotation": {"angle": -22.5, "axis": "z", "origin": [0, 4, 0]},
			"faces": {
				"north": {"uv": [2, 7.75, 2.5, 8.5], "texture": "#0"},
				"east": {"uv": [7.25, 4.5, 8, 5.25], "texture": "#0"},
				"south": {"uv": [8, 2.75, 8.5, 3.5], "texture": "#0"},
				"west": {"uv": [0.5, 7.75, 1.25, 8.5], "texture": "#0"},
				"up": {"uv": [3.75, 8.75, 3.25, 8], "texture": "#0"},
				"down": {"uv": [4.25, 8, 3.75, 8.75], "texture": "#0"}
			}
		},
		{
			"from": [-1.75, 18.5, 6.75],
			"to": [0.25, 21.5, 9.25],
			"rotation": {"angle": -45, "axis": "z", "origin": [0, 4, 0]},
			"faces": {
				"north": {"uv": [0.5, 8.5, 1, 9.25], "texture": "#0"},
				"east": {"uv": [1.25, 7.75, 2, 8.5], "texture": "#0"},
				"south": {"uv": [1, 8.5, 1.5, 9.25], "texture": "#0"},
				"west": {"uv": [8, 2, 8.75, 2.75], "texture": "#0"},
				"up": {"uv": [2, 9.25, 1.5, 8.5], "texture": "#0"},
				"down": {"uv": [2.5, 8.5, 2, 9.25], "texture": "#0"}
			}
		},
		{
			"from": [5, 20, 7],
			"to": [6.75, 23.25, 9],
			"rotation": {"angle": -22.5, "axis": "z", "origin": [0, 4, 0]},
			"faces": {
				"north": {"uv": [8.5, 2.75, 9, 3.5], "texture": "#0"},
				"east": {"uv": [8.5, 3.5, 9, 4.25], "texture": "#0"},
				"south": {"uv": [4.25, 8.5, 4.75, 9.25], "texture": "#0"},
				"west": {"uv": [8.5, 4.25, 9, 5], "texture": "#0"},
				"up": {"uv": [7.75, 9.25, 7.25, 8.75], "texture": "#0"},
				"down": {"uv": [0.5, 9, 0, 9.5], "texture": "#0"}
			}
		},
		{
			"from": [4.25, 8.25, 7.25],
			"to": [6.25, 11.25, 8.75],
			"rotation": {"angle": 22.5, "axis": "z", "origin": [0, 4, 0]},
			"faces": {
				"north": {"uv": [8, 4.5, 8.5, 5.25], "texture": "#0"},
				"east": {"uv": [8, 7.5, 8.5, 8.25], "texture": "#0"},
				"south": {"uv": [2.5, 8.25, 3, 9], "texture": "#0"},
				"west": {"uv": [8, 8.25, 8.5, 9], "texture": "#0"},
				"up": {"uv": [6.75, 9, 6.25, 8.5], "texture": "#0"},
				"down": {"uv": [9, 7.5, 8.5, 8], "texture": "#0"}
			}
		},
		{
			"from": [7, 4.5, 7],
			"to": [9, 9.5, 9],
			"rotation": {"angle": 0, "axis": "z", "origin": [0, 4, 0]},
			"faces": {
				"north": {"uv": [6.5, 7.25, 7, 8.5], "texture": "#0"},
				"east": {"uv": [7, 7.5, 7.5, 8.75], "texture": "#0"},
				"south": {"uv": [7.5, 7.5, 8, 8.75], "texture": "#0"},
				"west": {"uv": [0, 7.75, 0.5, 9], "texture": "#0"},
				"up": {"uv": [5.75, 9, 5.25, 8.5], "texture": "#0"},
				"down": {"uv": [6.25, 8.5, 5.75, 9], "texture": "#0"}
			}
		},
		{
			"from": [1.25, 12.25, 7],
			"to": [3.25, 13.75, 9],
			"rotation": {"angle": 0, "axis": "y", "origin": [0, 4, 0]},
			"faces": {
				"north": {"uv": [8.5, 8, 9, 8.5], "texture": "#0"},
				"east": {"uv": [8.5, 8.5, 9, 9], "texture": "#0"},
				"south": {"uv": [8.75, 2, 9.25, 2.5], "texture": "#0"},
				"west": {"uv": [3, 8.75, 3.5, 9.25], "texture": "#0"},
				"up": {"uv": [4, 9.25, 3.5, 8.75], "texture": "#0"},
				"down": {"uv": [7.25, 8.75, 6.75, 9.25], "texture": "#0"}
			}
		},
		{
			"from": [8.5, 13.75, 7],
			"to": [10.5, 15.25, 9],
			"rotation": {"angle": 0, "axis": "y", "origin": [0, 4, 0]},
			"faces": {
				"north": {"uv": [2.5, 9, 3, 9.5], "texture": "#0"},
				"east": {"uv": [9, 2.5, 9.5, 3], "texture": "#0"},
				"south": {"uv": [9, 3, 9.5, 3.5], "texture": "#0"},
				"west": {"uv": [9, 3.5, 9.5, 4], "texture": "#0"},
				"up": {"uv": [9.5, 4.5, 9, 4], "texture": "#0"},
				"down": {"uv": [9.5, 4.5, 9, 5], "texture": "#0"}
			}
		},
		{
			"from": [4.25, 9, 6.75],
			"to": [9.25, 15.75, 9.25],
			"rotation": {"angle": 0, "axis": "y", "origin": [0, 4, 0]},
			"faces": {
				"north": {"uv": [3.25, 5.5, 4.5, 7.25], "texture": "#0"},
				"east": {"uv": [2.5, 6.5, 3.25, 8.25], "texture": "#0"},
				"south": {"uv": [4.5, 5.5, 5.75, 7.25], "texture": "#0"},
				"west": {"uv": [7.25, 2, 8, 3.75], "texture": "#0"},
				"up": {"uv": [4.5, 8, 3.25, 7.25], "texture": "#0"},
				"down": {"uv": [8.5, 3.75, 7.25, 4.5], "texture": "#0"}
			}
		},
		{
			"from": [11.75, 19.75, 7],
			"to": [13.75, 22, 9],
			"rotation": {"angle": 0, "axis": "y", "origin": [0, 4, 0]},
			"faces": {
				"north": {"uv": [4.75, 9, 5.25, 9.5], "texture": "#0"},
				"east": {"uv": [9, 5, 9.5, 5.5], "texture": "#0"},
				"south": {"uv": [5.25, 9, 5.75, 9.5], "texture": "#0"},
				"west": {"uv": [9, 5.5, 9.5, 6], "texture": "#0"},
				"up": {"uv": [6.25, 9.5, 5.75, 9], "texture": "#0"},
				"down": {"uv": [6.75, 9, 6.25, 9.5], "texture": "#0"}
			}
		},
		{
			"from": [12, 19.25, 7.25],
			"to": [13.5, 19.75, 8.75],
			"rotation": {"angle": 0, "axis": "y", "origin": [0, 4, 0]},
			"faces": {
				"north": {"uv": [6, 5.25, 6.5, 5.5], "texture": "#0"},
				"east": {"uv": [6.5, 5.25, 7, 5.5], "texture": "#0"},
				"south": {"uv": [7, 5.25, 7.5, 5.5], "texture": "#0"},
				"west": {"uv": [7.5, 5.25, 8, 5.5], "texture": "#0"},
				"up": {"uv": [9.5, 8, 9, 7.5], "texture": "#0"},
				"down": {"uv": [8.25, 9, 7.75, 9.5], "texture": "#0"}
			}
		},
		{
			"from": [12, 22, 7.25],
			"to": [13.5, 22.5, 8.75],
			"rotation": {"angle": 0, "axis": "y", "origin": [0, 4, 0]},
			"faces": {
				"north": {"uv": [8, 3.5, 8.5, 3.75], "texture": "#0"},
				"east": {"uv": [8, 5.25, 8.5, 5.5], "texture": "#0"},
				"south": {"uv": [9, 8.5, 9.5, 8.75], "texture": "#0"},
				"west": {"uv": [8.75, 9, 9.25, 9.25], "texture": "#0"},
				"up": {"uv": [9.5, 8.5, 9, 8], "texture": "#0"},
				"down": {"uv": [8.75, 9, 8.25, 9.5], "texture": "#0"}
			}
		},
		{
			"from": [4.5, 18, 0.25],
			"to": [9, 22.5, 4.75],
			"rotation": {"angle": 22.5, "axis": "x", "origin": [0, 4, 0]},
			"faces": {
				"north": {"uv": [6, 1.5, 7.25, 2.75], "texture": "#0"},
				"east": {"uv": [6, 2.75, 7.25, 4], "texture": "#0"},
				"south": {"uv": [6, 4, 7.25, 5.25], "texture": "#0"},
				"west": {"uv": [5.75, 6, 7, 7.25], "texture": "#0"},
				"up": {"uv": [1.25, 7.75, 0, 6.5], "texture": "#0"},
				"down": {"uv": [2.5, 6.5, 1.25, 7.75], "texture": "#0"}
			}
		},
		{
			"from": [0.75, 3.75, 2.5],
			"to": [11.75, 5.25, 13.5],
			"faces": {
				"north": {"uv": [7, 6, 9.75, 6.5], "texture": "#0"},
				"east": {"uv": [7, 6.5, 9.75, 7], "texture": "#0"},
				"south": {"uv": [7, 7, 9.75, 7.5], "texture": "#0"},
				"west": {"uv": [7.25, 1.5, 10, 2], "texture": "#0"},
				"up": {"uv": [6, 2.75, 3.25, 0], "texture": "#0"},
				"down": {"uv": [6, 2.75, 3.25, 5.5], "texture": "#0"}
			}
		},
		{
			"from": [0, 2.25, 1.75],
			"to": [12.5, 3.75, 14.25],
			"faces": {
				"north": {"uv": [5.75, 5.5, 9, 6], "texture": "#0"},
				"east": {"uv": [6, 0, 9.25, 0.5], "texture": "#0"},
				"south": {"uv": [6, 0.5, 9.25, 1], "texture": "#0"},
				"west": {"uv": [6, 1, 9.25, 1.5], "texture": "#0"},
				"up": {"uv": [3.25, 3.25, 0, 0], "texture": "#0"},
				"down": {"uv": [3.25, 3.25, 0, 6.5], "texture": "#0"}
			}
		}
	],
	"gui_light": "front",
	"display": {
		"thirdperson_righthand": {
			"translation": [0.75, 3, 0],
			"scale": [0.5, 0.5, 0.5]
		},
		"thirdperson_lefthand": {
			"translation": [0.75, 3, 0],
			"scale": [0.5, 0.5, 0.5]
		},
		"firstperson_righthand": {
			"rotation": [0, 109, 0],
			"translation": [2, 2, 0],
			"scale": [0.5, 0.5, 0.5]
		},
		"firstperson_lefthand": {
			"rotation": [0, 109, 0],
			"translation": [2, 2, 0],
			"scale": [0.5, 0.5, 0.5]
		},
		"ground": {
			"translation": [0.5, 0.5, 1.25],
			"scale": [0.5, 0.5, 0.5]
		},
		"gui": {
			"rotation": [16, 155, 0],
			"translation": [-1, -1.5, 0],
			"scale": [0.6, 0.6, 0.6]
		},
		"head": {
			"translation": [1.75, 10.5, 0],
			"scale": [0.7, 0.7, 0.7]
		},
		"fixed": {
			"rotation": [-90, 0, 0],
			"translation": [1.75, 0, -5]
		}
	}
}