{
	"credit": "Made with Blockbench",
	"texture_size": [64, 64],
	"textures": {
		"0": "block/byron_springhat"
	},
	"elements": [
		{
			"name": "Brim",
			"from": [1.75, 6.35, 1.75],
			"to": [14.25, 7.85, 14.25],
			"rotation": {"angle": 22.5, "axis": "x", "origin": [8, 7, 8]},
			"faces": {
				"north": {"uv": [6, 4.25, 9, 4.5], "texture": "#0"},
				"east": {"uv": [6, 4.5, 9, 4.75], "texture": "#0"},
				"south": {"uv": [6, 4.75, 9, 5], "texture": "#0"},
				"west": {"uv": [6, 5, 9, 5.25], "texture": "#0"},
				"up": {"uv": [3, 3, 0, 0], "texture": "#0"},
				"down": {"uv": [3, 3, 0, 6], "texture": "#0"}
			}
		},
		{
			"name": "Band",
			"from": [3.7495, 7.89635, 3.7495],
			"to": [12.2505, 10.14735, 12.2505],
			"rotation": {"angle": 22.5, "axis": "x", "origin": [8, 6.54685, 7.78869]},
			"faces": {
				"north": {"uv": [4.25, 5.25, 6.25, 5.75], "texture": "#0"},
				"east": {"uv": [4.25, 5.75, 6.25, 6.25], "texture": "#0"},
				"south": {"uv": [0, 6, 2, 6.5], "texture": "#0"},
				"west": {"uv": [6, 3.75, 8, 4.25], "texture": "#0"},
				"up": {"uv": [5, 2, 3, 0], "texture": "#0"},
				"down": {"uv": [5, 2, 3, 4], "texture": "#0"}
			}
		},
		{
			"name": "Gear4",
			"from": [2.4996, 5.33638, -1.20007],
			"to": [5.9996, 8.83638, 0.29993],
			"rotation": {"angle": 22.5, "axis": "x", "origin": [7.9994, -2.51362, 11.83862]},
			"faces": {
				"north": {"uv": [2, 6, 2.75, 6.75], "texture": "#0"},
				"east": {"uv": [1.75, 6.5, 2, 7.25], "texture": "#0"},
				"south": {"uv": [6.25, 2.5, 7, 3.25], "texture": "#0"},
				"west": {"uv": [6.5, 6, 6.75, 6.75], "texture": "#0"},
				"up": {"uv": [5.75, 4, 5, 3.75], "texture": "#0"},
				"down": {"uv": [2.75, 6.75, 2, 7], "texture": "#0"}
			}
		},
		{
			"name": "Gear2",
			"from": [7.4996, 5.33638, -1.20007],
			"to": [10.9996, 8.83638, 0.29993],
			"rotation": {"angle": 22.5, "axis": "x", "origin": [7.9994, -2.51362, 11.83862]},
			"faces": {
				"north": {"uv": [4.25, 6.25, 5, 7], "texture": "#0"},
				"east": {"uv": [6.75, 6, 7, 6.75], "texture": "#0"},
				"south": {"uv": [5, 6.25, 5.75, 7], "texture": "#0"},
				"west": {"uv": [6.5, 6.75, 6.75, 7.5], "texture": "#0"},
				"up": {"uv": [7.5, 7, 6.75, 6.75], "texture": "#0"},
				"down": {"uv": [0.75, 7, 0, 7.25], "texture": "#0"}
			}
		},
		{
			"name": "Gear3",
			"from": [6, 7.46895, -0.16901],
			"to": [7.5, 9.96895, 1.33099],
			"rotation": {"angle": 22.5, "axis": "x", "origin": [0.4998, -3.63105, 11.86969]},
			"faces": {
				"north": {"uv": [2.75, 6, 3, 6.5], "texture": "#0"},
				"east": {"uv": [0.75, 7, 1, 7.5], "texture": "#0"},
				"south": {"uv": [1, 7, 1.25, 7.5], "texture": "#0"},
				"west": {"uv": [7, 1, 7.25, 1.5], "texture": "#0"},
				"up": {"uv": [6, 4, 5.75, 3.75], "texture": "#0"},
				"down": {"uv": [6.5, 6, 6.25, 6.25], "texture": "#0"}
			}
		},
		{
			"name": "Gear4",
			"from": [11, 7.46895, -0.16901],
			"to": [13.5, 9.96895, 1.33099],
			"rotation": {"angle": 22.5, "axis": "x", "origin": [0.4998, -3.63105, 11.86969]},
			"faces": {
				"north": {"uv": [0.75, 6.5, 1.25, 7], "texture": "#0"},
				"east": {"uv": [1.25, 7, 1.5, 7.5], "texture": "#0"},
				"south": {"uv": [6.5, 1, 7, 1.5], "texture": "#0"},
				"west": {"uv": [1.5, 7, 1.75, 7.5], "texture": "#0"},
				"up": {"uv": [7.5, 1.75, 7, 1.5], "texture": "#0"},
				"down": {"uv": [7.5, 1.75, 7, 2], "texture": "#0"}
			}
		},
		{
			"name": "Cone1",
			"from": [4.75, 7.52848, 7.705],
			"to": [11.25, 13.27848, 13.455],
			"rotation": {"angle": 45, "axis": "x", "origin": [8, 10.52848, 10.82797]},
			"faces": {
				"north": {"uv": [3, 4, 4.5, 5.25], "texture": "#0"},
				"east": {"uv": [5, 2.5, 6.25, 3.75], "texture": "#0"},
				"south": {"uv": [4.5, 4, 6, 5.25], "texture": "#0"},
				"west": {"uv": [3, 5.25, 4.25, 6.5], "texture": "#0"},
				"up": {"uv": [6.5, 1.25, 5, 0], "texture": "#0"},
				"down": {"uv": [6.5, 1.25, 5, 2.5], "texture": "#0"}
			}
		},
		{
			"name": "Cone2",
			"from": [6.25, 10.22, 11.2],
			"to": [9.75, 12.72, 14.7],
			"rotation": {"angle": 45, "axis": "x", "origin": [8.5, 12.46661, 13.96355]},
			"faces": {
				"north": {"uv": [6.25, 3.25, 7, 3.75], "texture": "#0"},
				"east": {"uv": [0, 6.5, 0.75, 7], "texture": "#0"},
				"south": {"uv": [6.5, 0, 7.25, 0.5], "texture": "#0"},
				"west": {"uv": [6.5, 0.5, 7.25, 1], "texture": "#0"},
				"up": {"uv": [7, 6, 6.25, 5.25], "texture": "#0"},
				"down": {"uv": [6.5, 6.25, 5.75, 7], "texture": "#0"}
			}
		},
		{
			"name": "Cone3",
			"from": [6.75, 12.57, 10.55],
			"to": [9.25, 15.07, 13.05],
			"rotation": {"angle": 45, "axis": "x", "origin": [8.5, 11.57838, 12.01466]},
			"faces": {
				"north": {"uv": [1.25, 6.5, 1.75, 7], "texture": "#0"},
				"east": {"uv": [6.5, 1.5, 7, 2], "texture": "#0"},
				"south": {"uv": [6.5, 2, 7, 2.5], "texture": "#0"},
				"west": {"uv": [2.75, 6.5, 3.25, 7], "texture": "#0"},
				"up": {"uv": [3.75, 7, 3.25, 6.5], "texture": "#0"},
				"down": {"uv": [4.25, 6.5, 3.75, 7], "texture": "#0"}
			}
		},
		{
			"name": "Cone4",
			"from": [7.25, 13.53238, 13.34916],
			"to": [8.75, 15.03238, 15.84916],
			"rotation": {"angle": 0, "axis": "x", "origin": [8.5, 14.46661, 10.56577]},
			"faces": {
				"north": {"uv": [3, 7, 2.75, 7.25], "rotation": 180, "texture": "#0"},
				"east": {"uv": [7, 2, 7.25, 2.5], "rotation": 270, "texture": "#0"},
				"south": {"uv": [7.25, 2.75, 7, 2.5], "texture": "#0"},
				"west": {"uv": [2.5, 7, 2.75, 7.5], "rotation": 90, "texture": "#0"},
				"up": {"uv": [2, 7, 2.25, 7.5], "rotation": 180, "texture": "#0"},
				"down": {"uv": [2.25, 7, 2.5, 7.5], "texture": "#0"}
			}
		}
	],
	"display": {
		"thirdperson_righthand": {
			"scale": [0.5, 0.5, 0.5]
		},
		"thirdperson_lefthand": {
			"scale": [0.5, 0.5, 0.5]
		},
		"firstperson_righthand": {
			"rotation": [-9, 106, 0],
			"translation": [0, 3.25, 0],
			"scale": [0.5, 0.5, 0.5]
		},
		"firstperson_lefthand": {
			"rotation": [-9, 106, 0],
			"translation": [0, 3.25, 0],
			"scale": [0.5, 0.5, 0.5]
		},
		"ground": {
			"translation": [0, 4, 0],
			"scale": [0.8, 0.8, 0.8]
		},
		"gui": {
			"rotation": [7, 147, 0],
			"translation": [0, -1, 0],
			"scale": [0.9, 0.9, 0.9]
		},
		"head": {
			"translation": [0, 6.25, 0],
			"scale": [1.7, 1.7, 1.7]
		},
		"fixed": {
			"rotation": [-110, 0, 0],
			"translation": [0, 0, -1.25]
		}
	}
}