{
	"credit": "Made with Blockbench",
	"parent": "carved_pumpkin",
	"texture_size": [64, 64],
	"textures": {
		"0": "block/cheese_head",
		"particle": "block/cheese_head"
	},
	"elements": [
		{
			"from": [7, 0.25, 0.5],
			"to": [9, 7.75, 2],
			"faces": {
				"north": {"uv": [9, 5, 9.5, 7], "texture": "#0"},
				"east": {"uv": [9, 7, 9.5, 9], "texture": "#0"},
				"south": {"uv": [7.75, 9, 8.25, 11], "texture": "#0"},
				"west": {"uv": [8.25, 9, 8.75, 11], "texture": "#0"},
				"up": {"uv": [9.25, 9.5, 8.75, 9], "texture": "#0"},
				"down": {"uv": [9.75, 0, 9.25, 0.5], "texture": "#0"}
			}
		},
		{
			"from": [2.75, 0, 12.5],
			"to": [13.5, 8, 16.25],
			"faces": {
				"north": {"uv": [4, 2, 6.75, 4], "texture": "#0"},
				"east": {"uv": [8, 3, 9, 5], "texture": "#0"},
				"south": {"uv": [4, 4, 6.75, 6], "texture": "#0"},
				"west": {"uv": [8, 5, 9, 7], "texture": "#0"},
				"up": {"uv": [6.75, 7, 4, 6], "texture": "#0"},
				"down": {"uv": [9.5, 2, 6.75, 3], "texture": "#0"}
			}
		},
		{
			"from": [4.25, 0, 7.5],
			"to": [11.75, 7.75, 12.5],
			"faces": {
				"north": {"uv": [0, 6, 2, 8], "texture": "#0"},
				"east": {"uv": [6.75, 3, 8, 5], "texture": "#0"},
				"south": {"uv": [2, 6, 4, 8], "texture": "#0"},
				"west": {"uv": [6.75, 5, 8, 7], "texture": "#0"},
				"up": {"uv": [6, 8.25, 4, 7], "texture": "#0"},
				"down": {"uv": [8, 7, 6, 8.25], "texture": "#0"}
			}
		},
		{
			"from": [6.25, 0, 2.5],
			"to": [9.75, 7.75, 7.5],
			"faces": {
				"north": {"uv": [8, 7, 9, 9], "texture": "#0"},
				"east": {"uv": [0, 8, 1.25, 10], "texture": "#0"},
				"south": {"uv": [3.25, 8.25, 4.25, 10.25], "texture": "#0"},
				"west": {"uv": [8, 0, 9.25, 2], "texture": "#0"},
				"up": {"uv": [5.25, 9.5, 4.25, 8.25], "texture": "#0"},
				"down": {"uv": [6.25, 8.25, 5.25, 9.5], "texture": "#0"}
			}
		},
		{
			"from": [6, 0, 4],
			"to": [8, 8, 20],
			"rotation": {"angle": 22.5, "axis": "y", "origin": [0, 0, 0]},
			"faces": {
				"north": {"uv": [7.25, 8.25, 7.75, 10.25], "texture": "#0"},
				"east": {"uv": [0, 4, 4, 6], "texture": "#0"},
				"south": {"uv": [9, 3, 9.5, 5], "texture": "#0"},
				"west": {"uv": [4, 0, 8, 2], "texture": "#0"},
				"up": {"uv": [2.75, 12, 2.25, 8], "texture": "#0"},
				"down": {"uv": [3.25, 8, 2.75, 12], "texture": "#0"}
			}
		},
		{
			"from": [8, 0, 4],
			"to": [10, 8, 20],
			"rotation": {"angle": -22.5, "axis": "y", "origin": [16, 0, 0]},
			"faces": {
				"north": {"uv": [6.25, 8.25, 6.75, 10.25], "texture": "#0"},
				"east": {"uv": [0, 0, 4, 2], "texture": "#0"},
				"south": {"uv": [6.75, 8.25, 7.25, 10.25], "texture": "#0"},
				"west": {"uv": [0, 2, 4, 4], "texture": "#0"},
				"up": {"uv": [1.75, 12, 1.25, 8], "texture": "#0"},
				"down": {"uv": [2.25, 8, 1.75, 12], "texture": "#0"}
			}
		}
	],
	"display": {
		"thirdperson_righthand": {
			"translation": [0, 3.5, 0],
			"scale": [0.5, 0.5, 0.5]
		},
		"thirdperson_lefthand": {
			"translation": [0, 3.5, 0],
			"scale": [0.5, 0.5, 0.5]
		},
		"firstperson_righthand": {
			"translation": [0, 4.75, 0],
			"scale": [0.5, 0.5, 0.5]
		},
		"firstperson_lefthand": {
			"translation": [0, 4.75, 0],
			"scale": [0.5, 0.5, 0.5]
		},
		"ground": {
			"translation": [0, 5, 0],
			"scale": [0.5, 0.5, 0.5]
		},
		"gui": {
			"rotation": [27, 139, 0],
			"translation": [-1.25, 1.75, 0],
			"scale": [0.8, 0.8, 0.8]
		},
		"head": {
			"rotation": [7, 0, 0],
			"translation": [0, 16, -3.75],
			"scale": [2.14258, 1.75, 1.65]
		},
		"fixed": {
			"rotation": [-90, 0, 0],
			"translation": [0, 0, -6.25]
		}
	}
}