{
	"credit": "Made with Blockbench",
	"parent": "carved_pumpkin",
	"texture_size": [64, 64],
	"textures": {
		"0": "block/plague_doctor_mask"
	},
	"elements": [
		{
			"from": [7, 2, 0.25],
			"to": [9, 2.5, 5.75],
			"faces": {
				"north": {"uv": [0.5, 10.25, 1, 10.375], "texture": "#0"},
				"east": {"uv": [9.25, 8.75, 10.625, 8.875], "texture": "#0"},
				"south": {"uv": [10.25, 1.5, 10.75, 1.625], "texture": "#0"},
				"west": {"uv": [9.25, 9, 10.625, 9.125], "texture": "#0"},
				"up": {"uv": [3, 8.625, 2.5, 7.25], "texture": "#0"},
				"down": {"uv": [3.5, 7.25, 3, 8.625], "texture": "#0"}
			}
		},
		{
			"from": [7, 1.5, 0.25],
			"to": [9, 2, 1.25],
			"faces": {
				"north": {"uv": [10.25, 7.5, 10.75, 7.625], "texture": "#0"},
				"east": {"uv": [1.5, 10.75, 1.75, 10.875], "texture": "#0"},
				"south": {"uv": [10.25, 7.75, 10.75, 7.875], "texture": "#0"},
				"west": {"uv": [10.75, 1.5, 11, 1.625], "texture": "#0"},
				"up": {"uv": [1.5, 10, 1, 9.75], "texture": "#0"},
				"down": {"uv": [3, 9.75, 2.5, 10], "texture": "#0"}
			}
		},
		{
			"from": [7, 2.5, 0.75],
			"to": [9, 3, 5.75],
			"faces": {
				"north": {"uv": [10.25, 1.75, 10.75, 1.875], "texture": "#0"},
				"east": {"uv": [2.5, 9.5, 3.75, 9.625], "texture": "#0"},
				"south": {"uv": [10.25, 3.5, 10.75, 3.625], "texture": "#0"},
				"west": {"uv": [7, 9.5, 8.25, 9.625], "texture": "#0"},
				"up": {"uv": [4, 8.5, 3.5, 7.25], "texture": "#0"},
				"down": {"uv": [7, 7.5, 6.5, 8.75], "texture": "#0"}
			}
		},
		{
			"from": [7, 3, 1.25],
			"to": [9, 4, 5],
			"faces": {
				"north": {"uv": [8.75, 9.5, 9.25, 9.75], "texture": "#0"},
				"east": {"uv": [1, 9, 2, 9.25], "texture": "#0"},
				"south": {"uv": [9.25, 9.5, 9.75, 9.75], "texture": "#0"},
				"west": {"uv": [9, 4, 10, 4.25], "texture": "#0"},
				"up": {"uv": [7.5, 8.5, 7, 7.5], "texture": "#0"},
				"down": {"uv": [8, 7.5, 7.5, 8.5], "texture": "#0"}
			}
		},
		{
			"from": [6.75, 3, 1.5],
			"to": [7, 4, 5],
			"faces": {
				"north": {"uv": [6.25, 10.5, 6.375, 10.75], "texture": "#0"},
				"east": {"uv": [9, 5.25, 9.875, 5.5], "texture": "#0"},
				"south": {"uv": [10.5, 9.25, 10.625, 9.5], "texture": "#0"},
				"west": {"uv": [9.25, 1, 10.125, 1.25], "texture": "#0"},
				"up": {"uv": [3.375, 10.625, 3.25, 9.75], "texture": "#0"},
				"down": {"uv": [3.625, 9.75, 3.5, 10.625], "texture": "#0"}
			}
		},
		{
			"from": [6.5, 2, 1.5],
			"to": [6.75, 3, 5.75],
			"faces": {
				"north": {"uv": [9.75, 10.5, 9.875, 10.75], "texture": "#0"},
				"east": {"uv": [8.75, 7.75, 9.875, 8], "texture": "#0"},
				"south": {"uv": [10, 10.5, 10.125, 10.75], "texture": "#0"},
				"west": {"uv": [8.75, 8, 9.875, 8.25], "texture": "#0"},
				"up": {"uv": [1.875, 10.375, 1.75, 9.25], "texture": "#0"},
				"down": {"uv": [3.875, 9.25, 3.75, 10.375], "texture": "#0"}
			}
		},
		{
			"from": [6.75, 2, 1],
			"to": [7, 3, 5.75],
			"faces": {
				"north": {"uv": [10.5, 10.25, 10.625, 10.5], "texture": "#0"},
				"east": {"uv": [8.75, 5.75, 10, 6], "texture": "#0"},
				"south": {"uv": [10.5, 10.5, 10.625, 10.75], "texture": "#0"},
				"west": {"uv": [8.75, 6, 10, 6.25], "texture": "#0"},
				"up": {"uv": [6.125, 10.25, 6, 9], "texture": "#0"},
				"down": {"uv": [6.375, 9, 6.25, 10.25], "texture": "#0"}
			}
		},
		{
			"from": [7, 4, 1.75],
			"to": [9, 4.5, 5],
			"faces": {
				"north": {"uv": [10.25, 3.75, 10.75, 3.875], "texture": "#0"},
				"east": {"uv": [9.75, 4.25, 10.625, 4.375], "texture": "#0"},
				"south": {"uv": [4, 10.25, 4.5, 10.375], "texture": "#0"},
				"west": {"uv": [9.75, 4.5, 10.625, 4.625], "texture": "#0"},
				"up": {"uv": [6.5, 8.875, 6, 8], "texture": "#0"},
				"down": {"uv": [0.5, 8.25, 0, 9.125], "texture": "#0"}
			}
		},
		{
			"from": [7, 4.5, 2.25],
			"to": [9, 4.75, 5],
			"faces": {
				"north": {"uv": [10.25, 6.5, 10.75, 6.625], "texture": "#0"},
				"east": {"uv": [10, 4, 10.75, 4.125], "texture": "#0"},
				"south": {"uv": [10.25, 6.75, 10.75, 6.875], "texture": "#0"},
				"west": {"uv": [10, 5.25, 10.75, 5.375], "texture": "#0"},
				"up": {"uv": [4, 9.25, 3.5, 8.5], "texture": "#0"},
				"down": {"uv": [9.25, 0.5, 8.75, 1.25], "texture": "#0"}
			}
		},
		{
			"from": [5, 4.5, 4.5],
			"to": [7, 6.75, 5],
			"faces": {
				"north": {"uv": [2.5, 8.75, 3, 9.375], "texture": "#0"},
				"east": {"uv": [8.25, 10, 8.375, 10.625], "texture": "#0"},
				"south": {"uv": [3, 8.75, 3.5, 9.375], "texture": "#0"},
				"west": {"uv": [8.5, 10, 8.625, 10.625], "texture": "#0"},
				"up": {"uv": [10.75, 5.875, 10.25, 5.75], "texture": "#0"},
				"down": {"uv": [6.5, 10.25, 6, 10.375], "texture": "#0"}
			}
		},
		{
			"from": [4.75, 4.25, 4.75],
			"to": [7.25, 7, 5.25],
			"faces": {
				"north": {"uv": [8, 0.5, 8.625, 1.25], "texture": "#0"},
				"east": {"uv": [5, 10, 5.125, 10.75], "texture": "#0"},
				"south": {"uv": [4.5, 8, 5.125, 8.75], "texture": "#0"},
				"west": {"uv": [5.25, 10, 5.375, 10.75], "texture": "#0"},
				"up": {"uv": [9.375, 10.125, 8.75, 10], "texture": "#0"},
				"down": {"uv": [10.625, 9.5, 10, 9.625], "texture": "#0"}
			}
		},
		{
			"from": [3.5, 4.25, 5.25],
			"to": [4, 6.25, 14.5],
			"faces": {
				"north": {"uv": [1.5, 10.25, 1.625, 10.75], "texture": "#0"},
				"east": {"uv": [6.5, 3.5, 8.875, 4], "texture": "#0"},
				"south": {"uv": [3, 10.25, 3.125, 10.75], "texture": "#0"},
				"west": {"uv": [6.5, 4, 8.875, 4.5], "texture": "#0"},
				"up": {"uv": [5.625, 11.125, 5.5, 8.75], "texture": "#0"},
				"down": {"uv": [5.875, 8.75, 5.75, 11.125], "texture": "#0"}
			}
		},
		{
			"from": [3.5, 6.25, 5.25],
			"to": [4, 6.75, 8.5],
			"faces": {
				"north": {"uv": [4.5, 10.75, 4.625, 10.875], "texture": "#0"},
				"east": {"uv": [9.75, 4.75, 10.625, 4.875], "texture": "#0"},
				"south": {"uv": [10.75, 4.5, 10.875, 4.625], "texture": "#0"},
				"west": {"uv": [9.75, 5, 10.625, 5.125], "texture": "#0"},
				"up": {"uv": [7.625, 10.625, 7.5, 9.75], "texture": "#0"},
				"down": {"uv": [7.875, 9.75, 7.75, 10.625], "texture": "#0"}
			}
		},
		{
			"from": [3.5, 3.75, 5.25],
			"to": [4, 4.25, 8.5],
			"faces": {
				"north": {"uv": [10.75, 6.75, 10.875, 6.875], "texture": "#0"},
				"east": {"uv": [10, 0, 10.875, 0.125], "texture": "#0"},
				"south": {"uv": [7, 10.75, 7.125, 10.875], "texture": "#0"},
				"west": {"uv": [10, 0.25, 10.875, 0.375], "texture": "#0"},
				"up": {"uv": [1.125, 10.875, 1, 10], "texture": "#0"},
				"down": {"uv": [1.375, 10, 1.25, 10.875], "texture": "#0"}
			}
		},
		{
			"from": [3.5, 6.75, 5.25],
			"to": [4, 7.25, 7.25],
			"faces": {
				"north": {"uv": [4.75, 10.75, 4.875, 10.875], "texture": "#0"},
				"east": {"uv": [10.25, 8, 10.75, 8.125], "texture": "#0"},
				"south": {"uv": [10.75, 4.75, 10.875, 4.875], "texture": "#0"},
				"west": {"uv": [10.25, 9.75, 10.75, 9.875], "texture": "#0"},
				"up": {"uv": [9.375, 10.75, 9.25, 10.25], "texture": "#0"},
				"down": {"uv": [10.375, 10, 10.25, 10.5], "texture": "#0"}
			}
		},
		{
			"from": [3.5, 3.5, 5.25],
			"to": [4, 3.75, 6],
			"faces": {
				"north": {"uv": [10.75, 7.5, 10.875, 7.625], "texture": "#0"},
				"east": {"uv": [3.25, 10.75, 3.5, 10.875], "texture": "#0"},
				"south": {"uv": [7.75, 10.75, 7.875, 10.875], "texture": "#0"},
				"west": {"uv": [3.5, 10.75, 3.75, 10.875], "texture": "#0"},
				"up": {"uv": [10.875, 3.75, 10.75, 3.5], "texture": "#0"},
				"down": {"uv": [10.875, 3.75, 10.75, 4], "texture": "#0"}
			}
		},
		{
			"from": [3.5, 7.25, 5.25],
			"to": [4, 7.5, 5.75],
			"faces": {
				"north": {"uv": [5.25, 10.75, 5.375, 10.875], "texture": "#0"},
				"east": {"uv": [10.75, 5.25, 10.875, 5.375], "texture": "#0"},
				"south": {"uv": [10.75, 5.75, 10.875, 5.875], "texture": "#0"},
				"west": {"uv": [6, 10.75, 6.125, 10.875], "texture": "#0"},
				"up": {"uv": [10.875, 6.125, 10.75, 6], "texture": "#0"},
				"down": {"uv": [6.375, 10.75, 6.25, 10.875], "texture": "#0"}
			}
		},
		{
			"from": [4, 4.25, 13.75],
			"to": [12, 6.25, 14.5],
			"faces": {
				"north": {"uv": [6.5, 6.5, 8.5, 7], "texture": "#0"},
				"east": {"uv": [1.5, 9.75, 1.75, 10.25], "texture": "#0"},
				"south": {"uv": [2, 6.75, 4, 7.25], "texture": "#0"},
				"west": {"uv": [3, 9.75, 3.25, 10.25], "texture": "#0"},
				"up": {"uv": [10, 0.25, 8, 0], "texture": "#0"},
				"down": {"uv": [10, 0.25, 8, 0.5], "texture": "#0"}
			}
		},
		{
			"from": [4, 3.25, 5],
			"to": [12, 7.75, 5.75],
			"faces": {
				"north": {"uv": [0, 6, 2, 7.125], "texture": "#0"},
				"east": {"uv": [0.5, 9, 0.75, 10.125], "texture": "#0"},
				"south": {"uv": [6, 0, 8, 1.125], "texture": "#0"},
				"west": {"uv": [0.75, 9, 1, 10.125], "texture": "#0"},
				"up": {"uv": [2, 8, 0, 7.75], "texture": "#0"},
				"down": {"uv": [2, 8, 0, 8.25], "texture": "#0"}
			}
		},
		{
			"from": [4.75, 3, 5],
			"to": [11.25, 3.25, 5.75],
			"faces": {
				"north": {"uv": [7, 9.25, 8.625, 9.375], "texture": "#0"},
				"east": {"uv": [3.5, 9.25, 3.75, 9.375], "texture": "#0"},
				"south": {"uv": [9.25, 7, 10.875, 7.125], "texture": "#0"},
				"west": {"uv": [4, 10.5, 4.25, 10.625], "texture": "#0"},
				"up": {"uv": [9.625, 8.5, 8, 8.25], "texture": "#0"},
				"down": {"uv": [10.125, 1.25, 8.5, 1.5], "texture": "#0"}
			}
		},
		{
			"from": [4.75, 7.75, 5],
			"to": [11.25, 8, 5.75],
			"faces": {
				"north": {"uv": [9.25, 8.5, 10.875, 8.625], "texture": "#0"},
				"east": {"uv": [4.25, 10.5, 4.5, 10.625], "texture": "#0"},
				"south": {"uv": [8.75, 9.25, 10.375, 9.375], "texture": "#0"},
				"west": {"uv": [6, 10.5, 6.25, 10.625], "texture": "#0"},
				"up": {"uv": [10.125, 1.75, 8.5, 1.5], "texture": "#0"},
				"down": {"uv": [10.125, 1.75, 8.5, 2], "texture": "#0"}
			}
		},
		{
			"from": [9, 4.5, 4.5],
			"to": [11, 6.75, 5],
			"rotation": {"angle": 0, "axis": "y", "origin": [16, 0, 0]},
			"faces": {
				"north": {"uv": [4.5, 8.75, 5, 9.375], "texture": "#0"},
				"east": {"uv": [9.5, 10, 9.625, 10.625], "texture": "#0"},
				"south": {"uv": [5, 8.75, 5.5, 9.375], "texture": "#0"},
				"west": {"uv": [10, 9.75, 10.125, 10.375], "texture": "#0"},
				"up": {"uv": [10.75, 6.125, 10.25, 6], "texture": "#0"},
				"down": {"uv": [10.75, 6.25, 10.25, 6.375], "texture": "#0"}
			}
		},
		{
			"from": [8.75, 4.25, 4.75],
			"to": [11.25, 7, 5.25],
			"rotation": {"angle": 0, "axis": "y", "origin": [16, 0, 0]},
			"faces": {
				"north": {"uv": [5.25, 8, 5.875, 8.75], "texture": "#0"},
				"east": {"uv": [10, 5.75, 10.125, 6.5], "texture": "#0"},
				"south": {"uv": [8, 7.5, 8.625, 8.25], "texture": "#0"},
				"west": {"uv": [10, 7.5, 10.125, 8.25], "texture": "#0"},
				"up": {"uv": [10.875, 1.125, 10.25, 1], "texture": "#0"},
				"down": {"uv": [10.875, 1.25, 10.25, 1.375], "texture": "#0"}
			}
		},
		{
			"from": [9, 3, 1.5],
			"to": [9.25, 4, 5],
			"rotation": {"angle": 0, "axis": "y", "origin": [16, 0, 0]},
			"faces": {
				"north": {"uv": [10.5, 10, 10.625, 10.25], "texture": "#0"},
				"east": {"uv": [9.25, 6.5, 10.125, 6.75], "texture": "#0"},
				"south": {"uv": [10.25, 10.5, 10.375, 10.75], "texture": "#0"},
				"west": {"uv": [9.25, 6.75, 10.125, 7], "texture": "#0"},
				"up": {"uv": [7.125, 10.625, 7, 9.75], "texture": "#0"},
				"down": {"uv": [7.375, 9.75, 7.25, 10.625], "texture": "#0"}
			}
		},
		{
			"from": [9, 2, 1],
			"to": [9.25, 3, 5.75],
			"rotation": {"angle": 0, "axis": "y", "origin": [16, 0, 0]},
			"faces": {
				"north": {"uv": [0, 10.75, 0.125, 11], "texture": "#0"},
				"east": {"uv": [8.75, 6.25, 10, 6.5], "texture": "#0"},
				"south": {"uv": [0.25, 10.75, 0.375, 11], "texture": "#0"},
				"west": {"uv": [8.75, 7.5, 10, 7.75], "texture": "#0"},
				"up": {"uv": [0.125, 10.5, 0, 9.25], "texture": "#0"},
				"down": {"uv": [0.375, 9.25, 0.25, 10.5], "texture": "#0"}
			}
		},
		{
			"from": [9.25, 2, 1.5],
			"to": [9.5, 3, 5.75],
			"rotation": {"angle": 0, "axis": "y", "origin": [16, 0, 0]},
			"faces": {
				"north": {"uv": [0.5, 10.75, 0.625, 11], "texture": "#0"},
				"east": {"uv": [9, 3.5, 10.125, 3.75], "texture": "#0"},
				"south": {"uv": [0.75, 10.75, 0.875, 11], "texture": "#0"},
				"west": {"uv": [9, 3.75, 10.125, 4], "texture": "#0"},
				"up": {"uv": [4.625, 10.625, 4.5, 9.5], "texture": "#0"},
				"down": {"uv": [4.875, 9.5, 4.75, 10.625], "texture": "#0"}
			}
		},
		{
			"from": [12, 4.25, 5.25],
			"to": [12.5, 6.25, 14.5],
			"rotation": {"angle": 0, "axis": "y", "origin": [16, 0, 0]},
			"faces": {
				"north": {"uv": [8.75, 10.25, 8.875, 10.75], "texture": "#0"},
				"east": {"uv": [6.5, 4.5, 8.875, 5], "texture": "#0"},
				"south": {"uv": [9, 10.25, 9.125, 10.75], "texture": "#0"},
				"west": {"uv": [6.5, 5, 8.875, 5.5], "texture": "#0"},
				"up": {"uv": [6.625, 11.125, 6.5, 8.75], "texture": "#0"},
				"down": {"uv": [6.875, 8.75, 6.75, 11.125], "texture": "#0"}
			}
		},
		{
			"from": [12, 3.75, 5.25],
			"to": [12.5, 4.25, 8.5],
			"rotation": {"angle": 0, "axis": "y", "origin": [16, 0, 0]},
			"faces": {
				"north": {"uv": [5, 10.75, 5.125, 10.875], "texture": "#0"},
				"east": {"uv": [9.75, 8.25, 10.625, 8.375], "texture": "#0"},
				"south": {"uv": [10.75, 5, 10.875, 5.125], "texture": "#0"},
				"west": {"uv": [8.75, 9.75, 9.625, 9.875], "texture": "#0"},
				"up": {"uv": [8.125, 10.625, 8, 9.75], "texture": "#0"},
				"down": {"uv": [9.875, 9.5, 9.75, 10.375], "texture": "#0"}
			}
		},
		{
			"from": [12, 3.5, 5.25],
			"to": [12.5, 3.75, 6],
			"rotation": {"angle": 0, "axis": "y", "origin": [16, 0, 0]},
			"faces": {
				"north": {"uv": [10.75, 6.25, 10.875, 6.375], "texture": "#0"},
				"east": {"uv": [10.75, 1.75, 11, 1.875], "texture": "#0"},
				"south": {"uv": [10.75, 6.5, 10.875, 6.625], "texture": "#0"},
				"west": {"uv": [2, 10.75, 2.25, 10.875], "texture": "#0"},
				"up": {"uv": [2.375, 11, 2.25, 10.75], "texture": "#0"},
				"down": {"uv": [3.125, 10.75, 3, 11], "texture": "#0"}
			}
		},
		{
			"from": [12, 6.25, 5.25],
			"to": [12.5, 6.75, 8.5],
			"rotation": {"angle": 0, "axis": "y", "origin": [16, 0, 0]},
			"faces": {
				"north": {"uv": [7.25, 10.75, 7.375, 10.875], "texture": "#0"},
				"east": {"uv": [10, 0.5, 10.875, 0.625], "texture": "#0"},
				"south": {"uv": [7.5, 10.75, 7.625, 10.875], "texture": "#0"},
				"west": {"uv": [10, 0.75, 10.875, 0.875], "texture": "#0"},
				"up": {"uv": [2.625, 10.875, 2.5, 10], "texture": "#0"},
				"down": {"uv": [2.875, 10, 2.75, 10.875], "texture": "#0"}
			}
		},
		{
			"from": [12, 6.75, 5.25],
			"to": [12.5, 7.25, 7.25],
			"rotation": {"angle": 0, "axis": "y", "origin": [16, 0, 0]},
			"faces": {
				"north": {"uv": [10.75, 7.75, 10.875, 7.875], "texture": "#0"},
				"east": {"uv": [0, 10.5, 0.5, 10.625], "texture": "#0"},
				"south": {"uv": [8, 10.75, 8.125, 10.875], "texture": "#0"},
				"west": {"uv": [0.5, 10.5, 1, 10.625], "texture": "#0"},
				"up": {"uv": [1.875, 11, 1.75, 10.5], "texture": "#0"},
				"down": {"uv": [3.875, 10.5, 3.75, 11], "texture": "#0"}
			}
		},
		{
			"from": [12, 7.25, 5.25],
			"to": [12.5, 7.5, 5.75],
			"rotation": {"angle": 0, "axis": "y", "origin": [16, 0, 0]},
			"faces": {
				"north": {"uv": [10.75, 8, 10.875, 8.125], "texture": "#0"},
				"east": {"uv": [8.25, 10.75, 8.375, 10.875], "texture": "#0"},
				"south": {"uv": [10.75, 8.25, 10.875, 8.375], "texture": "#0"},
				"west": {"uv": [8.5, 10.75, 8.625, 10.875], "texture": "#0"},
				"up": {"uv": [8.875, 10.875, 8.75, 10.75], "texture": "#0"},
				"down": {"uv": [10.875, 8.75, 10.75, 8.875], "texture": "#0"}
			}
		},
		{
			"from": [2, 7.75, 3],
			"to": [14, 8.25, 17],
			"faces": {
				"north": {"uv": [8.5, 7.25, 11.5, 7.375], "texture": "#0"},
				"east": {"uv": [8.25, 2, 11.75, 2.125], "texture": "#0"},
				"south": {"uv": [8.75, 5.5, 11.75, 5.625], "texture": "#0"},
				"west": {"uv": [8.25, 2.25, 11.75, 2.375], "texture": "#0"},
				"up": {"uv": [3, 3.5, 0, 0], "texture": "#0"},
				"down": {"uv": [6, 0, 3, 3.5], "texture": "#0"}
			}
		},
		{
			"from": [1.75, 8.25, 3],
			"to": [2.5, 8.75, 17],
			"faces": {
				"north": {"uv": [4, 10.75, 4.25, 10.875], "texture": "#0"},
				"east": {"uv": [8.25, 2.5, 11.75, 2.625], "texture": "#0"},
				"south": {"uv": [10.75, 4, 11, 4.125], "texture": "#0"},
				"west": {"uv": [8.25, 2.75, 11.75, 2.875], "texture": "#0"},
				"up": {"uv": [4.25, 10.25, 4, 6.75], "texture": "#0"},
				"down": {"uv": [4.5, 6.75, 4.25, 10.25], "texture": "#0"}
			}
		},
		{
			"from": [1.25, 8.75, 3],
			"to": [2, 9.25, 17],
			"faces": {
				"north": {"uv": [4.25, 10.75, 4.5, 10.875], "texture": "#0"},
				"east": {"uv": [8.25, 3, 11.75, 3.125], "texture": "#0"},
				"south": {"uv": [10.75, 4.25, 11, 4.375], "texture": "#0"},
				"west": {"uv": [8.25, 3.25, 11.75, 3.375], "texture": "#0"},
				"up": {"uv": [2.25, 10.75, 2, 7.25], "texture": "#0"},
				"down": {"uv": [2.5, 7.25, 2.25, 10.75], "texture": "#0"}
			}
		},
		{
			"from": [3.5, 8, 5],
			"to": [12.5, 10.25, 15],
			"faces": {
				"north": {"uv": [6, 2, 8.25, 2.625], "texture": "#0"},
				"east": {"uv": [6, 1.25, 8.5, 1.875], "texture": "#0"},
				"south": {"uv": [6, 2.75, 8.25, 3.375], "texture": "#0"},
				"west": {"uv": [2, 6, 4.5, 6.625], "texture": "#0"},
				"up": {"uv": [2.25, 6, 0, 3.5], "texture": "#0"},
				"down": {"uv": [4.5, 3.5, 2.25, 6], "texture": "#0"}
			}
		},
		{
			"from": [10.5, 8.25, 7],
			"to": [13, 10.75, 9.5],
			"faces": {
				"north": {"uv": [0.5, 8.25, 1.125, 8.875], "texture": "#0"},
				"east": {"uv": [1.25, 8.25, 1.875, 8.875], "texture": "#0"},
				"south": {"uv": [8.5, 6.5, 9.125, 7.125], "texture": "#0"},
				"west": {"uv": [7, 8.5, 7.625, 9.125], "texture": "#0"},
				"up": {"uv": [8.375, 9.125, 7.75, 8.5], "texture": "#0"},
				"down": {"uv": [9.125, 8.5, 8.5, 9.125], "texture": "#0"}
			}
		},
		{
			"from": [10.75, 8.75, 7.5],
			"to": [13.25, 10.25, 9],
			"faces": {
				"north": {"uv": [9, 4.25, 9.625, 4.625], "texture": "#0"},
				"east": {"uv": [5, 9.5, 5.375, 9.875], "texture": "#0"},
				"south": {"uv": [9, 4.75, 9.625, 5.125], "texture": "#0"},
				"west": {"uv": [8.25, 9.5, 8.625, 9.875], "texture": "#0"},
				"up": {"uv": [9.875, 0.875, 9.25, 0.5], "texture": "#0"},
				"down": {"uv": [1.625, 9.25, 1, 9.625], "texture": "#0"}
			}
		},
		{
			"from": [4, 10.25, 5.5],
			"to": [12, 12, 14.5],
			"faces": {
				"north": {"uv": [6.5, 7, 8.5, 7.5], "texture": "#0"},
				"east": {"uv": [6.5, 5.5, 8.75, 6], "texture": "#0"},
				"south": {"uv": [0, 7.25, 2, 7.75], "texture": "#0"},
				"west": {"uv": [6.5, 6, 8.75, 6.5], "texture": "#0"},
				"up": {"uv": [6.5, 5.75, 4.5, 3.5], "texture": "#0"},
				"down": {"uv": [6.5, 5.75, 4.5, 8], "texture": "#0"}
			}
		}
	],
	"display": {
		"thirdperson_righthand": {
			"scale": [0.8, 0.8, 0.8]
		},
		"thirdperson_lefthand": {
			"scale": [0.8, 0.8, 0.8]
		},
		"firstperson_righthand": {
			"rotation": [163, 44, 180],
			"translation": [-0.75, 5, 0],
			"scale": [0.7, 0.7, 0.7]
		},
		"firstperson_lefthand": {
			"rotation": [163, 44, 180],
			"translation": [-0.75, 5, 0],
			"scale": [0.7, 0.7, 0.7]
		},
		"ground": {
			"translation": [0, 4, 0]
		},
		"gui": {
			"rotation": [13, -153, 0],
			"translation": [0.5, 0.25, 0],
			"scale": [0.9, 0.9, 0.9]
		},
		"head": {
			"translation": [0, 4, -3],
			"scale": [1.5, 1.5, 1.5]
		}
	}
}