{
	"credit": "Made with Blockbench",
	"parent": "carved_pumpkin",
	"texture_size": [128, 128],
	"textures": {
		"0": "block/stolas_tophat",
		"particle": "block/stolas_tophat"
	},
	"elements": [
		{
			"from": [2.5, 12.75, 6.25],
			"to": [13.5, 16.75, 9.75],
			"rotation": {"angle": -22.5, "axis": "x", "origin": [0, 0.75, 0]},
			"faces": {
				"north": {"uv": [8.75, 7.125, 10.125, 7.625], "texture": "#0"},
				"east": {"uv": [1.75, 7.75, 2.25, 8.25], "texture": "#0"},
				"south": {"uv": [0, 9.375, 1.375, 9.875], "texture": "#0"},
				"west": {"uv": [2.25, 7.75, 2.75, 8.25], "texture": "#0"},
				"up": {"uv": [10.75, 2.125, 9.375, 1.625], "texture": "#0"},
				"down": {"uv": [10.75, 2.125, 9.375, 2.625], "texture": "#0"}
			}
		},
		{
			"from": [6.5, 12.75, 2.5],
			"to": [9.75, 16.75, 13.5],
			"rotation": {"angle": 22.5, "axis": "z", "origin": [0, 0.75, 0]},
			"faces": {
				"north": {"uv": [3.25, 8.75, 3.625, 9.25], "texture": "#0"},
				"east": {"uv": [9.375, 2.625, 10.75, 3.125], "texture": "#0"},
				"south": {"uv": [3.625, 8.75, 4, 9.25], "texture": "#0"},
				"west": {"uv": [9.375, 7.625, 10.75, 8.125], "texture": "#0"},
				"up": {"uv": [5.5, 11.5, 5.125, 10.125], "texture": "#0"},
				"down": {"uv": [5.875, 10.125, 5.5, 11.5], "texture": "#0"}
			}
		},
		{
			"from": [2.25, 17.75, -0.5],
			"to": [13.75, 19.25, 16.5],
			"rotation": {"angle": 0, "axis": "y", "origin": [0, 0.75, 0]},
			"faces": {
				"north": {"uv": [0, 7.5, 1.5, 7.75], "texture": "#0"},
				"east": {"uv": [9.375, 3.125, 11.5, 3.375], "texture": "#0"},
				"south": {"uv": [10.25, 3.375, 11.75, 3.625], "texture": "#0"},
				"west": {"uv": [5.875, 10, 8, 10.25], "texture": "#0"},
				"up": {"uv": [4.75, 2.125, 3.25, 0], "texture": "#0"},
				"down": {"uv": [4.75, 2.125, 3.25, 4.25], "texture": "#0"}
			}
		},
		{
			"from": [-0.25, 17.75, 2.25],
			"to": [16.25, 19.25, 13.75],
			"rotation": {"angle": 0, "axis": "y", "origin": [0, 0.75, 0]},
			"faces": {
				"north": {"uv": [8, 10, 10.125, 10.25], "texture": "#0"},
				"east": {"uv": [10.25, 3.625, 11.75, 3.875], "texture": "#0"},
				"south": {"uv": [3, 10.125, 5.125, 10.375], "texture": "#0"},
				"west": {"uv": [10.25, 3.875, 11.75, 4.125], "texture": "#0"},
				"up": {"uv": [2.125, 5.5, 0, 4], "texture": "#0"},
				"down": {"uv": [4.25, 4.25, 2.125, 5.75], "texture": "#0"}
			}
		},
		{
			"from": [4.75, 18.75, 2.5],
			"to": [8.25, 22.75, 13.5],
			"rotation": {"angle": -22.5, "axis": "z", "origin": [0, 0.75, 0]},
			"faces": {
				"north": {"uv": [7.75, 3.375, 8.25, 3.875], "texture": "#0"},
				"east": {"uv": [9.375, 8.125, 10.75, 8.625], "texture": "#0"},
				"south": {"uv": [3.25, 8.25, 3.75, 8.75], "texture": "#0"},
				"west": {"uv": [9.375, 8.625, 10.75, 9.125], "texture": "#0"},
				"up": {"uv": [5, 7.625, 4.5, 6.25], "texture": "#0"},
				"down": {"uv": [5.5, 6.25, 5, 7.625], "texture": "#0"}
			}
		},
		{
			"from": [1.5, 6.5, 1.25],
			"to": [14.5, 19.5, 14.75],
			"rotation": {"angle": 0, "axis": "y", "origin": [0, 5, 0]},
			"faces": {
				"north": {"uv": [6.125, 8, 7.75, 9.625], "texture": "#0"},
				"east": {"uv": [0, 7.75, 1.75, 9.375], "texture": "#0"},
				"south": {"uv": [7.75, 8, 9.375, 9.625], "texture": "#0"},
				"west": {"uv": [7.75, 0, 9.5, 1.625], "texture": "#0"},
				"up": {"uv": [9.375, 3.375, 7.75, 1.625], "texture": "#0"},
				"down": {"uv": [6.125, 8, 4.5, 9.75], "texture": "#0"}
			}
		},
		{
			"from": [2.5, 19, 5],
			"to": [13.5, 23, 8.5],
			"rotation": {"angle": 22.5, "axis": "x", "origin": [0, 0.75, 0]},
			"faces": {
				"north": {"uv": [9.375, 9.125, 10.75, 9.625], "texture": "#0"},
				"east": {"uv": [8.25, 3.375, 8.75, 3.875], "texture": "#0"},
				"south": {"uv": [9.5, 0, 10.875, 0.5], "texture": "#0"},
				"west": {"uv": [3.75, 8.25, 4.25, 8.75], "texture": "#0"},
				"up": {"uv": [10.875, 1, 9.5, 0.5], "texture": "#0"},
				"down": {"uv": [10.875, 1, 9.5, 1.5], "texture": "#0"}
			}
		},
		{
			"from": [8.5, 0, 0],
			"to": [20.5, 2, 16],
			"rotation": {"angle": 22.5, "axis": "z", "origin": [0, 0, 0]},
			"faces": {
				"north": {"uv": [10.25, 4.125, 11.75, 4.375], "texture": "#0"},
				"east": {"uv": [10.125, 7.125, 12.125, 7.375], "texture": "#0"},
				"south": {"uv": [10.25, 4.375, 11.75, 4.625], "texture": "#0"},
				"west": {"uv": [10.125, 7.375, 12.125, 7.625], "texture": "#0"},
				"up": {"uv": [5.75, 6.25, 4.25, 4.25], "texture": "#0"},
				"down": {"uv": [6.25, 0, 4.75, 2], "texture": "#0"}
			}
		},
		{
			"from": [8, -0.75, 0],
			"to": [20.25, -0.5, 16],
			"rotation": {"angle": 22.5, "axis": "z", "origin": [0, 0, 0]},
			"faces": {
				"north": {"uv": [10.375, 10.5, 11.875, 10.625], "texture": "#0"},
				"east": {"uv": [10.25, 5.75, 12.25, 5.875], "texture": "#0"},
				"south": {"uv": [0, 10.625, 1.5, 10.75], "texture": "#0"},
				"west": {"uv": [5.875, 10.25, 7.875, 10.375], "texture": "#0"},
				"up": {"uv": [7.25, 8, 5.75, 6], "texture": "#0"},
				"down": {"uv": [7.75, 0, 6.25, 2], "texture": "#0"}
			}
		},
		{
			"from": [8, -1.25, 0],
			"to": [21, -0.75, 16],
			"rotation": {"angle": 22.5, "axis": "z", "origin": [0, 0, 0]},
			"faces": {
				"north": {"uv": [10.25, 6.625, 11.875, 6.75], "texture": "#0"},
				"east": {"uv": [10.25, 5.875, 12.25, 6], "texture": "#0"},
				"south": {"uv": [10.25, 6.75, 11.875, 6.875], "texture": "#0"},
				"west": {"uv": [10.25, 6, 12.25, 6.125], "texture": "#0"},
				"up": {"uv": [1.625, 4, 0, 2], "texture": "#0"},
				"down": {"uv": [3.25, 2, 1.625, 4], "texture": "#0"}
			}
		},
		{
			"from": [8.25, -0.5, 0],
			"to": [20, 0, 16],
			"rotation": {"angle": 22.5, "axis": "z", "origin": [0, 0, 0]},
			"faces": {
				"north": {"uv": [3, 10.5, 4.5, 10.625], "texture": "#0"},
				"east": {"uv": [10.25, 5.25, 12.25, 5.375], "texture": "#0"},
				"south": {"uv": [5.875, 10.5, 7.375, 10.625], "texture": "#0"},
				"west": {"uv": [10.25, 5.375, 12.25, 5.5], "texture": "#0"},
				"up": {"uv": [6.25, 4, 4.75, 2], "texture": "#0"},
				"down": {"uv": [1.5, 5.5, 0, 7.5], "texture": "#0"}
			}
		},
		{
			"from": [8.5, 2, 6],
			"to": [20.5, 3, 16],
			"rotation": {"angle": 22.5, "axis": "z", "origin": [0, 0, 0]},
			"faces": {
				"north": {"uv": [10.25, 6.875, 11.75, 7], "texture": "#0"},
				"east": {"uv": [3, 6.125, 4.25, 6.25], "texture": "#0"},
				"south": {"uv": [10.25, 7, 11.75, 7.125], "texture": "#0"},
				"west": {"uv": [3.25, 9.25, 4.5, 9.375], "texture": "#0"},
				"up": {"uv": [3.25, 9.5, 1.75, 8.25], "texture": "#0"},
				"down": {"uv": [10.25, 3.375, 8.75, 4.625], "texture": "#0"}
			}
		},
		{
			"from": [16.5, 2, 0.75],
			"to": [20.5, 2.5, 3],
			"rotation": {"angle": 22.5, "axis": "z", "origin": [0, 0, 0]},
			"faces": {
				"north": {"uv": [8.75, 7.875, 9.25, 8], "texture": "#0"},
				"east": {"uv": [2.75, 8, 3, 8.125], "texture": "#0"},
				"south": {"uv": [4, 9.125, 4.5, 9.25], "texture": "#0"},
				"west": {"uv": [2.75, 8.125, 3, 8.25], "texture": "#0"},
				"up": {"uv": [2, 5.75, 1.5, 5.5], "texture": "#0"},
				"down": {"uv": [9.25, 7.625, 8.75, 7.875], "texture": "#0"}
			}
		},
		{
			"from": [8.5, 2, 2.75],
			"to": [20.5, 2.75, 6],
			"rotation": {"angle": 22.5, "axis": "z", "origin": [0, 0, 0]},
			"faces": {
				"north": {"uv": [5.875, 10.375, 7.375, 10.5], "texture": "#0"},
				"east": {"uv": [10.625, 9.75, 11, 9.875], "texture": "#0"},
				"south": {"uv": [7.375, 10.375, 8.875, 10.5], "texture": "#0"},
				"west": {"uv": [9.875, 10.625, 10.25, 10.75], "texture": "#0"},
				"up": {"uv": [7.625, 10, 6.125, 9.625], "texture": "#0"},
				"down": {"uv": [9.125, 9.625, 7.625, 10], "texture": "#0"}
			}
		},
		{
			"from": [-4.5, 2, 0.75],
			"to": [-0.5, 2.5, 3],
			"rotation": {"angle": -22.5, "axis": "z", "origin": [16, 0, 0]},
			"faces": {
				"north": {"uv": [7.75, 3.875, 8.25, 4], "texture": "#0"},
				"east": {"uv": [2.75, 7.75, 3, 7.875], "texture": "#0"},
				"south": {"uv": [8.25, 3.875, 8.75, 4], "texture": "#0"},
				"west": {"uv": [2.75, 7.875, 3, 8], "texture": "#0"},
				"up": {"uv": [5.25, 4.25, 4.75, 4], "texture": "#0"},
				"down": {"uv": [5.75, 4, 5.25, 4.25], "texture": "#0"}
			}
		},
		{
			"from": [-5, -1.25, 0],
			"to": [8, -0.75, 16],
			"rotation": {"angle": -22.5, "axis": "z", "origin": [16, 0, 0]},
			"faces": {
				"north": {"uv": [10.25, 6.375, 11.875, 6.5], "texture": "#0"},
				"east": {"uv": [9.5, 1.5, 11.5, 1.625], "texture": "#0"},
				"south": {"uv": [10.25, 6.5, 11.875, 6.625], "texture": "#0"},
				"west": {"uv": [10.25, 5.125, 12.25, 5.25], "texture": "#0"},
				"up": {"uv": [1.625, 2, 0, 0], "texture": "#0"},
				"down": {"uv": [3.25, 0, 1.625, 2], "texture": "#0"}
			}
		},
		{
			"from": [-4.5, 2, 6],
			"to": [7.5, 3, 16],
			"rotation": {"angle": -22.5, "axis": "z", "origin": [16, 0, 0]},
			"faces": {
				"north": {"uv": [2, 10.375, 3.5, 10.5], "texture": "#0"},
				"east": {"uv": [3.25, 9.375, 4.5, 9.5], "texture": "#0"},
				"south": {"uv": [3.5, 10.375, 5, 10.5], "texture": "#0"},
				"west": {"uv": [3, 9.875, 4.25, 10], "texture": "#0"},
				"up": {"uv": [10.25, 5.875, 8.75, 4.625], "texture": "#0"},
				"down": {"uv": [10.25, 5.875, 8.75, 7.125], "texture": "#0"}
			}
		},
		{
			"from": [-4.5, 2, 2.75],
			"to": [7.5, 2.75, 6],
			"rotation": {"angle": -22.5, "axis": "z", "origin": [16, 0, 0]},
			"faces": {
				"north": {"uv": [0, 10.5, 1.5, 10.625], "texture": "#0"},
				"east": {"uv": [10.625, 10.625, 11, 10.75], "texture": "#0"},
				"south": {"uv": [1.5, 10.5, 3, 10.625], "texture": "#0"},
				"west": {"uv": [0, 10.75, 0.375, 10.875], "texture": "#0"},
				"up": {"uv": [1.5, 10.25, 0, 9.875], "texture": "#0"},
				"down": {"uv": [3, 9.875, 1.5, 10.25], "texture": "#0"}
			}
		},
		{
			"from": [3.25, 5.25, 1.25],
			"to": [12.5, 6.5, 3.75],
			"rotation": {"angle": 0, "axis": "y", "origin": [0, 5, 0]},
			"faces": {
				"north": {"uv": [2.125, 4, 3.25, 4.125], "texture": "#0"},
				"east": {"uv": [0.375, 10.75, 0.75, 10.875], "texture": "#0"},
				"south": {"uv": [2.125, 4.125, 3.25, 4.25], "texture": "#0"},
				"west": {"uv": [0.75, 10.75, 1.125, 10.875], "texture": "#0"},
				"up": {"uv": [4.125, 6.125, 3, 5.75], "texture": "#0"},
				"down": {"uv": [5.625, 7.625, 4.5, 8], "texture": "#0"}
			}
		},
		{
			"from": [10, 4.75, -0.25],
			"to": [14.25, 6, 0.75],
			"rotation": {"angle": 0, "axis": "y", "origin": [0, 5, 0]},
			"faces": {
				"north": {"uv": [3, 10, 3.5, 10.125], "texture": "#0"},
				"east": {"uv": [4.125, 6, 4.25, 6.125], "texture": "#0"},
				"south": {"uv": [3.5, 10, 4, 10.125], "texture": "#0"},
				"west": {"uv": [9.25, 7.875, 9.375, 8], "texture": "#0"},
				"up": {"uv": [2.5, 10.375, 2, 10.25], "texture": "#0"},
				"down": {"uv": [3, 10.25, 2.5, 10.375], "texture": "#0"}
			}
		},
		{
			"from": [-4, -0.5, 0],
			"to": [7.75, 0, 16],
			"rotation": {"angle": -22.5, "axis": "z", "origin": [16, 0, 0]},
			"faces": {
				"north": {"uv": [7.375, 10.5, 8.875, 10.625], "texture": "#0"},
				"east": {"uv": [10.25, 5.5, 12.25, 5.625], "texture": "#0"},
				"south": {"uv": [8.875, 10.5, 10.375, 10.625], "texture": "#0"},
				"west": {"uv": [10.25, 5.625, 12.25, 5.75], "texture": "#0"},
				"up": {"uv": [3, 7.75, 1.5, 5.75], "texture": "#0"},
				"down": {"uv": [7.25, 4, 5.75, 6], "texture": "#0"}
			}
		},
		{
			"from": [-4.5, 0, 0],
			"to": [7.5, 2, 16],
			"rotation": {"angle": -22.5, "axis": "z", "origin": [16, 0, 0]},
			"faces": {
				"north": {"uv": [10.25, 4.625, 11.75, 4.875], "texture": "#0"},
				"east": {"uv": [10.125, 10, 12.125, 10.25], "texture": "#0"},
				"south": {"uv": [10.25, 4.875, 11.75, 5.125], "texture": "#0"},
				"west": {"uv": [0, 10.25, 2, 10.5], "texture": "#0"},
				"up": {"uv": [7.75, 4, 6.25, 2], "texture": "#0"},
				"down": {"uv": [4.5, 6.25, 3, 8.25], "texture": "#0"}
			}
		},
		{
			"from": [-4.25, -0.75, 0],
			"to": [8, -0.5, 16],
			"rotation": {"angle": -22.5, "axis": "z", "origin": [16, 0, 0]},
			"faces": {
				"north": {"uv": [1.5, 10.625, 3, 10.75], "texture": "#0"},
				"east": {"uv": [10.25, 6.125, 12.25, 6.25], "texture": "#0"},
				"south": {"uv": [3, 10.625, 4.5, 10.75], "texture": "#0"},
				"west": {"uv": [10.25, 6.25, 12.25, 6.375], "texture": "#0"},
				"up": {"uv": [8.75, 6, 7.25, 4], "texture": "#0"},
				"down": {"uv": [8.75, 6, 7.25, 8], "texture": "#0"}
			}
		},
		{
			"from": [1.75, 4.75, -0.25],
			"to": [6, 6.25, 0.75],
			"rotation": {"angle": 0, "axis": "y", "origin": [16, 5, 0]},
			"faces": {
				"north": {"uv": [7.375, 10.625, 7.875, 10.875], "texture": "#0"},
				"east": {"uv": [2, 5.5, 2.125, 5.75], "texture": "#0"},
				"south": {"uv": [7.875, 10.625, 8.375, 10.875], "texture": "#0"},
				"west": {"uv": [4.125, 5.75, 4.25, 6], "texture": "#0"},
				"up": {"uv": [9.875, 10.75, 9.375, 10.625], "texture": "#0"},
				"down": {"uv": [11.125, 9.625, 10.625, 9.75], "texture": "#0"}
			}
		},
		{
			"from": [7.5, 5, 1],
			"to": [8.5, 12, 3],
			"faces": {
				"north": {"uv": [5.625, 7.125, 5.75, 8], "texture": "#0"},
				"east": {"uv": [5.5, 6.25, 5.75, 7.125], "texture": "#0"},
				"south": {"uv": [5, 10.375, 5.125, 11.25], "texture": "#0"},
				"west": {"uv": [4.25, 8.25, 4.5, 9.125], "texture": "#0"},
				"up": {"uv": [5.625, 7.375, 5.5, 7.125], "texture": "#0"},
				"down": {"uv": [5.625, 7.375, 5.5, 7.625], "texture": "#0"}
			}
		},
		{
			"from": [8.75, 5, 1],
			"to": [9.75, 9.5, 3],
			"faces": {
				"north": {"uv": [8.375, 10.625, 8.5, 11.25], "texture": "#0"},
				"east": {"uv": [4.5, 10.5, 4.75, 11.125], "texture": "#0"},
				"south": {"uv": [8.5, 10.625, 8.625, 11.25], "texture": "#0"},
				"west": {"uv": [4.75, 10.5, 5, 11.125], "texture": "#0"},
				"up": {"uv": [4.125, 9, 4, 8.75], "texture": "#0"},
				"down": {"uv": [4.25, 8.75, 4.125, 9], "texture": "#0"}
			}
		},
		{
			"from": [10, 3.5, 1],
			"to": [11, 8, 3],
			"faces": {
				"north": {"uv": [8.625, 10.625, 8.75, 11.25], "texture": "#0"},
				"east": {"uv": [5.875, 10.625, 6.125, 11.25], "texture": "#0"},
				"south": {"uv": [8.75, 10.625, 8.875, 11.25], "texture": "#0"},
				"west": {"uv": [6.125, 10.625, 6.375, 11.25], "texture": "#0"},
				"up": {"uv": [9.375, 7.875, 9.25, 7.625], "texture": "#0"},
				"down": {"uv": [4.5, 9.5, 4.375, 9.75], "texture": "#0"}
			}
		},
		{
			"from": [10.25, 8, 1],
			"to": [10.75, 9, 3],
			"faces": {
				"north": {"uv": [4.25, 9.875, 4.375, 10], "texture": "#0"},
				"east": {"uv": [4, 9, 4.25, 9.125], "texture": "#0"},
				"south": {"uv": [3.375, 10.75, 3.5, 10.875], "texture": "#0"},
				"west": {"uv": [1.125, 10.75, 1.375, 10.875], "texture": "#0"},
				"up": {"uv": [1.5, 11, 1.375, 10.75], "texture": "#0"},
				"down": {"uv": [1.625, 10.75, 1.5, 11], "texture": "#0"}
			}
		},
		{
			"from": [9, 9.5, 1],
			"to": [9.5, 10.5, 3],
			"faces": {
				"north": {"uv": [3.5, 10.75, 3.625, 10.875], "texture": "#0"},
				"east": {"uv": [1.75, 10.75, 2, 10.875], "texture": "#0"},
				"south": {"uv": [3.625, 10.75, 3.75, 10.875], "texture": "#0"},
				"west": {"uv": [10.75, 1.875, 11, 2], "texture": "#0"},
				"up": {"uv": [2.125, 11, 2, 10.75], "texture": "#0"},
				"down": {"uv": [10.875, 2, 10.75, 2.25], "texture": "#0"}
			}
		},
		{
			"from": [7.75, 12, 1],
			"to": [8.25, 13, 3],
			"faces": {
				"north": {"uv": [4.25, 10.75, 4.375, 10.875], "texture": "#0"},
				"east": {"uv": [2.875, 10.75, 3.125, 10.875], "texture": "#0"},
				"south": {"uv": [4.375, 10.75, 4.5, 10.875], "texture": "#0"},
				"west": {"uv": [10.75, 3, 11, 3.125], "texture": "#0"},
				"up": {"uv": [3.25, 11, 3.125, 10.75], "texture": "#0"},
				"down": {"uv": [3.375, 10.75, 3.25, 11], "texture": "#0"}
			}
		},
		{
			"from": [6.25, 5, 1],
			"to": [7.25, 9.5, 3],
			"rotation": {"angle": 0, "axis": "y", "origin": [16, 0, 0]},
			"faces": {
				"north": {"uv": [8.875, 10.625, 9, 11.25], "texture": "#0"},
				"east": {"uv": [6.375, 10.625, 6.625, 11.25], "texture": "#0"},
				"south": {"uv": [9, 10.625, 9.125, 11.25], "texture": "#0"},
				"west": {"uv": [6.625, 10.625, 6.875, 11.25], "texture": "#0"},
				"up": {"uv": [6, 10, 5.875, 9.75], "texture": "#0"},
				"down": {"uv": [6.125, 9.75, 6, 10], "texture": "#0"}
			}
		},
		{
			"from": [5, 3.5, 1],
			"to": [6, 8, 3],
			"rotation": {"angle": 0, "axis": "y", "origin": [16, 0, 0]},
			"faces": {
				"north": {"uv": [9.125, 10.625, 9.25, 11.25], "texture": "#0"},
				"east": {"uv": [6.875, 10.625, 7.125, 11.25], "texture": "#0"},
				"south": {"uv": [9.25, 10.625, 9.375, 11.25], "texture": "#0"},
				"west": {"uv": [7.125, 10.625, 7.375, 11.25], "texture": "#0"},
				"up": {"uv": [1.75, 11, 1.625, 10.75], "texture": "#0"},
				"down": {"uv": [10.875, 1.625, 10.75, 1.875], "texture": "#0"}
			}
		},
		{
			"from": [5.25, 8, 1],
			"to": [5.75, 9, 3],
			"rotation": {"angle": 0, "axis": "y", "origin": [16, 0, 0]},
			"faces": {
				"north": {"uv": [3.75, 10.75, 3.875, 10.875], "texture": "#0"},
				"east": {"uv": [2.125, 10.75, 2.375, 10.875], "texture": "#0"},
				"south": {"uv": [3.875, 10.75, 4, 10.875], "texture": "#0"},
				"west": {"uv": [10.75, 2.25, 11, 2.375], "texture": "#0"},
				"up": {"uv": [2.5, 11, 2.375, 10.75], "texture": "#0"},
				"down": {"uv": [10.875, 2.375, 10.75, 2.625], "texture": "#0"}
			}
		},
		{
			"from": [6.5, 9.5, 1],
			"to": [7, 10.5, 3],
			"rotation": {"angle": 0, "axis": "y", "origin": [16, 0, 0]},
			"faces": {
				"north": {"uv": [4, 10.75, 4.125, 10.875], "texture": "#0"},
				"east": {"uv": [2.5, 10.75, 2.75, 10.875], "texture": "#0"},
				"south": {"uv": [4.125, 10.75, 4.25, 10.875], "texture": "#0"},
				"west": {"uv": [10.75, 2.625, 11, 2.75], "texture": "#0"},
				"up": {"uv": [2.875, 11, 2.75, 10.75], "texture": "#0"},
				"down": {"uv": [10.875, 2.75, 10.75, 3], "texture": "#0"}
			}
		}
	],
	"gui_light": "front",
	"display": {
		"thirdperson_righthand": {
			"scale": [0.5, 0.5, 0.5]
		},
		"thirdperson_lefthand": {
			"scale": [0.5, 0.5, 0.5]
		},
		"firstperson_righthand": {
			"rotation": [0, 144, 0],
			"translation": [0, 3.5, 0],
			"scale": [0.4, 0.4, 0.4]
		},
		"firstperson_lefthand": {
			"rotation": [0, 144, 0],
			"translation": [0, 3.5, 0],
			"scale": [0.4, 0.4, 0.4]
		},
		"ground": {
			"scale": [0.5, 0.5, 0.5]
		},
		"gui": {
			"rotation": [18, 139, 0],
			"translation": [0, -1, 0],
			"scale": [0.5, 0.5, 0.5]
		},
		"head": {
			"translation": [0, 6, 0],
			"scale": [1.1, 1.1, 1.1]
		},
		"fixed": {
			"rotation": [-90, 0, 0],
			"translation": [0, 0, -3.75],
			"scale": [0.8, 0.8, 0.8]
		}
	}
}