{
   "parent": "minecraft:block/carved_pumpkin",
  "overrides": [
    {"predicate":{"custom_model_data":1}, "model": "custom/plague_doctor_mask"},
   {"predicate":{"custom_model_data":2}, "model": "custom/black_cowboy_hat"},
   {"predicate":{"custom_model_data":3}, "model": "custom/fire_wizard_hat"},
   {"predicate":{"custom_model_data":4}, "model": "custom/splat_fish"},
   {"predicate":{"custom_model_data":5}, "model": "custom/green_elf"},
   {"predicate":{"custom_model_data":6}, "model": "custom/blue_cap"},
   {"predicate":{"custom_model_data":7}, "model": "custom/red_elf"},
   {"predicate":{"custom_model_data":8}, "model": "custom/shades"},
   {"predicate":{"custom_model_data":9}, "model": "custom/3d_glasses"},
   {"predicate":{"custom_model_data":10}, "model": "custom/brown_cowboy_hat"},
   {"predicate":{"custom_model_data":11}, "model": "custom/cavalry_hat"},
   {"predicate":{"custom_model_data":12}, "model": "custom/cheese_toastie"},
   {"predicate":{"custom_model_data":13}, "model": "custom/doug"},
   {"predicate":{"custom_model_data":14}, "model": "custom/gentle_crab"},
   {"predicate":{"custom_model_data":15}, "model": "custom/gray_cowboy_hat"},
   {"predicate":{"custom_model_data":16}, "model": "custom/middle_finger"},
   {"predicate":{"custom_model_data":17}, "model": "custom/raven_hood"},
   {"predicate":{"custom_model_data":18}, "model": "custom/sovitet_crab"},
   {"predicate":{"custom_model_data":19}, "model": "custom/2024_glasses"},
   {"predicate":{"custom_model_data":20}, "model": "custom/santa_hat"},
   {"predicate":{"custom_model_data":21}, "model": "custom/santa_hat_gold"},
   {"predicate":{"custom_model_data":22}, "model": "custom/antegg"},
   {"predicate":{"custom_model_data":23}, "model": "custom/arroraegg"},
   {"predicate":{"custom_model_data":24}, "model": "custom/bhelleyegg"},
   {"predicate":{"custom_model_data":25}, "model": "custom/bonezegg"},
   {"predicate":{"custom_model_data":26}, "model": "custom/chaosegg"},
   {"predicate":{"custom_model_data":27}, "model": "custom/crummegg"},
   {"predicate":{"custom_model_data":28}, "model": "custom/felixegg"},
   {"predicate":{"custom_model_data":29}, "model": "custom/foxyegg"},
   {"predicate":{"custom_model_data":30}, "model": "custom/fzegg"},
   {"predicate":{"custom_model_data":31}, "model": "custom/hamegg"},
   {"predicate":{"custom_model_data":32}, "model": "custom/harmonyegg"},
   {"predicate":{"custom_model_data":33}, "model": "custom/hornyegg"},
   {"predicate":{"custom_model_data":34}, "model": "custom/hunteregg"},
   {"predicate":{"custom_model_data":35}, "model": "custom/justinegg"},
   {"predicate":{"custom_model_data":36}, "model": "custom/l4egg"},
   {"predicate":{"custom_model_data":37}, "model": "custom/laneyegg"},
   {"predicate":{"custom_model_data":38}, "model": "custom/linaegg"},
   {"predicate":{"custom_model_data":39}, "model": "custom/malinegg"},
   {"predicate":{"custom_model_data":40}, "model": "custom/mattegg"},
   {"predicate":{"custom_model_data":41}, "model": "custom/mcegg"},
   {"predicate":{"custom_model_data":42}, "model": "custom/melonegg"},
   {"predicate":{"custom_model_data":43}, "model": "custom/mickyegg"},
   {"predicate":{"custom_model_data":44}, "model": "custom/muskegg"},
   {"predicate":{"custom_model_data":45}, "model": "custom/shaunegg"},
   {"predicate":{"custom_model_data":46}, "model": "custom/superegg"},
   {"predicate":{"custom_model_data":47}, "model": "custom/sushiegg"},
   {"predicate":{"custom_model_data":48}, "model": "custom/turtleegg"},
   {"predicate":{"custom_model_data":49}, "model": "custom/twinkegg"},
   {"predicate":{"custom_model_data":50}, "model": "custom/wallyegg"},
   {"predicate":{"custom_model_data":51}, "model": "custom/wizardegg"},
   {"predicate":{"custom_model_data":52}, "model": "custom/curlleyegg"},
   {"predicate":{"custom_model_data":53}, "model": "custom/mushroom_hat"},
   {"predicate":{"custom_model_data":54}, "model": "custom/fish_hat"},
   {"predicate":{"custom_model_data":55}, "model": "custom/raven_hat"},
   {"predicate":{"custom_model_data":56}, "model": "custom/pink_cat_cap"},
  {"predicate":{"custom_model_data":57}, "model": "custom/steam_punk_hat"},
   {"predicate":{"custom_model_data":58}, "model": "custom/frog_hat"},
   {"predicate":{"custom_model_data":59}, "model": "custom/the_snail"},
   {"predicate":{"custom_model_data":60}, "model": "custom/blitz_horns"},
   {"predicate":{"custom_model_data":61}, "model": "custom/cheese_head"},
   {"predicate":{"custom_model_data":62}, "model": "custom/drinking_hat"},
   {"predicate":{"custom_model_data":63}, "model": "custom/hat_stack"},
   {"predicate":{"custom_model_data":64}, "model": "custom/hells_deadliest_dad"},
   {"predicate":{"custom_model_data":65}, "model": "custom/hells_greatest_dad"},
   {"predicate":{"custom_model_data":66}, "model": "custom/stolas_tophat"},
   {"predicate":{"custom_model_data":67}, "model": "custom/tv"},
   {"predicate":{"custom_model_data":68}, "model": "custom/gold_trophy"},
   {"predicate":{"custom_model_data":69}, "model": "custom/silver_trophy"},
   {"predicate":{"custom_model_data":70}, "model": "custom/bronze_trophy"},
   {"predicate":{"custom_model_data":71}, "model": "custom/rkpridehat1"},
   {"predicate":{"custom_model_data":72}, "model": "custom/monacle_moustache"},
   {"predicate":{"custom_model_data":73}, "model": "custom/detective_hat_w_pipe"},
   {"predicate":{"custom_model_data":74}, "model": "custom/detective_hat"},
   {"predicate":{"custom_model_data":75}, "model": "custom/byron_springhat"}




  ]
}