{
	"credit": "Made with Blockbench",
	"texture_size": [64, 64],
	"textures": {
		"0": "block/gentle_crab"
	},
	"elements": [
		{
			"from": [13.25, -5.75, 4],
			"to": [14.25, -1.75, 5],
			"rotation": {"angle": 22.5, "axis": "z", "origin": [0, 0, 0]},
			"faces": {
				"north": {"uv": [5.5, 7.75, 5.75, 8.75], "texture": "#0"},
				"east": {"uv": [8, 7.75, 8.25, 8.75], "texture": "#0"},
				"south": {"uv": [5.75, 8.25, 6, 9.25], "texture": "#0"},
				"west": {"uv": [6, 8.25, 6.25, 9.25], "texture": "#0"},
				"up": {"uv": [4.75, 6.75, 4.5, 6.5], "texture": "#0"},
				"down": {"uv": [5, 6.5, 4.75, 6.75], "texture": "#0"}
			}
		},
		{
			"from": [13.25, -5.75, 6],
			"to": [14.25, -1.75, 7],
			"rotation": {"angle": 22.5, "axis": "z", "origin": [0, 0, 0]},
			"faces": {
				"north": {"uv": [6.25, 8.25, 6.5, 9.25], "texture": "#0"},
				"east": {"uv": [8.25, 6.25, 8.5, 7.25], "texture": "#0"},
				"south": {"uv": [8.25, 7.25, 8.5, 8.25], "texture": "#0"},
				"west": {"uv": [8.25, 8.25, 8.5, 9.25], "texture": "#0"},
				"up": {"uv": [7, 3.75, 6.75, 3.5], "texture": "#0"},
				"down": {"uv": [9, 3.75, 8.75, 4], "texture": "#0"}
			}
		},
		{
			"from": [13.25, -5.75, 8],
			"to": [14.25, -1.75, 9],
			"rotation": {"angle": 22.5, "axis": "z", "origin": [0, 0, 0]},
			"faces": {
				"north": {"uv": [0, 8.5, 0.25, 9.5], "texture": "#0"},
				"east": {"uv": [0.25, 8.5, 0.5, 9.5], "texture": "#0"},
				"south": {"uv": [0.5, 8.5, 0.75, 9.5], "texture": "#0"},
				"west": {"uv": [0.75, 8.5, 1, 9.5], "texture": "#0"},
				"up": {"uv": [9, 4.25, 8.75, 4], "texture": "#0"},
				"down": {"uv": [9, 4.25, 8.75, 4.5], "texture": "#0"}
			}
		},
		{
			"from": [1.25, 0.75, 6],
			"to": [2.25, 4.75, 7],
			"rotation": {"angle": -22.5, "axis": "z", "origin": [0, 0, 0]},
			"faces": {
				"north": {"uv": [1, 8.5, 1.25, 9.5], "texture": "#0"},
				"east": {"uv": [1.25, 8.5, 1.5, 9.5], "texture": "#0"},
				"south": {"uv": [1.5, 8.5, 1.75, 9.5], "texture": "#0"},
				"west": {"uv": [8.5, 1.5, 8.75, 2.5], "texture": "#0"},
				"up": {"uv": [9, 4.75, 8.75, 4.5], "texture": "#0"},
				"down": {"uv": [9, 4.75, 8.75, 5], "texture": "#0"}
			}
		},
		{
			"from": [1.25, 0.75, 4],
			"to": [2.25, 4.75, 5],
			"rotation": {"angle": -22.5, "axis": "z", "origin": [0, 0, 0]},
			"faces": {
				"north": {"uv": [1.75, 8.5, 2, 9.5], "texture": "#0"},
				"east": {"uv": [2, 8.5, 2.25, 9.5], "texture": "#0"},
				"south": {"uv": [2.25, 8.5, 2.5, 9.5], "texture": "#0"},
				"west": {"uv": [2.5, 8.5, 2.75, 9.5], "texture": "#0"},
				"up": {"uv": [9, 5.25, 8.75, 5], "texture": "#0"},
				"down": {"uv": [5.75, 8.75, 5.5, 9], "texture": "#0"}
			}
		},
		{
			"from": [1.25, 0.75, 8],
			"to": [2.25, 4.75, 9],
			"rotation": {"angle": -22.5, "axis": "z", "origin": [0, 0, 0]},
			"faces": {
				"north": {"uv": [2.75, 8.5, 3, 9.5], "texture": "#0"},
				"east": {"uv": [3, 8.5, 3.25, 9.5], "texture": "#0"},
				"south": {"uv": [3.25, 8.5, 3.5, 9.5], "texture": "#0"},
				"west": {"uv": [3.5, 8.5, 3.75, 9.5], "texture": "#0"},
				"up": {"uv": [9, 5.75, 8.75, 5.5], "texture": "#0"},
				"down": {"uv": [9, 5.75, 8.75, 6], "texture": "#0"}
			}
		},
		{
			"from": [4, 2, 4],
			"to": [13, 6, 10],
			"faces": {
				"north": {"uv": [0, 5.75, 2.25, 6.75], "texture": "#0"},
				"east": {"uv": [0, 6.75, 1.5, 7.75], "texture": "#0"},
				"south": {"uv": [2.25, 5.75, 4.5, 6.75], "texture": "#0"},
				"west": {"uv": [1.5, 6.75, 3, 7.75], "texture": "#0"},
				"up": {"uv": [7.25, 5.5, 5, 4], "texture": "#0"},
				"down": {"uv": [7.5, 0, 5.25, 1.5], "texture": "#0"}
			}
		},
		{
			"from": [14, 2.75, -2.5],
			"to": [17, 5.75, 3.5],
			"rotation": {"angle": -22.5, "axis": "y", "origin": [9, 10.25, 0]},
			"faces": {
				"north": {"uv": [5.75, 7.5, 6.5, 8.25], "texture": "#0"},
				"east": {"uv": [6.75, 6.25, 8.25, 7], "texture": "#0"},
				"south": {"uv": [7.5, 7, 8.25, 7.75], "texture": "#0"},
				"west": {"uv": [7, 1.5, 8.5, 2.25], "texture": "#0"},
				"up": {"uv": [7.75, 3.75, 7, 2.25], "texture": "#0"},
				"down": {"uv": [7.5, 7, 6.75, 8.5], "texture": "#0"}
			}
		},
		{
			"from": [9, 5.25, 2.75],
			"to": [10, 8, 4],
			"faces": {
				"north": {"uv": [4.5, 8.5, 4.75, 9.25], "texture": "#0"},
				"east": {"uv": [4.5, 5.75, 4.875, 6.5], "texture": "#0"},
				"south": {"uv": [4.75, 8.5, 5, 9.25], "texture": "#0"},
				"west": {"uv": [4.5, 7.75, 4.875, 8.5], "texture": "#0"},
				"up": {"uv": [8, 8.875, 7.75, 8.5], "texture": "#0"},
				"down": {"uv": [8.75, 8.25, 8.5, 8.625], "texture": "#0"}
			}
		},
		{
			"from": [7, 5.25, 2.75],
			"to": [8, 8, 4],
			"faces": {
				"north": {"uv": [5, 8.5, 5.25, 9.25], "texture": "#0"},
				"east": {"uv": [5, 7.75, 5.375, 8.5], "texture": "#0"},
				"south": {"uv": [5.25, 8.5, 5.5, 9.25], "texture": "#0"},
				"west": {"uv": [7.5, 7.75, 7.875, 8.5], "texture": "#0"},
				"up": {"uv": [9, 1.875, 8.75, 1.5], "texture": "#0"},
				"down": {"uv": [9, 2, 8.75, 2.375], "texture": "#0"}
			}
		},
		{
			"from": [14, 3.5, -3],
			"to": [17, 4.5, -2],
			"rotation": {"angle": -22.5, "axis": "y", "origin": [9, 10.25, 0]},
			"faces": {
				"north": {"uv": [5.25, 3.5, 6, 3.75], "texture": "#0"},
				"east": {"uv": [8.75, 6, 9, 6.25], "texture": "#0"},
				"south": {"uv": [6, 3.5, 6.75, 3.75], "texture": "#0"},
				"west": {"uv": [8.75, 6.75, 9, 7], "texture": "#0"},
				"up": {"uv": [8.5, 3.5, 7.75, 3.25], "texture": "#0"},
				"down": {"uv": [8.5, 3.5, 7.75, 3.75], "texture": "#0"}
			}
		},
		{
			"from": [14, 5.5, -4],
			"to": [17, 6.5, -1],
			"rotation": {"angle": -22.5, "axis": "y", "origin": [9, 10.25, 0]},
			"faces": {
				"north": {"uv": [8.5, 2.5, 9.25, 2.75], "texture": "#0"},
				"east": {"uv": [8.5, 2.75, 9.25, 3], "texture": "#0"},
				"south": {"uv": [8.5, 3.25, 9.25, 3.5], "texture": "#0"},
				"west": {"uv": [8.5, 3.5, 9.25, 3.75], "texture": "#0"},
				"up": {"uv": [0.75, 8.5, 0, 7.75], "texture": "#0"},
				"down": {"uv": [1.5, 7.75, 0.75, 8.5], "texture": "#0"}
			}
		},
		{
			"from": [3.75, 7.5, 0.75],
			"to": [13.25, 15, 7.5],
			"rotation": {"angle": 22.5, "axis": "x", "origin": [0, 0, 0]},
			"faces": {
				"north": {"uv": [2.75, 0, 5.125, 1.875], "texture": "#0"},
				"east": {"uv": [5.25, 1.5, 7, 3.375], "texture": "#0"},
				"south": {"uv": [2.75, 2, 5.125, 3.875], "texture": "#0"},
				"west": {"uv": [5, 5.5, 6.75, 7.375], "texture": "#0"},
				"up": {"uv": [2.375, 5.75, 0, 4], "texture": "#0"},
				"down": {"uv": [4.875, 4, 2.5, 5.75], "texture": "#0"}
			}
		},
		{
			"from": [3.25, 7, 0.5],
			"to": [13.75, 8, 8.25],
			"rotation": {"angle": 22.5, "axis": "x", "origin": [0, 0, 0]},
			"faces": {
				"north": {"uv": [7.25, 5.25, 9.875, 5.5], "texture": "#0"},
				"east": {"uv": [5.25, 3.75, 7.25, 4], "texture": "#0"},
				"south": {"uv": [3, 7.5, 5.625, 7.75], "texture": "#0"},
				"west": {"uv": [7.75, 3, 9.75, 3.25], "texture": "#0"},
				"up": {"uv": [2.625, 2, 0, 0], "texture": "#0"},
				"down": {"uv": [2.625, 2, 0, 4], "texture": "#0"}
			}
		},
		{
			"from": [0.5, 1.75, 3],
			"to": [6.5, 4.75, 6],
			"rotation": {"angle": -22.5, "axis": "z", "origin": [8, 10, 0]},
			"faces": {
				"north": {"uv": [7.25, 3.75, 8.75, 4.5], "texture": "#0"},
				"east": {"uv": [1.5, 7.75, 2.25, 8.5], "texture": "#0"},
				"south": {"uv": [7.25, 4.5, 8.75, 5.25], "texture": "#0"},
				"west": {"uv": [2.25, 7.75, 3, 8.5], "texture": "#0"},
				"up": {"uv": [9, 0.75, 7.5, 0], "texture": "#0"},
				"down": {"uv": [9, 0.75, 7.5, 1.5], "texture": "#0"}
			}
		},
		{
			"from": [0, 2.5, 3],
			"to": [1, 3.5, 6],
			"rotation": {"angle": -22.5, "axis": "z", "origin": [8, 10, 0]},
			"faces": {
				"north": {"uv": [7, 8.75, 7.25, 9], "texture": "#0"},
				"east": {"uv": [8.5, 6.25, 9.25, 6.5], "texture": "#0"},
				"south": {"uv": [8.75, 7, 9, 7.25], "texture": "#0"},
				"west": {"uv": [8.5, 6.5, 9.25, 6.75], "texture": "#0"},
				"up": {"uv": [7, 9.25, 6.75, 8.5], "texture": "#0"},
				"down": {"uv": [8.75, 6.75, 8.5, 7.5], "texture": "#0"}
			}
		},
		{
			"from": [-3, 7.5, 3],
			"to": [0, 8.5, 6],
			"rotation": {"angle": 0, "axis": "z", "origin": [8, 10, 0]},
			"faces": {
				"north": {"uv": [7, 8.5, 7.75, 8.75], "texture": "#0"},
				"east": {"uv": [8.5, 7.5, 9.25, 7.75], "texture": "#0"},
				"south": {"uv": [8.5, 7.75, 9.25, 8], "texture": "#0"},
				"west": {"uv": [8.5, 8, 9.25, 8.25], "texture": "#0"},
				"up": {"uv": [8.5, 3, 7.75, 2.25], "texture": "#0"},
				"down": {"uv": [3.75, 7.75, 3, 8.5], "texture": "#0"}
			}
		},
		{
			"from": [4.5, 3.25, 3.75],
			"to": [12.5, 6.25, 3.75],
			"faces": {
				"north": {"uv": [3, 6.75, 5, 7.5], "texture": "#0"},
				"east": {"uv": [0, 0, 0, 0.75], "texture": "#0"},
				"south": {"uv": [6.75, 5.5, 8.75, 6.25], "texture": "#0"},
				"west": {"uv": [0, 0, 0, 0.75], "texture": "#0"},
				"up": {"uv": [2, 0, 0, 0], "texture": "#0"},
				"down": {"uv": [2, 0, 0, 0], "texture": "#0"}
			}
		},
		{
			"from": [0, 0, 4],
			"to": [1, 8.25, 5],
			"rotation": {"angle": 22.5, "axis": "z", "origin": [0, 0, 0]},
			"faces": {
				"north": {"uv": [6.5, 7.5, 6.75, 9.625], "texture": "#0"},
				"east": {"uv": [3.75, 7.75, 4, 9.875], "texture": "#0"},
				"south": {"uv": [4, 7.75, 4.25, 9.875], "texture": "#0"},
				"west": {"uv": [4.25, 7.75, 4.5, 9.875], "texture": "#0"},
				"up": {"uv": [7.5, 9, 7.25, 8.75], "texture": "#0"},
				"down": {"uv": [9, 7.25, 8.75, 7.5], "texture": "#0"}
			}
		}
	],
	"display": {
		"thirdperson_righthand": {
			"rotation": [7, 4, -5],
			"translation": [0.5, 2.5, 1.75],
			"scale": [0.5, 0.5, 0.5]
		},
		"thirdperson_lefthand": {
			"scale": [0.5, 0.5, 0.5]
		},
		"firstperson_righthand": {
			"scale": [0.5, 0.5, 0.5]
		},
		"firstperson_lefthand": {
			"scale": [0.5, 0.5, 0.5]
		},
		"ground": {
			"scale": [0.6, 0.6, 0.6]
		},
		"gui": {
			"rotation": [4, 153, 0],
			"translation": [1.25, -0.75, 0],
			"scale": [0.72, 0.77, 0.96]
		},
		"head": {
			"rotation": [4, 16, 8],
			"translation": [0.5, 13, 0.75],
			"scale": [0.98, 1, 1]
		},
		"fixed": {
			"rotation": [-87, 0, 0],
			"translation": [-0.5, 1.75, -10.75],
			"scale": [1.51, 1.49, 1.51]
		}
	}
}