{
	"credit": "Made with Blockbench",
	"parent": "carved_pumpkin",
	"texture_size": [128, 128],
	"textures": {
		"1": "block/santa_hat"
	},
	"elements": [
		{
			"from": [-2, 0, -2],
			"to": [18, 5, 18],
			"faces": {
				"north": {"uv": [6.75, 1.5, 9.25, 2.125], "texture": "#1"},
				"east": {"uv": [6.75, 2.125, 9.25, 2.75], "texture": "#1"},
				"south": {"uv": [6.75, 2.75, 9.25, 3.375], "texture": "#1"},
				"west": {"uv": [5.625, 6.75, 8.125, 7.375], "texture": "#1"},
				"up": {"uv": [2.5, 2.5, 0, 0], "texture": "#1"},
				"down": {"uv": [2.5, 2.5, 0, 5], "texture": "#1"}
			}
		},
		{
			"from": [-1, 5, -1],
			"to": [17, 10, 17],
			"faces": {
				"north": {"uv": [5.625, 7.375, 7.875, 8], "texture": "#1"},
				"east": {"uv": [7.75, 5.25, 10, 5.875], "texture": "#1"},
				"south": {"uv": [7.75, 5.875, 10, 6.5], "texture": "#1"},
				"west": {"uv": [7.875, 0, 10.125, 0.625], "texture": "#1"},
				"up": {"uv": [4.75, 2.25, 2.5, 0], "texture": "#1"},
				"down": {"uv": [4.75, 2.25, 2.5, 4.5], "texture": "#1"}
			}
		},
		{
			"from": [-8, 7, 5],
			"to": [-3, 12, 11],
			"faces": {
				"north": {"uv": [1.125, 6.75, 1.75, 7.375], "texture": "#1"},
				"east": {"uv": [4.75, 3.5, 5.5, 4.125], "texture": "#1"},
				"south": {"uv": [1.125, 7.375, 1.75, 8], "texture": "#1"},
				"west": {"uv": [5.5, 3.5, 6.25, 4.125], "texture": "#1"},
				"up": {"uv": [2.5, 5.75, 1.875, 5], "texture": "#1"},
				"down": {"uv": [2.5, 5.75, 1.875, 6.5], "texture": "#1"}
			}
		},
		{
			"from": [4.25, -5, 0],
			"to": [19, 9, 16],
			"rotation": {"angle": 45, "axis": "z", "origin": [0, 0, 0]},
			"faces": {
				"north": {"uv": [0, 5, 1.875, 6.75], "texture": "#1"},
				"east": {"uv": [4.75, 0, 6.75, 1.75], "texture": "#1"},
				"south": {"uv": [6.25, 3.5, 8.125, 5.25], "texture": "#1"},
				"west": {"uv": [4.75, 1.75, 6.75, 3.5], "texture": "#1"},
				"up": {"uv": [4.375, 6.5, 2.5, 4.5], "texture": "#1"},
				"down": {"uv": [6.25, 4.5, 4.375, 6.5], "texture": "#1"}
			}
		},
		{
			"from": [-10, 8.25, 2],
			"to": [-1, 20, 14],
			"rotation": {"angle": -22.5, "axis": "z", "origin": [0, 0, 0]},
			"faces": {
				"north": {"uv": [3.375, 6.5, 4.5, 8], "texture": "#1"},
				"east": {"uv": [6.25, 5.25, 7.75, 6.75], "texture": "#1"},
				"south": {"uv": [4.5, 6.5, 5.625, 8], "texture": "#1"},
				"west": {"uv": [1.875, 6.5, 3.375, 8], "texture": "#1"},
				"up": {"uv": [1.125, 8.25, 0, 6.75], "texture": "#1"},
				"down": {"uv": [7.875, 0, 6.75, 1.5], "texture": "#1"}
			}
		}
	],
	"display": {
		"thirdperson_righthand": {
			"scale": [0.4, 0.4, 0.4]
		},
		"thirdperson_lefthand": {
			"scale": [0.4, 0.4, 0.4]
		},
		"firstperson_righthand": {
			"rotation": [-7, 7, 0],
			"translation": [0, 3.5, 0],
			"scale": [0.4, 0.4, 0.4]
		},
		"firstperson_lefthand": {
			"translation": [0, 3.25, 0],
			"scale": [0.4, 0.4, 0.4]
		},
		"ground": {
			"translation": [0, 5.25, 0],
			"scale": [0.3, 0.3, 0.3]
		},
		"gui": {
			"rotation": [16, 14, 0],
			"translation": [0.75, -1, 0],
			"scale": [0.5, 0.5, 0.5]
		},
		"head": {
			"translation": [0, 7.25, 0],
			"scale": [0.78, 0.78, 0.78]
		},
		"fixed": {
			"scale": [0.4, 0.4, 0.4]
		}
	}
}