{
	"credit": "Made with Blockbench",
	"parent": "carved_pumpkin",
	"texture_size": [32, 32],
	"textures": {
		"0": "block/vr_headset",
		"particle": "block/vr_headset"
	},
	"elements": [
		{
			"from": [4, 0, 3.5],
			"to": [13, 5, 6.5],
			"rotation": {"angle": 0, "axis": "y", "origin": [7, 0, 3.5]},
			"faces": {
				"north": {"uv": [0, 0, 4.5, 2.5], "texture": "#0"},
				"east": {"uv": [2, 8, 3.5, 10.5], "texture": "#0"},
				"south": {"uv": [0, 2.5, 4.5, 5], "texture": "#0"},
				"west": {"uv": [3.5, 8, 5, 10.5], "texture": "#0"},
				"up": {"uv": [9, 1.5, 4.5, 0], "texture": "#0"},
				"down": {"uv": [9, 1.5, 4.5, 3], "texture": "#0"}
			}
		},
		{
			"from": [3.5, 2, 5],
			"to": [3.5, 4, 13],
			"rotation": {"angle": 0, "axis": "y", "origin": [1.5, 2, 5]},
			"faces": {
				"north": {"uv": [0, 0, 0, 1], "texture": "#0"},
				"east": {"uv": [0, 6, 4, 7], "texture": "#0"},
				"south": {"uv": [0, 0, 0, 1], "texture": "#0"},
				"west": {"uv": [4, 6, 8, 7], "texture": "#0"},
				"up": {"uv": [0, 4, 0, 0], "texture": "#0"},
				"down": {"uv": [0, 0, 0, 4], "texture": "#0"}
			}
		},
		{
			"from": [3.5, 2, 13],
			"to": [13.5, 4, 13],
			"rotation": {"angle": 0, "axis": "y", "origin": [4.5, 2, 15]},
			"faces": {
				"north": {"uv": [0, 5, 5, 6], "texture": "#0"},
				"east": {"uv": [0, 0, 0, 1], "texture": "#0"},
				"south": {"uv": [5, 5, 10, 6], "texture": "#0"},
				"west": {"uv": [0, 0, 0, 1], "texture": "#0"},
				"up": {"uv": [5, 0, 0, 0], "texture": "#0"},
				"down": {"uv": [5, 0, 0, 0], "texture": "#0"}
			}
		},
		{
			"from": [7.5, 6.5, 5],
			"to": [9.5, 6.5, 13],
			"rotation": {"angle": 0, "axis": "y", "origin": [9.5, 4.5, 5]},
			"faces": {
				"north": {"uv": [0, 0, 1, 0], "texture": "#0"},
				"east": {"uv": [0, 0, 4, 0], "texture": "#0"},
				"south": {"uv": [0, 0, 1, 0], "texture": "#0"},
				"west": {"uv": [0, 0, 4, 0], "texture": "#0"},
				"up": {"uv": [1, 12, 0, 8], "texture": "#0"},
				"down": {"uv": [2, 8, 1, 12], "texture": "#0"}
			}
		},
		{
			"from": [13.5, 2, 5],
			"to": [13.5, 4, 13],
			"rotation": {"angle": 0, "axis": "y", "origin": [11.5, 2, 5]},
			"faces": {
				"north": {"uv": [0, 0, 0, 1], "texture": "#0"},
				"east": {"uv": [0, 7, 4, 8], "texture": "#0"},
				"south": {"uv": [0, 0, 0, 1], "texture": "#0"},
				"west": {"uv": [4, 7, 8, 8], "texture": "#0"},
				"up": {"uv": [0, 4, 0, 0], "texture": "#0"},
				"down": {"uv": [0, 0, 0, 4], "texture": "#0"}
			}
		},
		{
			"from": [3.5, 2, 5],
			"to": [13.5, 4, 5],
			"rotation": {"angle": 0, "axis": "y", "origin": [13.5, 2, 3]},
			"faces": {
				"north": {"uv": [4.5, 3, 9.5, 4], "texture": "#0"},
				"east": {"uv": [0, 0, 0, 1], "texture": "#0"},
				"south": {"uv": [4.5, 4, 9.5, 5], "texture": "#0"},
				"west": {"uv": [0, 0, 0, 1], "texture": "#0"},
				"up": {"uv": [5, 0, 0, 0], "texture": "#0"},
				"down": {"uv": [5, 0, 0, 0], "texture": "#0"}
			}
		},
		{
			"from": [7.5, 4, 13],
			"to": [9.5, 6.5, 13],
			"rotation": {"angle": 0, "axis": "y", "origin": [9.5, 12.5, 11]},
			"faces": {
				"north": {"uv": [8, 6, 9, 6.75], "texture": "#0"},
				"east": {"uv": [0, 0, 0, 0.75], "texture": "#0"},
				"south": {"uv": [7, 8, 8, 8.75], "texture": "#0"},
				"west": {"uv": [0, 0, 0, 0.75], "texture": "#0"},
				"up": {"uv": [1, 0, 0, 0], "texture": "#0"},
				"down": {"uv": [1, 0, 0, 0], "texture": "#0"}
			}
		},
		{
			"from": [7.5, 5, 5],
			"to": [9.5, 6.5, 5],
			"rotation": {"angle": 0, "axis": "y", "origin": [8.5, 5.75, 5]},
			"faces": {
				"north": {"uv": [7, 8, 8, 8.75], "texture": "#0"},
				"east": {"uv": [0, 0, 0, 0.75], "texture": "#0"},
				"south": {"uv": [8, 6, 9, 6.75], "texture": "#0"},
				"west": {"uv": [0, 0, 0, 0.75], "texture": "#0"},
				"up": {"uv": [1, 0, 0, 0], "rotation": 180, "texture": "#0"},
				"down": {"uv": [1, 0, 0, 0], "rotation": 180, "texture": "#0"}
			}
		}
	],
	"display": {
		"firstperson_righthand": {
			"translation": [0.25, 4.75, 0]
		},
		"firstperson_lefthand": {
			"translation": [0, 5, 0]
		},
		"gui": {
			"rotation": [27, 134, 0],
			"translation": [0, 4.25, 0]
		},
		"head": {
			"translation": [-0.75, 10, -2.25],
			"scale": [1.5, 1.75, 2]
		}
	}
}