{
	"credit": "Made with Blockbench",
	"texture_size": [64, 64],
	"textures": {
		"0": "block/harvest_hat_red",
		"particle": "block/harvest_hat_red"
	},
	"elements": [
		{
			"from": [1, 7, 1],
			"to": [15, 7, 15],
			"rotation": {"angle": 0, "axis": "y", "origin": [4, 6, 4]},
			"faces": {
				"north": {"uv": [0, 0, 3.5, 0], "texture": "#0"},
				"east": {"uv": [0, 0, 3.5, 0], "texture": "#0"},
				"south": {"uv": [0, 0, 3.5, 0], "texture": "#0"},
				"west": {"uv": [0, 0, 3.5, 0], "texture": "#0"},
				"up": {"uv": [3.5, 3.5, 0, 0], "texture": "#0"},
				"down": {"uv": [3.5, 3.5, 0, 7], "texture": "#0"}
			}
		},
		{
			"from": [4, 7, 4],
			"to": [12, 11, 12],
			"rotation": {"angle": 0, "axis": "y", "origin": [4, 7, 4]},
			"faces": {
				"north": {"uv": [5.5, 2.5, 7.5, 3.5], "texture": "#0"},
				"east": {"uv": [3.5, 5.5, 5.5, 6.5], "texture": "#0"},
				"south": {"uv": [5.5, 5.5, 7.5, 6.5], "texture": "#0"},
				"west": {"uv": [3.5, 6.5, 5.5, 7.5], "texture": "#0"},
				"up": {"uv": [5.5, 2, 3.5, 0], "texture": "#0"},
				"down": {"uv": [5.5, 2, 3.5, 4], "texture": "#0"}
			}
		},
		{
			"from": [12.5, 7.25, 3.5],
			"to": [12.5, 9.25, 12.5],
			"rotation": {"angle": 0, "axis": "y", "origin": [4.5, 7.25, 4]},
			"faces": {
				"north": {"uv": [0, 0, 0, 0.5], "texture": "#0"},
				"east": {"uv": [5.5, 3.5, 7.75, 4], "texture": "#0"},
				"south": {"uv": [0, 0, 0, 0.5], "texture": "#0"},
				"west": {"uv": [6.5, 4, 8.75, 4.5], "texture": "#0"},
				"up": {"uv": [0, 2.25, 0, 0], "texture": "#0"},
				"down": {"uv": [0, 0, 0, 2.25], "texture": "#0"}
			}
		},
		{
			"from": [12.25, 8.25, 6.5],
			"to": [12.25, 10.25, 11.5],
			"rotation": {"angle": 0, "axis": "y", "origin": [4.23, 8.25, 4.25]},
			"faces": {
				"north": {"uv": [0, 0, 0, 0.5], "texture": "#0"},
				"east": {"uv": [2.25, 7, 3.5, 7.5], "texture": "#0"},
				"south": {"uv": [0, 0, 0, 0.5], "texture": "#0"},
				"west": {"uv": [3, 7.5, 4.25, 8], "texture": "#0"},
				"up": {"uv": [0, 1.25, 0, 0], "texture": "#0"},
				"down": {"uv": [0, 0, 0, 1.25], "texture": "#0"}
			}
		},
		{
			"from": [12.75, 7, 4.5],
			"to": [12.75, 10, 9.5],
			"rotation": {"angle": 0, "axis": "y", "origin": [4.73, 7, 2.25]},
			"faces": {
				"north": {"uv": [0, 0, 0, 0.75], "texture": "#0"},
				"east": {"uv": [7.5, 2, 8.75, 2.75], "texture": "#0"},
				"south": {"uv": [0, 0, 0, 0.75], "texture": "#0"},
				"west": {"uv": [7.5, 2.75, 8.75, 3.5], "texture": "#0"},
				"up": {"uv": [0, 1.25, 0, 0], "texture": "#0"},
				"down": {"uv": [0, 0, 0, 1.25], "texture": "#0"}
			}
		},
		{
			"from": [13, 7, 5.5],
			"to": [13, 9, 7.5],
			"rotation": {"angle": 0, "axis": "y", "origin": [4.98, 7, 1.25]},
			"faces": {
				"north": {"uv": [0, 0, 0, 0.5], "texture": "#0"},
				"east": {"uv": [7.5, 5.5, 8, 6], "texture": "#0"},
				"south": {"uv": [0, 0, 0, 0.5], "texture": "#0"},
				"west": {"uv": [7.5, 6, 8, 6.5], "texture": "#0"},
				"up": {"uv": [0, 0.5, 0, 0], "texture": "#0"},
				"down": {"uv": [0, 0, 0, 0.5], "texture": "#0"}
			}
		},
		{
			"from": [12.8241, 10.1362, 6.5],
			"to": [12.8241, 12.1362, 11.5],
			"rotation": {"angle": -22.5, "axis": "z", "origin": [12.8241, 11.6362, 9]},
			"faces": {
				"north": {"uv": [0, 0, 0, 0.5], "texture": "#0"},
				"east": {"uv": [4.25, 7.5, 5.5, 8], "texture": "#0"},
				"south": {"uv": [0, 0, 0, 0.5], "texture": "#0"},
				"west": {"uv": [5.5, 7.5, 6.75, 8], "texture": "#0"},
				"up": {"uv": [0, 1.25, 0, 0], "texture": "#0"},
				"down": {"uv": [0, 0, 0, 1.25], "texture": "#0"}
			}
		},
		{
			"from": [3.5, 7.25, 3.5],
			"to": [3.5, 9.25, 12.5],
			"rotation": {"angle": 0, "axis": "y", "origin": [-4.5, 7.25, 4]},
			"faces": {
				"north": {"uv": [0, 0, 0, 0.5], "texture": "#0"},
				"east": {"uv": [6.5, 4.5, 8.75, 5], "texture": "#0"},
				"south": {"uv": [0, 0, 0, 0.5], "texture": "#0"},
				"west": {"uv": [6.5, 5, 8.75, 5.5], "texture": "#0"},
				"up": {"uv": [0, 2.25, 0, 0], "texture": "#0"},
				"down": {"uv": [0, 0, 0, 2.25], "texture": "#0"}
			}
		},
		{
			"from": [3.75, 7, 7],
			"to": [3.75, 9, 8],
			"rotation": {"angle": 0, "axis": "y", "origin": [-4.25, 7, 3.5]},
			"faces": {
				"north": {"uv": [0, 0, 0, 0.5], "texture": "#0"},
				"east": {"uv": [7.25, 2, 7.5, 2.5], "texture": "#0"},
				"south": {"uv": [0, 0, 0, 0.5], "texture": "#0"},
				"west": {"uv": [6.75, 7.5, 7, 8], "texture": "#0"},
				"up": {"uv": [0, 0.25, 0, 0], "texture": "#0"},
				"down": {"uv": [0, 0, 0, 0.25], "texture": "#0"}
			}
		},
		{
			"from": [3.36732, 8.92388, 6],
			"to": [3.36732, 13.92388, 13],
			"rotation": {"angle": 22.5, "axis": "z", "origin": [3.36732, 9.92388, 10.5]},
			"faces": {
				"north": {"uv": [0, 0, 0, 1.25], "texture": "#0"},
				"east": {"uv": [5.5, 0, 7.25, 1.25], "texture": "#0"},
				"south": {"uv": [0, 0, 0, 1.25], "texture": "#0"},
				"west": {"uv": [5.5, 1.25, 7.25, 2.5], "texture": "#0"},
				"up": {"uv": [0, 1.75, 0, 0], "texture": "#0"},
				"down": {"uv": [0, 0, 0, 1.75], "texture": "#0"}
			}
		},
		{
			"from": [3.5, 7.25, 12.5],
			"to": [12.5, 9.25, 12.5],
			"rotation": {"angle": 0, "axis": "y", "origin": [-4.5, 7.25, 4]},
			"faces": {
				"north": {"uv": [5.5, 6.5, 7.75, 7], "texture": "#0"},
				"east": {"uv": [0, 0, 0, 0.5], "texture": "#0"},
				"south": {"uv": [0, 7, 2.25, 7.5], "texture": "#0"},
				"west": {"uv": [0, 0, 0, 0.5], "texture": "#0"},
				"up": {"uv": [2.25, 0, 0, 0], "texture": "#0"},
				"down": {"uv": [2.25, 0, 0, 0], "texture": "#0"}
			}
		},
		{
			"from": [3.5, 7.25, 3.5],
			"to": [12.5, 9.25, 3.5],
			"rotation": {"angle": 0, "axis": "y", "origin": [-4.5, 7.25, -5]},
			"faces": {
				"north": {"uv": [5.5, 7, 7.75, 7.5], "texture": "#0"},
				"east": {"uv": [0, 0, 0, 0.5], "texture": "#0"},
				"south": {"uv": [7.25, 0, 9.5, 0.5], "texture": "#0"},
				"west": {"uv": [0, 0, 0, 0.5], "texture": "#0"},
				"up": {"uv": [2.25, 0, 0, 0], "texture": "#0"},
				"down": {"uv": [2.25, 0, 0, 0], "texture": "#0"}
			}
		},
		{
			"from": [5, 11, 5],
			"to": [11, 14, 11],
			"rotation": {"angle": 0, "axis": "y", "origin": [4, 10, 4]},
			"faces": {
				"north": {"uv": [7.25, 0.5, 8.75, 1.25], "texture": "#0"},
				"east": {"uv": [7.25, 1.25, 8.75, 2], "texture": "#0"},
				"south": {"uv": [0, 7.5, 1.5, 8.25], "texture": "#0"},
				"west": {"uv": [1.5, 7.5, 3, 8.25], "texture": "#0"},
				"up": {"uv": [5, 5.5, 3.5, 4], "texture": "#0"},
				"down": {"uv": [6.5, 4, 5, 5.5], "texture": "#0"}
			}
		}
	],
	"display": {
		"thirdperson_righthand": {
			"rotation": [0, 5, -90],
			"translation": [-0.75, -2, -4.25],
			"scale": [0.85, 0.85, 0.85]
		},
		"thirdperson_lefthand": {
			"rotation": [0, 5, -90],
			"translation": [-0.75, -2, -4.25],
			"scale": [0.85, 0.85, 0.85]
		},
		"firstperson_righthand": {
			"rotation": [10, 15, -5],
			"translation": [0, 1.75, 0.25]
		},
		"firstperson_lefthand": {
			"rotation": [10, 15, -5],
			"translation": [0, 1.75, 0.25]
		},
		"ground": {
			"rotation": [15, 0, 0],
			"scale": [0.85, 0.85, 0.85]
		},
		"gui": {
			"rotation": [25, -135, 0],
			"translation": [0, -1.5, 0],
			"scale": [0.8, 0.8, 0.8]
		},
		"head": {
			"translation": [0, 6.75, 0],
			"scale": [1.802, 1.802, 1.802]
		},
		"fixed": {
			"rotation": [-90, 0, 0],
			"translation": [0, 0, -1.75],
			"scale": [1.7, 1.7, 1.7]
		}
	}
}