{
	"credit": "Made with Blockbench",
	"parent": "carved_pumpkin",
	"texture_size": [32, 32],
	"textures": {
		"0": "block/hornyegg",
		"particle": "block/hornyegg"
	},
	"elements": [
		{
			"from": [5, 0, 6],
			"to": [11, 2, 12],
			"faces": {
				"north": {"uv": [10, 10, 13, 11], "texture": "#0"},
				"east": {"uv": [4, 11, 7, 12], "texture": "#0"},
				"south": {"uv": [11, 4, 14, 5], "texture": "#0"},
				"west": {"uv": [11, 5, 14, 6], "texture": "#0"},
				"up": {"uv": [7, 11, 4, 8], "texture": "#0"},
				"down": {"uv": [11, 4, 8, 7], "texture": "#0"}
			}
		},
		{
			"from": [5, 10, 6],
			"to": [11, 12, 12],
			"faces": {
				"north": {"uv": [11, 6, 14, 7], "texture": "#0"},
				"east": {"uv": [7, 11, 10, 12], "texture": "#0"},
				"south": {"uv": [10, 11, 13, 12], "texture": "#0"},
				"west": {"uv": [0, 12, 3, 13], "texture": "#0"},
				"up": {"uv": [10, 11, 7, 8], "texture": "#0"},
				"down": {"uv": [13, 7, 10, 10], "texture": "#0"}
			}
		},
		{
			"from": [4, 2, 5],
			"to": [12, 10, 13],
			"faces": {
				"north": {"uv": [0, 0, 4, 4], "texture": "#0"},
				"east": {"uv": [0, 4, 4, 8], "texture": "#0"},
				"south": {"uv": [4, 0, 8, 4], "texture": "#0"},
				"west": {"uv": [4, 4, 8, 8], "texture": "#0"},
				"up": {"uv": [4, 12, 0, 8], "texture": "#0"},
				"down": {"uv": [12, 0, 8, 4], "texture": "#0"}
			}
		}
	],
	"display": {
		"thirdperson_righthand": {
			"translation": [0, 0.5, -1.25],
			"scale": [0.4, 0.4, 0.4]
		},
		"thirdperson_lefthand": {
			"translation": [0, 0.5, -1.25],
			"scale": [0.4, 0.4, 0.4]
		},
		"firstperson_righthand": {
			"rotation": [-24, 128, 0],
			"translation": [0.75, 3.75, 0],
			"scale": [0.5, 0.5, 0.5]
		},
		"firstperson_lefthand": {
			"rotation": [-24, 128, 0],
			"translation": [0.75, 3.75, 0],
			"scale": [0.5, 0.5, 0.5]
		},
		"ground": {
			"translation": [0, 2.25, 0],
			"scale": [0.5, 0.5, 0.5]
		},
		"gui": {
			"rotation": [13, 150, 0],
			"translation": [-0.25, 1.5, 0]
		},
		"head": {
			"translation": [0, 11.25, -4.25],
			"scale": [0.6, 0.6, 0.6]
		},
		"fixed": {
			"rotation": [-90, 0, 0],
			"translation": [0, -0.75, -11],
			"scale": [1.5, 1.5, 1.5]
		}
	}
}