{
	"credit": "Made with Blockbench",
	"parent": "carved_pumpkin",
	"texture_size": [64, 64],
	"textures": {
		"0": "block/pink_cat_hat",
		"particle": "block/pink_cat_hat"
	},
	"elements": [
		{
			"from": [0.75, 8, 8],
			"to": [1.25, 12, 10],
			"faces": {
				"north": {"uv": [8.25, 9.5, 8.5, 10.5], "texture": "#0"},
				"east": {"uv": [9, 3, 9.5, 4], "texture": "#0"},
				"south": {"uv": [8.5, 9.5, 8.75, 10.5], "texture": "#0"},
				"west": {"uv": [9, 4, 9.5, 5], "texture": "#0"},
				"up": {"uv": [1.75, 10.5, 1.5, 10], "texture": "#0"},
				"down": {"uv": [2, 10, 1.75, 10.5], "texture": "#0"}
			}
		},
		{
			"from": [5, 8, 8],
			"to": [5.5, 12, 10],
			"faces": {
				"north": {"uv": [9.5, 9.75, 9.75, 10.75], "texture": "#0"},
				"east": {"uv": [9, 8, 9.5, 9], "texture": "#0"},
				"south": {"uv": [9.75, 9.75, 10, 10.75], "texture": "#0"},
				"west": {"uv": [9, 9, 9.5, 10], "texture": "#0"},
				"up": {"uv": [10.25, 3.5, 10, 3], "texture": "#0"},
				"down": {"uv": [3.5, 10, 3.25, 10.5], "texture": "#0"}
			}
		},
		{
			"from": [2, 13, 8],
			"to": [4.25, 13.75, 10],
			"faces": {
				"north": {"uv": [2, 10, 2.5, 10.25], "texture": "#0"},
				"east": {"uv": [10, 2, 10.5, 2.25], "texture": "#0"},
				"south": {"uv": [10, 2.25, 10.5, 2.5], "texture": "#0"},
				"west": {"uv": [2.5, 10, 3, 10.25], "texture": "#0"},
				"up": {"uv": [7.5, 10.25, 7, 9.75], "texture": "#0"},
				"down": {"uv": [8, 9.75, 7.5, 10.25], "texture": "#0"}
			}
		},
		{
			"from": [11, 8, 8],
			"to": [14.75, 13, 10],
			"rotation": {"angle": 0, "axis": "x", "origin": [16, 0, 0]},
			"faces": {
				"north": {"uv": [8, 4.5, 9, 5.75], "texture": "#0"},
				"east": {"uv": [8.5, 7, 9, 8.25], "texture": "#0"},
				"south": {"uv": [8, 5.75, 9, 7], "texture": "#0"},
				"west": {"uv": [8.5, 8.25, 9, 9.5], "texture": "#0"},
				"up": {"uv": [10, 5.5, 9, 5], "texture": "#0"},
				"down": {"uv": [10, 5.5, 9, 6], "texture": "#0"}
			}
		},
		{
			"from": [11.75, 13, 8],
			"to": [14, 13.75, 10],
			"rotation": {"angle": 0, "axis": "x", "origin": [16, 0, 0]},
			"faces": {
				"north": {"uv": [4.5, 10, 5, 10.25], "texture": "#0"},
				"east": {"uv": [5, 10, 5.5, 10.25], "texture": "#0"},
				"south": {"uv": [10, 5, 10.5, 5.25], "texture": "#0"},
				"west": {"uv": [10, 5.25, 10.5, 5.5], "texture": "#0"},
				"up": {"uv": [1, 10.5, 0.5, 10], "texture": "#0"},
				"down": {"uv": [1.5, 10, 1, 10.5], "texture": "#0"}
			}
		},
		{
			"from": [10.5, 8, 8],
			"to": [11, 12, 10],
			"rotation": {"angle": 0, "axis": "x", "origin": [16, 0, 0]},
			"faces": {
				"north": {"uv": [8.75, 9.5, 9, 10.5], "texture": "#0"},
				"east": {"uv": [9, 6, 9.5, 7], "texture": "#0"},
				"south": {"uv": [8, 9.75, 8.25, 10.75], "texture": "#0"},
				"west": {"uv": [9, 7, 9.5, 8], "texture": "#0"},
				"up": {"uv": [10.25, 3, 10, 2.5], "texture": "#0"},
				"down": {"uv": [3.25, 10, 3, 10.5], "texture": "#0"}
			}
		},
		{
			"from": [14.75, 8, 8],
			"to": [15.25, 12, 10],
			"rotation": {"angle": 0, "axis": "x", "origin": [16, 0, 0]},
			"faces": {
				"north": {"uv": [0, 10, 0.25, 11], "texture": "#0"},
				"east": {"uv": [9.5, 3, 10, 4], "texture": "#0"},
				"south": {"uv": [0.25, 10, 0.5, 11], "texture": "#0"},
				"west": {"uv": [4, 9.5, 4.5, 10.5], "texture": "#0"},
				"up": {"uv": [3.75, 10.5, 3.5, 10], "texture": "#0"},
				"down": {"uv": [10.25, 3.5, 10, 4], "texture": "#0"}
			}
		},
		{
			"from": [1.25, 8, 8],
			"to": [5, 13, 10],
			"faces": {
				"north": {"uv": [8, 2, 9, 3.25], "texture": "#0"},
				"east": {"uv": [8, 7, 8.5, 8.25], "texture": "#0"},
				"south": {"uv": [8, 3.25, 9, 4.5], "texture": "#0"},
				"west": {"uv": [8, 8.25, 8.5, 9.5], "texture": "#0"},
				"up": {"uv": [10, 2.5, 9, 2], "texture": "#0"},
				"down": {"uv": [10, 2.5, 9, 3], "texture": "#0"}
			}
		},
		{
			"from": [-2.75, 2.75, -0.25],
			"to": [2.25, 3.25, 0.25],
			"faces": {
				"north": {"uv": [9.5, 8.25, 10.75, 8.5], "texture": "#0"},
				"east": {"uv": [6.75, 10, 7, 10.25], "texture": "#0"},
				"south": {"uv": [9.5, 8.5, 10.75, 8.75], "texture": "#0"},
				"west": {"uv": [9, 10, 9.25, 10.25], "texture": "#0"},
				"up": {"uv": [10.75, 9, 9.5, 8.75], "texture": "#0"},
				"down": {"uv": [10.75, 9, 9.5, 9.25], "texture": "#0"}
			}
		},
		{
			"from": [-2, 0.5, -0.25],
			"to": [3, 1, 0.25],
			"rotation": {"angle": 22.5, "axis": "z", "origin": [0, 0, 0]},
			"faces": {
				"north": {"uv": [9.5, 7.25, 10.75, 7.5], "texture": "#0"},
				"east": {"uv": [6.25, 10, 6.5, 10.25], "texture": "#0"},
				"south": {"uv": [9.5, 7.5, 10.75, 7.75], "texture": "#0"},
				"west": {"uv": [6.5, 10, 6.75, 10.25], "texture": "#0"},
				"up": {"uv": [10.75, 8, 9.5, 7.75], "texture": "#0"},
				"down": {"uv": [10.75, 8, 9.5, 8.25], "texture": "#0"}
			}
		},
		{
			"from": [-4.5, 4.75, -0.25],
			"to": [0.5, 5.25, 0.25],
			"rotation": {"angle": -22.5, "axis": "z", "origin": [0, 0, 0]},
			"faces": {
				"north": {"uv": [9.5, 9.25, 10.75, 9.5], "texture": "#0"},
				"east": {"uv": [9.25, 10, 9.5, 10.25], "texture": "#0"},
				"south": {"uv": [9.5, 9.5, 10.75, 9.75], "texture": "#0"},
				"west": {"uv": [10, 9.75, 10.25, 10], "texture": "#0"},
				"up": {"uv": [5.75, 10, 4.5, 9.75], "texture": "#0"},
				"down": {"uv": [7, 9.75, 5.75, 10], "texture": "#0"}
			}
		},
		{
			"from": [15.5, 4.75, -0.25],
			"to": [20.5, 5.25, 0.25],
			"rotation": {"angle": 22.5, "axis": "z", "origin": [16, 0, 0]},
			"faces": {
				"north": {"uv": [9.5, 4, 10.75, 4.25], "texture": "#0"},
				"east": {"uv": [3.75, 10, 4, 10.25], "texture": "#0"},
				"south": {"uv": [9.5, 4.25, 10.75, 4.5], "texture": "#0"},
				"west": {"uv": [5.5, 10, 5.75, 10.25], "texture": "#0"},
				"up": {"uv": [5.75, 9.75, 4.5, 9.5], "texture": "#0"},
				"down": {"uv": [10.75, 4.5, 9.5, 4.75], "texture": "#0"}
			}
		},
		{
			"from": [13.75, 2.75, -0.25],
			"to": [18.75, 3.25, 0.25],
			"rotation": {"angle": 0, "axis": "y", "origin": [16, 0, 0]},
			"faces": {
				"north": {"uv": [9.5, 4.75, 10.75, 5], "texture": "#0"},
				"east": {"uv": [10, 5.5, 10.25, 5.75], "texture": "#0"},
				"south": {"uv": [5.75, 9.5, 7, 9.75], "texture": "#0"},
				"west": {"uv": [5.75, 10, 6, 10.25], "texture": "#0"},
				"up": {"uv": [10.75, 6.25, 9.5, 6], "texture": "#0"},
				"down": {"uv": [10.75, 6.25, 9.5, 6.5], "texture": "#0"}
			}
		},
		{
			"from": [13, 0.5, -0.25],
			"to": [18, 1, 0.25],
			"rotation": {"angle": -22.5, "axis": "z", "origin": [16, 0, 0]},
			"faces": {
				"north": {"uv": [9.5, 6.5, 10.75, 6.75], "texture": "#0"},
				"east": {"uv": [10, 5.75, 10.25, 6], "texture": "#0"},
				"south": {"uv": [9.5, 6.75, 10.75, 7], "texture": "#0"},
				"west": {"uv": [6, 10, 6.25, 10.25], "texture": "#0"},
				"up": {"uv": [8.25, 9.75, 7, 9.5], "texture": "#0"},
				"down": {"uv": [10.75, 7, 9.5, 7.25], "texture": "#0"}
			}
		},
		{
			"from": [0, 0, 0],
			"to": [16, 8, 16],
			"rotation": {"angle": 0, "axis": "y", "origin": [16, 0, 0]},
			"faces": {
				"north": {"uv": [4, 5.5, 8, 7.5], "texture": "#0"},
				"east": {"uv": [4, 7.5, 8, 9.5], "texture": "#0"},
				"south": {"uv": [0, 8, 4, 10], "texture": "#0"},
				"west": {"uv": [8, 0, 12, 2], "texture": "#0"},
				"up": {"uv": [4, 4, 0, 0], "texture": "#0"},
				"down": {"uv": [4, 4, 0, 8], "texture": "#0"}
			}
		},
		{
			"from": [0, 0, -11],
			"to": [16, 0, 0],
			"rotation": {"angle": 0, "axis": "y", "origin": [16, 0, 0]},
			"faces": {
				"north": {"uv": [0, 0, 4, 0], "texture": "#0"},
				"east": {"uv": [0, 0, 2.75, 0], "texture": "#0"},
				"south": {"uv": [0, 0, 4, 0], "texture": "#0"},
				"west": {"uv": [0, 0, 2.75, 0], "texture": "#0"},
				"up": {"uv": [8, 2.75, 4, 0], "texture": "#0"},
				"down": {"uv": [8, 2.75, 4, 5.5], "texture": "#0"}
			}
		}
	],
	"display": {
		"thirdperson_righthand": {
			"translation": [0, 1, 0],
			"scale": [0.5, 0.5, 0.5]
		},
		"thirdperson_lefthand": {
			"rotation": [0, 180, 0],
			"translation": [0, 1.25, 0],
			"scale": [0.5, 0.5, 0.5]
		},
		"firstperson_righthand": {
			"rotation": [1, 180, 0],
			"translation": [0, 4.5, 0],
			"scale": [0.5, 0.5, 0.5]
		},
		"firstperson_lefthand": {
			"rotation": [0, 180, 0],
			"translation": [0, 4.5, 0],
			"scale": [0.5, 0.5, 0.5]
		},
		"ground": {
			"rotation": [-17, 0, 0],
			"translation": [0, 4.25, 0],
			"scale": [0.5, 0.5, 0.5]
		},
		"gui": {
			"rotation": [19, 156, 0],
			"translation": [0.5, 1.5, 0],
			"scale": [0.65, 0.65, 0.65]
		},
		"head": {
			"rotation": [7, 0, 0],
			"translation": [0, 8, 0.75],
			"scale": [0.98, 0.98, 0.98]
		},
		"fixed": {
			"translation": [0, 5.75, 0]
		}
	}
}