{
	"credit": "Made with Blockbench",
	"texture_size": [64, 64],
	"textures": {
		"1": "block/snatahat"
	},
	"elements": [
		{
			"from": [4, 6, 12],
			"to": [12, 8, 13],
			"faces": {
				"north": {"uv": [5.25, 4.5, 7.25, 5], "texture": "#1"},
				"east": {"uv": [1.5, 7.75, 1.75, 8.25], "texture": "#1"},
				"south": {"uv": [5.25, 5, 7.25, 5.5], "texture": "#1"},
				"west": {"uv": [1.75, 7.75, 2, 8.25], "texture": "#1"},
				"up": {"uv": [9, 4.5, 7, 4.25], "texture": "#1"},
				"down": {"uv": [9, 5.5, 7, 5.75], "texture": "#1"}
			}
		},
		{
			"from": [4, 6, 3],
			"to": [12, 8, 4],
			"faces": {
				"north": {"uv": [0, 5.5, 2, 6], "texture": "#1"},
				"east": {"uv": [2, 7.75, 2.25, 8.25], "texture": "#1"},
				"south": {"uv": [2, 5.5, 4, 6], "texture": "#1"},
				"west": {"uv": [2.25, 7.75, 2.5, 8.25], "texture": "#1"},
				"up": {"uv": [9, 6, 7, 5.75], "texture": "#1"},
				"down": {"uv": [9, 6, 7, 6.25], "texture": "#1"}
			}
		},
		{
			"from": [4.75, 5.675, 2.75],
			"to": [11.25, 8.425, 2.75],
			"rotation": {"angle": 0, "axis": "y", "origin": [0, 0, 0.25]},
			"faces": {
				"north": {"uv": [0, 4, 1.75, 4.75], "texture": "#1"},
				"east": {"uv": [0, 0, 0, 0.75], "texture": "#1"},
				"south": {"uv": [1.75, 4, 3.5, 4.75], "texture": "#1"},
				"west": {"uv": [0, 0, 0, 0.75], "texture": "#1"},
				"up": {"uv": [1.75, 0, 0, 0], "texture": "#1"},
				"down": {"uv": [1.75, 0, 0, 0], "texture": "#1"}
			}
		},
		{
			"from": [4.75, 5.675, 13.25],
			"to": [11.25, 8.425, 13.25],
			"rotation": {"angle": 0, "axis": "y", "origin": [0, 0.25, -0.25]},
			"faces": {
				"north": {"uv": [4, 3, 5.75, 3.75], "texture": "#1"},
				"east": {"uv": [0, 0, 0, 0.75], "texture": "#1"},
				"south": {"uv": [3.5, 4, 5.25, 4.75], "texture": "#1"},
				"west": {"uv": [0, 0, 0, 0.75], "texture": "#1"},
				"up": {"uv": [1.75, 0, 0, 0], "texture": "#1"},
				"down": {"uv": [1.75, 0, 0, 0], "texture": "#1"}
			}
		},
		{
			"from": [4.75, 5.675, 2.75],
			"to": [11.25, 5.675, 4.25],
			"rotation": {"angle": 0, "axis": "y", "origin": [0, 0.25, 0]},
			"faces": {
				"north": {"uv": [0, 0, 1.75, 0], "texture": "#1"},
				"east": {"uv": [0, 0, 0.5, 0], "texture": "#1"},
				"south": {"uv": [0, 0, 1.75, 0], "texture": "#1"},
				"west": {"uv": [0, 0, 0.5, 0], "texture": "#1"},
				"up": {"uv": [7.5, 2, 5.75, 1.5], "texture": "#1"},
				"down": {"uv": [7.5, 2, 5.75, 2.5], "texture": "#1"}
			}
		},
		{
			"from": [4.75, 5.675, 11.5],
			"to": [11.25, 5.675, 13.25],
			"rotation": {"angle": 0, "axis": "y", "origin": [0, 0.25, 0]},
			"faces": {
				"north": {"uv": [0, 0, 1.75, 0], "texture": "#1"},
				"east": {"uv": [0, 0, 0.5, 0], "texture": "#1"},
				"south": {"uv": [0, 0, 1.75, 0], "texture": "#1"},
				"west": {"uv": [0, 0, 0.5, 0], "texture": "#1"},
				"up": {"uv": [7.5, 3, 5.75, 2.5], "texture": "#1"},
				"down": {"uv": [7.5, 3, 5.75, 3.5], "texture": "#1"}
			}
		},
		{
			"from": [2.75, 5.675, 4.75],
			"to": [4.25, 5.675, 11.25],
			"rotation": {"angle": 0, "axis": "y", "origin": [0, 0.25, 0]},
			"faces": {
				"north": {"uv": [0, 0, 0.5, 0], "texture": "#1"},
				"east": {"uv": [0, 0, 1.75, 0], "texture": "#1"},
				"south": {"uv": [0, 0, 0.5, 0], "texture": "#1"},
				"west": {"uv": [0, 0, 1.75, 0], "texture": "#1"},
				"up": {"uv": [0.5, 7.75, 0, 6], "texture": "#1"},
				"down": {"uv": [1, 6, 0.5, 7.75], "texture": "#1"}
			}
		},
		{
			"from": [11.75, 5.675, 4.75],
			"to": [13.25, 5.675, 11.25],
			"rotation": {"angle": 0, "axis": "y", "origin": [0, 0.25, 0]},
			"faces": {
				"north": {"uv": [0, 0, 0.5, 0], "texture": "#1"},
				"east": {"uv": [0, 0, 1.75, 0], "texture": "#1"},
				"south": {"uv": [0, 0, 0.5, 0], "texture": "#1"},
				"west": {"uv": [0, 0, 1.75, 0], "texture": "#1"},
				"up": {"uv": [1.5, 7.75, 1, 6], "texture": "#1"},
				"down": {"uv": [2, 6, 1.5, 7.75], "texture": "#1"}
			}
		},
		{
			"from": [13.25, 5.675, 4.75],
			"to": [13.25, 8.425, 11.25],
			"rotation": {"angle": 0, "axis": "y", "origin": [-0.25, 0, 0]},
			"faces": {
				"north": {"uv": [0, 0, 0, 0.75], "texture": "#1"},
				"east": {"uv": [0, 4.75, 1.75, 5.5], "texture": "#1"},
				"south": {"uv": [0, 0, 0, 0.75], "texture": "#1"},
				"west": {"uv": [1.75, 4.75, 3.5, 5.5], "texture": "#1"},
				"up": {"uv": [0, 1.75, 0, 0], "texture": "#1"},
				"down": {"uv": [0, 0, 0, 1.75], "texture": "#1"}
			}
		},
		{
			"from": [2.75, 5.675, 4.75],
			"to": [2.75, 8.425, 11.25],
			"rotation": {"angle": 0, "axis": "y", "origin": [0.25, 0, 0]},
			"faces": {
				"north": {"uv": [0, 0, 0, 0.75], "texture": "#1"},
				"east": {"uv": [3.5, 4.75, 5.25, 5.5], "texture": "#1"},
				"south": {"uv": [0, 0, 0, 0.75], "texture": "#1"},
				"west": {"uv": [5.25, 3.75, 7, 4.5], "texture": "#1"},
				"up": {"uv": [0, 1.75, 0, 0], "texture": "#1"},
				"down": {"uv": [0, 0, 0, 1.75], "texture": "#1"}
			}
		},
		{
			"from": [12, 6, 4],
			"to": [13, 8, 12],
			"faces": {
				"north": {"uv": [2.5, 7.75, 2.75, 8.25], "texture": "#1"},
				"east": {"uv": [4, 5.5, 6, 6], "texture": "#1"},
				"south": {"uv": [2.75, 7.75, 3, 8.25], "texture": "#1"},
				"west": {"uv": [5.75, 0, 7.75, 0.5], "texture": "#1"},
				"up": {"uv": [3.75, 9.25, 3.5, 7.25], "texture": "#1"},
				"down": {"uv": [4, 7.25, 3.75, 9.25], "texture": "#1"}
			}
		},
		{
			"from": [3, 6, 4],
			"to": [4, 8, 12],
			"faces": {
				"north": {"uv": [3, 7.75, 3.25, 8.25], "texture": "#1"},
				"east": {"uv": [5.75, 0.5, 7.75, 1], "texture": "#1"},
				"south": {"uv": [3.25, 7.75, 3.5, 8.25], "texture": "#1"},
				"west": {"uv": [5.75, 1, 7.75, 1.5], "texture": "#1"},
				"up": {"uv": [4.25, 9.25, 4, 7.25], "texture": "#1"},
				"down": {"uv": [4.5, 7.25, 4.25, 9.25], "texture": "#1"}
			}
		},
		{
			"from": [4, 6, 4],
			"to": [12, 10, 12],
			"faces": {
				"north": {"uv": [2, 3, 4, 4], "texture": "#1"},
				"east": {"uv": [3.75, 0, 5.75, 1], "texture": "#1"},
				"south": {"uv": [3.75, 1, 5.75, 2], "texture": "#1"},
				"west": {"uv": [3.75, 2, 5.75, 3], "texture": "#1"},
				"up": {"uv": [2, 2, 0, 0], "texture": "#1"},
				"down": {"uv": [2, 2, 0, 4], "texture": "#1"}
			}
		},
		{
			"from": [4, 10, 5],
			"to": [11, 11, 11],
			"faces": {
				"north": {"uv": [7.25, 4.5, 9, 4.75], "texture": "#1"},
				"east": {"uv": [7.25, 5, 8.75, 5.25], "texture": "#1"},
				"south": {"uv": [7.25, 4.75, 9, 5], "texture": "#1"},
				"west": {"uv": [7.25, 5.25, 8.75, 5.5], "texture": "#1"},
				"up": {"uv": [3.75, 1.5, 2, 0], "texture": "#1"},
				"down": {"uv": [3.75, 1.5, 2, 3], "texture": "#1"}
			}
		},
		{
			"from": [2, 9, 6],
			"to": [3, 10, 10],
			"faces": {
				"north": {"uv": [5, 3.75, 5.25, 4], "texture": "#1"},
				"east": {"uv": [4, 3.75, 5, 4], "texture": "#1"},
				"south": {"uv": [6.75, 3.5, 7, 3.75], "texture": "#1"},
				"west": {"uv": [5.75, 3.5, 6.75, 3.75], "texture": "#1"},
				"up": {"uv": [5.75, 8.5, 5.5, 7.5], "texture": "#1"},
				"down": {"uv": [6, 7.5, 5.75, 8.5], "texture": "#1"}
			}
		},
		{
			"from": [2, 6, 6],
			"to": [2, 9, 10],
			"faces": {
				"north": {"uv": [0, 0, 0, 0.75], "texture": "#1"},
				"east": {"uv": [5, 6, 6, 6.75], "texture": "#1"},
				"south": {"uv": [0, 0, 0, 0.75], "texture": "#1"},
				"west": {"uv": [6, 5.5, 7, 6.25], "texture": "#1"},
				"up": {"uv": [0, 1, 0, 0], "texture": "#1"},
				"down": {"uv": [0, 0, 0, 1], "texture": "#1"}
			}
		},
		{
			"from": [2, 5, 7.5],
			"to": [2, 6, 8.5],
			"faces": {
				"north": {"uv": [0, 0, 0, 0.25], "texture": "#1"},
				"east": {"uv": [7.75, 4, 8, 4.25], "texture": "#1"},
				"south": {"uv": [0, 0, 0, 0.25], "texture": "#1"},
				"west": {"uv": [7.75, 7.25, 8, 7.5], "texture": "#1"},
				"up": {"uv": [0, 0.25, 0, 0], "texture": "#1"},
				"down": {"uv": [0, 0, 0, 0.25], "texture": "#1"}
			}
		},
		{
			"from": [1, 3, 7],
			"to": [3, 5, 9],
			"faces": {
				"north": {"uv": [6, 7.5, 6.5, 8], "texture": "#1"},
				"east": {"uv": [7.5, 6.25, 8, 6.75], "texture": "#1"},
				"south": {"uv": [6.5, 7.5, 7, 8], "texture": "#1"},
				"west": {"uv": [7, 7.5, 7.5, 8], "texture": "#1"},
				"up": {"uv": [8, 8, 7.5, 7.5], "texture": "#1"},
				"down": {"uv": [0.5, 7.75, 0, 8.25], "texture": "#1"}
			}
		},
		{
			"from": [0.75, 5.25, 6.75],
			"to": [2.25, 5.25, 9.25],
			"rotation": {"angle": 0, "axis": "y", "origin": [0, -0.25, 0]},
			"faces": {
				"north": {"uv": [0, 0, 0.5, 0], "texture": "#1"},
				"east": {"uv": [0, 0, 0.75, 0], "texture": "#1"},
				"south": {"uv": [0, 0, 0.5, 0], "texture": "#1"},
				"west": {"uv": [0, 0, 0.75, 0], "texture": "#1"},
				"up": {"uv": [7.75, 7.5, 7.25, 6.75], "texture": "#1"},
				"down": {"uv": [8, 1.5, 7.5, 2.25], "texture": "#1"}
			}
		},
		{
			"from": [0.75, 2.75, 6.75],
			"to": [3.25, 2.75, 9.25],
			"rotation": {"angle": 0, "axis": "y", "origin": [0, 0.25, 0]},
			"faces": {
				"north": {"uv": [0, 0, 0.75, 0], "texture": "#1"},
				"east": {"uv": [0, 0, 0.75, 0], "texture": "#1"},
				"south": {"uv": [0, 0, 0.75, 0], "texture": "#1"},
				"west": {"uv": [0, 0, 0.75, 0], "texture": "#1"},
				"up": {"uv": [4.25, 7.25, 3.5, 6.5], "texture": "#1"},
				"down": {"uv": [5, 6.5, 4.25, 7.25], "texture": "#1"}
			}
		},
		{
			"from": [0.75, 2.75, 6.75],
			"to": [0.75, 5.25, 9.25],
			"rotation": {"angle": 0, "axis": "y", "origin": [0.25, 0, 0]},
			"faces": {
				"north": {"uv": [0, 0, 0, 0.75], "texture": "#1"},
				"east": {"uv": [5, 6.75, 5.75, 7.5], "texture": "#1"},
				"south": {"uv": [0, 0, 0, 0.75], "texture": "#1"},
				"west": {"uv": [5.75, 6.75, 6.5, 7.5], "texture": "#1"},
				"up": {"uv": [0, 0.75, 0, 0], "texture": "#1"},
				"down": {"uv": [0, 0, 0, 0.75], "texture": "#1"}
			}
		},
		{
			"from": [3.25, 2.75, 6.75],
			"to": [3.25, 4.5, 9.25],
			"rotation": {"angle": 0, "axis": "y", "origin": [-0.25, 0, 0]},
			"faces": {
				"north": {"uv": [0, 0, 0, 0.5], "texture": "#1"},
				"east": {"uv": [7.5, 2.25, 8.25, 2.75], "texture": "#1"},
				"south": {"uv": [0, 0, 0, 0.5], "texture": "#1"},
				"west": {"uv": [7.5, 2.75, 8.25, 3.25], "texture": "#1"},
				"up": {"uv": [0, 0.75, 0, 0], "texture": "#1"},
				"down": {"uv": [0, 0, 0, 0.75], "texture": "#1"}
			}
		},
		{
			"from": [0.75, 2.75, 6.75],
			"to": [3.25, 5.25, 6.75],
			"rotation": {"angle": 0, "axis": "y", "origin": [0, 0, 0.25]},
			"faces": {
				"north": {"uv": [6.5, 6.75, 7.25, 7.5], "texture": "#1"},
				"east": {"uv": [0, 0, 0, 0.75], "texture": "#1"},
				"south": {"uv": [2, 7, 2.75, 7.75], "texture": "#1"},
				"west": {"uv": [0, 0, 0, 0.75], "texture": "#1"},
				"up": {"uv": [0.75, 0, 0, 0], "texture": "#1"},
				"down": {"uv": [0.75, 0, 0, 0], "texture": "#1"}
			}
		},
		{
			"from": [0.75, 2.75, 9.25],
			"to": [3.25, 5.25, 9.25],
			"rotation": {"angle": 0, "axis": "y", "origin": [0, 0, -0.25]},
			"faces": {
				"north": {"uv": [2.75, 7, 3.5, 7.75], "texture": "#1"},
				"east": {"uv": [0, 0, 0, 0.75], "texture": "#1"},
				"south": {"uv": [7, 3.5, 7.75, 4.25], "texture": "#1"},
				"west": {"uv": [0, 0, 0, 0.75], "texture": "#1"},
				"up": {"uv": [0.75, 0, 0, 0], "texture": "#1"},
				"down": {"uv": [0.75, 0, 0, 0], "texture": "#1"}
			}
		},
		{
			"from": [3, 9, 5],
			"to": [4, 11, 11],
			"faces": {
				"north": {"uv": [0.5, 8, 0.75, 8.5], "texture": "#1"},
				"east": {"uv": [6, 6.25, 7.5, 6.75], "texture": "#1"},
				"south": {"uv": [0.75, 8, 1, 8.5], "texture": "#1"},
				"west": {"uv": [2, 6.5, 3.5, 7], "texture": "#1"},
				"up": {"uv": [5.25, 9, 5, 7.5], "texture": "#1"},
				"down": {"uv": [5.5, 7.5, 5.25, 9], "texture": "#1"}
			}
		},
		{
			"from": [5, 10, 4],
			"to": [9, 11, 5],
			"faces": {
				"north": {"uv": [7.5, 3.25, 8.5, 3.5], "texture": "#1"},
				"east": {"uv": [1, 8, 1.25, 8.25], "texture": "#1"},
				"south": {"uv": [7.75, 0, 8.75, 0.25], "texture": "#1"},
				"west": {"uv": [1.25, 8, 1.5, 8.25], "texture": "#1"},
				"up": {"uv": [8.75, 0.5, 7.75, 0.25], "texture": "#1"},
				"down": {"uv": [1.5, 7.75, 0.5, 8], "texture": "#1"}
			}
		},
		{
			"from": [5, 10, 11],
			"to": [9, 11, 12],
			"faces": {
				"north": {"uv": [7.75, 0.5, 8.75, 0.75], "texture": "#1"},
				"east": {"uv": [8, 1.5, 8.25, 1.75], "texture": "#1"},
				"south": {"uv": [7.75, 0.75, 8.75, 1], "texture": "#1"},
				"west": {"uv": [8, 1.75, 8.25, 2], "texture": "#1"},
				"up": {"uv": [8.75, 1.25, 7.75, 1], "texture": "#1"},
				"down": {"uv": [8.75, 1.25, 7.75, 1.5], "texture": "#1"}
			}
		}
	],
	"display": {
		"thirdperson_righthand": {
			"rotation": [70, 0, 0],
			"translation": [0.5, -1.25, -2.25],
			"scale": [0.8, 0.8, 0.8]
		},
		"thirdperson_lefthand": {
			"rotation": [70, 180, 0],
			"translation": [0.5, -1.25, -2.25],
			"scale": [0.8, 0.8, 0.8]
		},
		"firstperson_righthand": {
			"rotation": [-20, 0, -30],
			"translation": [0.25, 0, 0]
		},
		"firstperson_lefthand": {
			"rotation": [-10, -180, 20],
			"translation": [-0.25, 1, -0.25]
		},
		"ground": {
			"rotation": [0, 0, -15],
			"translation": [1.25, 1, 0]
		},
		"gui": {
			"rotation": [30, 45, 0],
			"translation": [0, 1.5, 0]
		},
		"head": {
			"rotation": [10, 0, 0],
			"translation": [0, 7.45, 0.5],
			"scale": [1.801, 1.801, 1.801]
		},
		"fixed": {
			"rotation": [-90, 0, 0],
			"translation": [-8, 0, -4],
			"scale": [1.8, 1.8, 1.8]
		}
	}
}