{
	"credit": "Made with Blockbench",
	"parent": "carved_pumpkin",
	"texture_size": [8, 8],
	"textures": {
		"0": "block/tiedyebibowtie",
		"1": "block/knotfold",
		"particle": "block/tiedyebibowtie"
	},
	"elements": [
		{
			"from": [12, 6, 6.5],
			"to": [13, 9, 9.5],
			"rotation": {"angle": 0, "axis": "y", "origin": [12, 6, 6.5]},
			"faces": {
				"north": {"uv": [12, 0, 13, 3], "texture": "#0"},
				"east": {"uv": [0, 10, 3, 13], "texture": "#0"},
				"south": {"uv": [12, 3, 13, 6], "texture": "#0"},
				"west": {"uv": [3, 10, 6, 13], "texture": "#0"},
				"up": {"uv": [7, 15, 6, 12], "texture": "#0"},
				"down": {"uv": [13, 6, 12, 9], "texture": "#0"}
			}
		},
		{
			"from": [11.90015, 6.2685, 6.5],
			"to": [12.65015, 8.2685, 9.5],
			"rotation": {"angle": -22.5, "axis": "z", "origin": [11.65015, 7.7685, 8]},
			"faces": {
				"north": {"uv": [9, 12, 9.75, 14], "texture": "#0"},
				"east": {"uv": [6, 10, 9, 12], "texture": "#0"},
				"south": {"uv": [12, 9, 12.75, 11], "texture": "#0"},
				"west": {"uv": [9, 10, 12, 12], "texture": "#0"},
				"up": {"uv": [7.75, 15, 7, 12], "texture": "#0"},
				"down": {"uv": [8.75, 12, 8, 15], "texture": "#0"}
			}
		},
		{
			"from": [12.5, 5, 3.5],
			"to": [12.5, 10, 6.5],
			"rotation": {"angle": 0, "axis": "y", "origin": [12.5, 7.5, 5]},
			"faces": {
				"north": {"uv": [0, 0, 0, 5], "texture": "#0"},
				"east": {"uv": [0, 5, 3, 10], "texture": "#0"},
				"south": {"uv": [0, 0, 0, 5], "texture": "#0"},
				"west": {"uv": [3, 5, 6, 10], "texture": "#0"},
				"up": {"uv": [0, 3, 0, 0], "texture": "#0"},
				"down": {"uv": [0, 0, 0, 3], "texture": "#0"}
			}
		},
		{
			"from": [12.5, 5, 9.5],
			"to": [12.5, 10, 12.5],
			"rotation": {"angle": 0, "axis": "y", "origin": [12.5, 6, 10.5]},
			"faces": {
				"north": {"uv": [0, 0, 0, 5], "texture": "#0"},
				"east": {"uv": [0, 0, 3, 5], "texture": "#0"},
				"south": {"uv": [0, 0, 0, 5], "texture": "#0"},
				"west": {"uv": [3, 0, 6, 5], "texture": "#0"},
				"up": {"uv": [0, 3, 0, 0], "texture": "#0"},
				"down": {"uv": [0, 0, 0, 3], "texture": "#0"}
			}
		},
		{
			"from": [11.35103, 1.22874, 8.5],
			"to": [11.35103, 6.22874, 11.5],
			"rotation": {"angle": -22.5, "axis": "z", "origin": [11.35103, 3.22874, 7.5]},
			"faces": {
				"north": {"uv": [0, 0, 0, 5], "texture": "#0"},
				"east": {"uv": [9, 0, 12, 5], "texture": "#0"},
				"south": {"uv": [0, 0, 0, 5], "texture": "#0"},
				"west": {"uv": [9, 5, 12, 10], "texture": "#0"},
				"up": {"uv": [0, 3, 0, 0], "texture": "#0"},
				"down": {"uv": [0, 0, 0, 3], "texture": "#0"}
			}
		},
		{
			"from": [11.35103, 1.22874, 4.5],
			"to": [11.35103, 6.22874, 7.5],
			"rotation": {"angle": -22.5, "axis": "z", "origin": [11.35103, 3.22874, 3.5]},
			"faces": {
				"north": {"uv": [0, 0, 0, 5], "texture": "#0"},
				"east": {"uv": [6, 0, 9, 5], "texture": "#0"},
				"south": {"uv": [0, 0, 0, 5], "texture": "#0"},
				"west": {"uv": [6, 5, 9, 10], "texture": "#0"},
				"up": {"uv": [0, 3, 0, 0], "texture": "#0"},
				"down": {"uv": [0, 0, 0, 3], "texture": "#0"}
			}
		},
		{
			"from": [13.125, 5.875, 7.625],
			"to": [13.125, 9.125, 8.875],
			"rotation": {"angle": 0, "axis": "y", "origin": [11, 6, 7.25]},
			"faces": {
				"north": {"uv": [0, 0, 0, 6.5], "texture": "#1"},
				"east": {"uv": [0, 0, 2.5, 6.5], "texture": "#1"},
				"south": {"uv": [0, 0, 0, 6.5], "texture": "#1"},
				"west": {"uv": [4, 0, 6.5, 6.5], "texture": "#1"},
				"up": {"uv": [0, 2.5, 0, 0], "texture": "#1"},
				"down": {"uv": [0, 0, 0, 2.5], "texture": "#1"}
			}
		},
		{
			"from": [11.875, 7.625, 7.625],
			"to": [11.875, 9.125, 8.875],
			"rotation": {"angle": 0, "axis": "y", "origin": [9.75, 6, 7.25]},
			"faces": {
				"north": {"uv": [0, 0, 0, 3], "texture": "#1"},
				"east": {"uv": [0, 8, 2.5, 11], "texture": "#1"},
				"south": {"uv": [0, 0, 0, 3], "texture": "#1"},
				"west": {"uv": [8, 0, 10.5, 3], "texture": "#1"},
				"up": {"uv": [0, 2.5, 0, 0], "texture": "#1"},
				"down": {"uv": [0, 0, 0, 2.5], "texture": "#1"}
			}
		},
		{
			"from": [11.875, 9.125, 7.625],
			"to": [13.125, 9.125, 8.875],
			"rotation": {"angle": 0, "axis": "y", "origin": [11, 6, 7.25]},
			"faces": {
				"north": {"uv": [0, 0, 2.5, 0], "texture": "#1"},
				"east": {"uv": [0, 0, 2.5, 0], "texture": "#1"},
				"south": {"uv": [0, 0, 2.5, 0], "texture": "#1"},
				"west": {"uv": [0, 0, 2.5, 0], "texture": "#1"},
				"up": {"uv": [6.5, 10.5, 4, 8], "texture": "#1"},
				"down": {"uv": [10.5, 4, 8, 6.5], "texture": "#1"}
			}
		},
		{
			"from": [11.875, 5.875, 7.625],
			"to": [13.125, 5.875, 8.875],
			"rotation": {"angle": 0, "axis": "y", "origin": [11, 2.75, 7.25]},
			"faces": {
				"north": {"uv": [0, 0, 2.5, 0], "texture": "#1"},
				"east": {"uv": [0, 0, 2.5, 0], "texture": "#1"},
				"south": {"uv": [0, 0, 2.5, 0], "texture": "#1"},
				"west": {"uv": [0, 0, 2.5, 0], "texture": "#1"},
				"up": {"uv": [10.5, 10.5, 8, 8], "texture": "#1"},
				"down": {"uv": [2.5, 12, 0, 14.5], "texture": "#1"}
			}
		},
		{
			"from": [11.17258, 6.11418, 7.625],
			"to": [11.92258, 6.11418, 8.875],
			"rotation": {"angle": -22.5, "axis": "z", "origin": [11.29758, 6.11418, 8.125]},
			"faces": {
				"north": {"uv": [0, 0, 1.5, 0], "texture": "#1"},
				"east": {"uv": [0, 0, 2.5, 0], "texture": "#1"},
				"south": {"uv": [0, 0, 1.5, 0], "texture": "#1"},
				"west": {"uv": [0, 0, 2.5, 0], "texture": "#1"},
				"up": {"uv": [13.5, 2.5, 12, 0], "texture": "#1"},
				"down": {"uv": [5.5, 12, 4, 14.5], "texture": "#1"}
			}
		}
	],
	"display": {
		"thirdperson_righthand": {
			"rotation": [90, 90, 0],
			"translation": [0, -3.75, 1.25]
		},
		"thirdperson_lefthand": {
			"rotation": [90, -90, 0],
			"translation": [0, -3.75, 1.25]
		},
		"firstperson_righthand": {
			"rotation": [7, 104, 4],
			"translation": [0, 3.25, 8]
		},
		"firstperson_lefthand": {
			"rotation": [7, -77, 4],
			"translation": [0, 3.25, 8]
		},
		"ground": {
			"rotation": [0, 0, 55],
			"translation": [-3.5, -1.25, 0]
		},
		"gui": {
			"rotation": [0, -90, 0],
			"translation": [0, 3.75, 0],
			"scale": [1.6, 1.6, 1.6]
		},
		"head": {
			"rotation": [-22.5, -90, 0],
			"translation": [-0.25, 3.75, -0.05],
			"scale": [1.85, 1.85, 1.85]
		},
		"fixed": {
			"rotation": [12.5, 90, 0],
			"translation": [0, 2.75, 7],
			"scale": [1.8, 1.8, 1.8]
		}
	}
}