{
	"credit": "Made with Blockbench",
	"parent": "carved_pumpkin",
	"textures": {
		"0": "block/furhatbase",
		"1": "block/furhatdetails",
		"2": "block/cockade",
		"particle": "block/furhatbase"
	},
	"elements": [
		{
			"from": [11, 8, 3],
			"to": [12, 11, 13],
			"rotation": {"angle": 0, "axis": "y", "origin": [4, -1, 4]},
			"faces": {
				"north": {"uv": [6.5, 0.5, 6.75, 1.25], "texture": "#0"},
				"east": {"uv": [0, 4, 2.5, 4.75], "texture": "#0"},
				"south": {"uv": [6.5, 1.25, 6.75, 2], "texture": "#0"},
				"west": {"uv": [4, 0, 6.5, 0.75], "texture": "#0"},
				"up": {"uv": [5.75, 8.25, 5.5, 5.75], "texture": "#0"},
				"down": {"uv": [6, 5.75, 5.75, 8.25], "texture": "#0"}
			}
		},
		{
			"from": [12, 8, 4],
			"to": [13, 11, 12],
			"rotation": {"angle": 0, "axis": "y", "origin": [5, -1, 4]},
			"faces": {
				"north": {"uv": [6.5, 3.25, 6.75, 4], "texture": "#0"},
				"east": {"uv": [4, 2.25, 6, 3], "texture": "#0"},
				"south": {"uv": [6.5, 5.75, 6.75, 6.5], "texture": "#0"},
				"west": {"uv": [2.5, 4, 4.5, 4.75], "texture": "#0"},
				"up": {"uv": [1.25, 8, 1, 6], "texture": "#0"},
				"down": {"uv": [1.5, 6, 1.25, 8], "texture": "#0"}
			}
		},
		{
			"from": [12, 11, 5],
			"to": [13, 12, 11],
			"rotation": {"angle": 0, "axis": "y", "origin": [5, 3, 4]},
			"faces": {
				"north": {"uv": [6.5, 4, 6.75, 4.25], "texture": "#0"},
				"east": {"uv": [6, 2.25, 7.5, 2.5], "texture": "#0"},
				"south": {"uv": [6.5, 4.25, 6.75, 4.5], "texture": "#0"},
				"west": {"uv": [6, 2.5, 7.5, 2.75], "texture": "#0"},
				"up": {"uv": [2.25, 7.5, 2, 6], "texture": "#0"},
				"down": {"uv": [2.5, 6, 2.25, 7.5], "texture": "#0"}
			}
		},
		{
			"from": [9, 8, 3],
			"to": [11, 10, 13],
			"rotation": {"angle": 0, "axis": "y", "origin": [3, -1, 4]},
			"faces": {
				"north": {"uv": [6, 3.25, 6.5, 3.75], "texture": "#0"},
				"east": {"uv": [0.5, 4.75, 3, 5.25], "texture": "#0"},
				"south": {"uv": [6, 5.75, 6.5, 6.25], "texture": "#0"},
				"west": {"uv": [5, 4.5, 7.5, 5], "texture": "#0"},
				"up": {"uv": [3.5, 7.25, 3, 4.75], "texture": "#0"},
				"down": {"uv": [4, 4.75, 3.5, 7.25], "texture": "#0"}
			}
		},
		{
			"from": [4, 8, 3],
			"to": [5, 11, 13],
			"rotation": {"angle": 0, "axis": "y", "origin": [-3, -1, 4]},
			"faces": {
				"north": {"uv": [6.5, 6.5, 6.75, 7.25], "texture": "#0"},
				"east": {"uv": [4, 0.75, 6.5, 1.5], "texture": "#0"},
				"south": {"uv": [6.75, 0.5, 7, 1.25], "texture": "#0"},
				"west": {"uv": [4, 1.5, 6.5, 2.25], "texture": "#0"},
				"up": {"uv": [0.75, 8.5, 0.5, 6], "texture": "#0"},
				"down": {"uv": [1, 6, 0.75, 8.5], "texture": "#0"}
			}
		},
		{
			"from": [3, 8, 4],
			"to": [4, 11, 12],
			"rotation": {"angle": 0, "axis": "y", "origin": [-4, -1, 4]},
			"faces": {
				"north": {"uv": [6.75, 1.25, 7, 2], "texture": "#0"},
				"east": {"uv": [4, 3, 6, 3.75], "texture": "#0"},
				"south": {"uv": [6.75, 3.25, 7, 4], "texture": "#0"},
				"west": {"uv": [4.5, 3.75, 6.5, 4.5], "texture": "#0"},
				"up": {"uv": [1.75, 8, 1.5, 6], "texture": "#0"},
				"down": {"uv": [2, 6, 1.75, 8], "texture": "#0"}
			}
		},
		{
			"from": [3, 11, 5],
			"to": [4, 12, 11],
			"rotation": {"angle": 0, "axis": "y", "origin": [-4, 0, 4]},
			"faces": {
				"north": {"uv": [6.75, 4, 7, 4.25], "texture": "#0"},
				"east": {"uv": [6, 2.75, 7.5, 3], "texture": "#0"},
				"south": {"uv": [6.75, 4.25, 7, 4.5], "texture": "#0"},
				"west": {"uv": [6, 3, 7.5, 3.25], "texture": "#0"},
				"up": {"uv": [2.75, 7.5, 2.5, 6], "texture": "#0"},
				"down": {"uv": [3, 6, 2.75, 7.5], "texture": "#0"}
			}
		},
		{
			"from": [5, 8, 3],
			"to": [7, 10, 13],
			"rotation": {"angle": 0, "axis": "y", "origin": [-2, -1, 4]},
			"faces": {
				"north": {"uv": [6, 6.25, 6.5, 6.75], "texture": "#0"},
				"east": {"uv": [5, 5, 7.5, 5.5], "texture": "#0"},
				"south": {"uv": [6.5, 0, 7, 0.5], "texture": "#0"},
				"west": {"uv": [0.5, 5.25, 3, 5.75], "texture": "#0"},
				"up": {"uv": [4.5, 7.25, 4, 4.75], "texture": "#0"},
				"down": {"uv": [5.5, 5.5, 5, 8], "texture": "#0"}
			}
		},
		{
			"from": [4, 9, 4],
			"to": [12, 13, 12],
			"rotation": {"angle": 0, "axis": "y", "origin": [-1, -1, 4]},
			"faces": {
				"north": {"uv": [2, 0, 4, 1], "texture": "#0"},
				"east": {"uv": [2, 1, 4, 2], "texture": "#0"},
				"south": {"uv": [2, 2, 4, 3], "texture": "#0"},
				"west": {"uv": [2, 3, 4, 4], "texture": "#0"},
				"up": {"uv": [2, 2, 0, 0], "texture": "#0"},
				"down": {"uv": [2, 2, 0, 4], "texture": "#0"}
			}
		},
		{
			"from": [7, 8, 3],
			"to": [9, 9, 13],
			"rotation": {"angle": 0, "axis": "y", "origin": [-3, -1, 4]},
			"faces": {
				"north": {"uv": [4, 3.75, 4.5, 4], "texture": "#0"},
				"east": {"uv": [5.5, 5.5, 8, 5.75], "texture": "#0"},
				"south": {"uv": [6.5, 2, 7, 2.25], "texture": "#0"},
				"west": {"uv": [0.5, 5.75, 3, 6], "texture": "#0"},
				"up": {"uv": [5, 7, 4.5, 4.5], "texture": "#0"},
				"down": {"uv": [0.5, 4.75, 0, 7.25], "texture": "#0"}
			}
		},
		{
			"from": [2.75, 7.75, 3.75],
			"to": [4.25, 11.25, 12.25],
			"rotation": {"angle": 0, "axis": "y", "origin": [-4.25, -1, 4]},
			"faces": {
				"north": {"uv": [3, 7, 3.5, 8.5], "texture": "#1"},
				"east": {"uv": [0, 3, 4, 4.5], "texture": "#1"},
				"south": {"uv": [3.5, 7, 4, 8.5], "texture": "#1"},
				"west": {"uv": [4, 0, 8, 1.5], "texture": "#1"},
				"up": {"uv": [1.5, 10, 1, 6], "texture": "#1"},
				"down": {"uv": [2, 6, 1.5, 10], "texture": "#1"}
			}
		},
		{
			"from": [3.75, 7.75, 11.75],
			"to": [12.25, 11.25, 13.25],
			"rotation": {"angle": 0, "axis": "y", "origin": [-3, -1, 4]},
			"faces": {
				"north": {"uv": [4, 1.5, 8, 3], "texture": "#1"},
				"east": {"uv": [4, 7, 4.5, 8.5], "texture": "#1"},
				"south": {"uv": [4, 3, 8, 4.5], "texture": "#1"},
				"west": {"uv": [4.5, 7, 5, 8.5], "texture": "#1"},
				"up": {"uv": [6, 6.5, 2, 6], "texture": "#1"},
				"down": {"uv": [10, 6, 6, 6.5], "texture": "#1"}
			}
		},
		{
			"from": [3.75, 7.75, 2.75],
			"to": [12.25, 11.25, 4.25],
			"rotation": {"angle": 0, "axis": "y", "origin": [8, 8.5, 7.75]},
			"faces": {
				"north": {"uv": [0, 4.5, 4, 6], "texture": "#1"},
				"east": {"uv": [5, 7, 5.5, 8.5], "texture": "#1"},
				"south": {"uv": [4, 4.5, 8, 6], "texture": "#1"},
				"west": {"uv": [5.5, 7, 6, 8.5], "texture": "#1"},
				"up": {"uv": [6, 7, 2, 6.5], "texture": "#1"},
				"down": {"uv": [10, 6.5, 6, 7], "texture": "#1"}
			}
		},
		{
			"from": [11.75, 7.75, 3.75],
			"to": [13.25, 11.25, 12.25],
			"rotation": {"angle": 0, "axis": "y", "origin": [5, -1, 4]},
			"faces": {
				"north": {"uv": [2, 7, 2.5, 8.5], "texture": "#1"},
				"east": {"uv": [0, 0, 4, 1.5], "texture": "#1"},
				"south": {"uv": [2.5, 7, 3, 8.5], "texture": "#1"},
				"west": {"uv": [0, 1.5, 4, 3], "texture": "#1"},
				"up": {"uv": [0.5, 10, 0, 6], "texture": "#1"},
				"down": {"uv": [1, 6, 0.5, 10], "texture": "#1"}
			}
		},
		{
			"name": "cockade",
			"from": [7.25, 9.25, 3.75],
			"to": [8.75, 10.75, 3.75],
			"rotation": {"angle": 0, "axis": "y", "origin": [-1, -1, 4.25]},
			"faces": {
				"north": {"uv": [0, 0, 2, 2], "texture": "#2"},
				"east": {"uv": [0, 0, 0, 2], "texture": "#2"},
				"south": {"uv": [0, 2, 2, 4], "texture": "#2"},
				"west": {"uv": [0, 0, 0, 2], "texture": "#2"},
				"up": {"uv": [2, 0, 0, 0], "texture": "#2"},
				"down": {"uv": [2, 0, 0, 0], "texture": "#2"}
			}
		}
	],
	"display": {
		"thirdperson_righthand": {
			"rotation": [-10, 125, 0],
			"translation": [0, -0.25, 0],
			"scale": [0.75, 0.75, 0.75]
		},
		"thirdperson_lefthand": {
			"rotation": [-10, 125, 0],
			"translation": [0, -0.25, 0],
			"scale": [0.75, 0.75, 0.75]
		},
		"firstperson_righthand": {
			"rotation": [0, 125, 0],
			"scale": [0.75, 0.75, 0.75]
		},
		"firstperson_lefthand": {
			"rotation": [0, 125, 0],
			"scale": [0.75, 0.75, 0.75]
		},
		"ground": {
			"rotation": [20, 0, 0]
		},
		"gui": {
			"rotation": [35, -135, 0],
			"translation": [0, -1.75, 0]
		},
		"head": {
			"rotation": [5, 0, 0],
			"translation": [0, 2.75, -0.25],
			"scale": [1.85, 1.85, 1.85]
		},
		"fixed": {
			"rotation": [-90, 0, 0],
			"scale": [1.85, 1.85, 1.85]
		}
	},
	"groups": [
		0,
		1,
		2,
		3,
		4,
		5,
		6,
		7,
		8,
		9,
		{
			"name": "details",
			"origin": [-1, 0, 4.25],
			"color": 0,
			"children": [10, 11, 12, 13, 14]
		}
	]
}