{
	"credit": "Made with Blockbench",
	"parent": "carved_pumpkin",
	"texture_size": [64, 64],
	"textures": {
		"0": "block/lesbianhelmdetails",
		"1": "block/bullets",
		"2": "block/lesbianhelmbase",
		"particle": "block/lesbianhelmdetails"
	},
	"elements": [
		{
			"from": [4, 6, 4],
			"to": [12, 8, 12],
			"rotation": {"angle": 0, "axis": "y", "origin": [4, 6, 4]},
			"faces": {
				"north": {"uv": [5, 5, 7, 5.5], "texture": "#2"},
				"east": {"uv": [5.5, 0, 7.5, 0.5], "texture": "#2"},
				"south": {"uv": [5.5, 0.5, 7.5, 1], "texture": "#2"},
				"west": {"uv": [5.5, 1, 7.5, 1.5], "texture": "#2"},
				"up": {"uv": [2, 2, 0, 0], "texture": "#2"},
				"down": {"uv": [2, 2, 0, 4], "texture": "#2"}
			}
		},
		{
			"from": [12.125, 5.75, 8.25],
			"to": [12.875, 7.75, 9],
			"rotation": {"angle": 0, "axis": "y", "origin": [8.375, 6.6875, 8]},
			"faces": {
				"north": {"uv": [0, 0, 1.5, 4], "texture": "#1"},
				"east": {"uv": [2, 0, 3.5, 4], "texture": "#1"},
				"south": {"uv": [0, 4, 1.5, 8], "texture": "#1"},
				"west": {"uv": [4, 0, 5.5, 4], "texture": "#1"},
				"up": {"uv": [9.5, 5.5, 8, 4], "texture": "#1"},
				"down": {"uv": [7.5, 8, 6, 9.5], "texture": "#1"}
			}
		},
		{
			"from": [12.125, 5.75, 9.125],
			"to": [12.875, 7.75, 9.875],
			"rotation": {"angle": 0, "axis": "y", "origin": [8.375, 6.6875, 8]},
			"faces": {
				"north": {"uv": [2, 4, 3.5, 8], "texture": "#1"},
				"east": {"uv": [4, 4, 5.5, 8], "texture": "#1"},
				"south": {"uv": [6, 0, 7.5, 4], "texture": "#1"},
				"west": {"uv": [6, 4, 7.5, 8], "texture": "#1"},
				"up": {"uv": [9.5, 7.5, 8, 6], "texture": "#1"},
				"down": {"uv": [9.5, 8, 8, 9.5], "texture": "#1"}
			}
		},
		{
			"from": [12.125, 5.75, 10],
			"to": [12.875, 7.75, 10.75],
			"rotation": {"angle": 0, "axis": "y", "origin": [8.375, 6.6875, 8]},
			"faces": {
				"north": {"uv": [0, 8, 1.5, 12], "texture": "#1"},
				"east": {"uv": [8, 0, 9.5, 4], "texture": "#1"},
				"south": {"uv": [2, 8, 3.5, 12], "texture": "#1"},
				"west": {"uv": [4, 8, 5.5, 12], "texture": "#1"},
				"up": {"uv": [11.5, 1.5, 10, 0], "texture": "#1"},
				"down": {"uv": [11.5, 2, 10, 3.5], "texture": "#1"}
			}
		},
		{
			"from": [4, 8, 4],
			"to": [12, 8.5, 12],
			"rotation": {"angle": 0, "axis": "y", "origin": [4, 8, 4]},
			"faces": {
				"north": {"uv": [6.5, 3.5, 8.5, 3.625], "texture": "#2"},
				"east": {"uv": [6.5, 3.75, 8.5, 3.875], "texture": "#2"},
				"south": {"uv": [6.5, 4, 8.5, 4.125], "texture": "#2"},
				"west": {"uv": [6.5, 4.25, 8.5, 4.375], "texture": "#2"},
				"up": {"uv": [4, 2, 2, 0], "texture": "#2"},
				"down": {"uv": [4, 2, 2, 4], "texture": "#2"}
			}
		},
		{
			"from": [12.36425, 6.95281, 5.25],
			"to": [12.36425, 8.20281, 7],
			"rotation": {"angle": -22.5, "axis": "z", "origin": [12.36425, 7.57781, 6.25]},
			"faces": {
				"north": {"uv": [0, 0, 0, 2.5], "texture": "#0"},
				"east": {"uv": [12, 0, 15.5, 2.5], "texture": "#0"},
				"south": {"uv": [0, 0, 0, 2.5], "texture": "#0"},
				"west": {"uv": [12, 4, 15.5, 6.5], "texture": "#0"},
				"up": {"uv": [0, 3.5, 0, 0], "texture": "#0"},
				"down": {"uv": [0, 0, 0, 3.5], "texture": "#0"}
			}
		},
		{
			"from": [12.125, 6, 5.25],
			"to": [12.125, 7, 7],
			"rotation": {"angle": 0, "axis": "y", "origin": [12.25, 6, 5.5]},
			"faces": {
				"north": {"uv": [0, 0, 0, 2], "texture": "#0"},
				"east": {"uv": [12, 8, 15.5, 10], "texture": "#0"},
				"south": {"uv": [0, 0, 0, 2], "texture": "#0"},
				"west": {"uv": [12, 10, 15.5, 12], "texture": "#0"},
				"up": {"uv": [0, 3.5, 0, 0], "texture": "#0"},
				"down": {"uv": [0, 0, 0, 3.5], "texture": "#0"}
			}
		},
		{
			"from": [12.54608, 5.88309, 5.25],
			"to": [12.54608, 6.13309, 7],
			"rotation": {"angle": 22.5, "axis": "z", "origin": [12.67108, 5.00809, 5.5]},
			"faces": {
				"north": {"uv": [0, 0, 0, 0.5], "texture": "#0"},
				"east": {"uv": [12, 12, 15.5, 12.5], "texture": "#0"},
				"south": {"uv": [0, 0, 0, 0.5], "texture": "#0"},
				"west": {"uv": [12, 14, 15.5, 14.5], "texture": "#0"},
				"up": {"uv": [0, 3.5, 0, 0], "texture": "#0"},
				"down": {"uv": [0, 0, 0, 3.5], "texture": "#0"}
			}
		},
		{
			"from": [3.95, 4.625, 4.75],
			"to": [3.95, 9.125, 11.75],
			"rotation": {"angle": 0, "axis": "y", "origin": [4, 5.75, 3.75]},
			"faces": {
				"north": {"uv": [0, 0, 0, 7], "texture": "#0"},
				"east": {"uv": [0, 0, 12, 7], "texture": "#0"},
				"south": {"uv": [0, 0, 0, 7], "texture": "#0"},
				"west": {"uv": [0, 8, 12, 15], "texture": "#0"},
				"up": {"uv": [0, 12, 0, 0], "texture": "#0"},
				"down": {"uv": [0, 0, 0, 12], "texture": "#0"}
			}
		},
		{
			"from": [12.25, 6.125, 11.185],
			"to": [12.25, 6.875, 12.25],
			"rotation": {"angle": 0, "axis": "y", "origin": [8.375, 6.6875, 8]},
			"faces": {
				"north": {"uv": [0, 0, 0, 0.25], "texture": "#2"},
				"east": {"uv": [0.5, 6.75, 0.75, 7], "texture": "#2"},
				"south": {"uv": [0, 0, 0, 0.25], "texture": "#2"},
				"west": {"uv": [0.75, 6.75, 1, 7], "texture": "#2"},
				"up": {"uv": [0, 0.25, 0, 0], "texture": "#2"},
				"down": {"uv": [0, 0, 0, 0.25], "texture": "#2"}
			}
		},
		{
			"from": [10.73673, 6.125, 12.42606],
			"to": [11.54773, 6.875, 12.42606],
			"rotation": {"angle": 22.5, "axis": "y", "origin": [8.375, 6.6875, 8]},
			"faces": {
				"north": {"uv": [1, 6.75, 1.25, 7], "texture": "#2"},
				"east": {"uv": [0, 0, 0, 0.25], "texture": "#2"},
				"south": {"uv": [1.25, 6.75, 1.5, 7], "texture": "#2"},
				"west": {"uv": [0, 0, 0, 0.25], "texture": "#2"},
				"up": {"uv": [0.25, 0, 0, 0], "texture": "#2"},
				"down": {"uv": [0.25, 0, 0, 0], "texture": "#2"}
			}
		},
		{
			"from": [11.88478, 6.125, 6.34657],
			"to": [12.69578, 6.875, 6.34657],
			"rotation": {"angle": -22.5, "axis": "y", "origin": [8.375, 6.6875, 8]},
			"faces": {
				"north": {"uv": [1.5, 6.75, 1.75, 7], "texture": "#2"},
				"east": {"uv": [0, 0, 0, 0.25], "texture": "#2"},
				"south": {"uv": [1.75, 6.75, 2, 7], "texture": "#2"},
				"west": {"uv": [0, 0, 0, 0.25], "texture": "#2"},
				"up": {"uv": [0.25, 0, 0, 0], "texture": "#2"},
				"down": {"uv": [0.25, 0, 0, 0], "texture": "#2"}
			}
		},
		{
			"from": [13, 6.125, 8.125],
			"to": [13, 6.875, 10.875],
			"rotation": {"angle": 0, "axis": "y", "origin": [8.375, 6.6875, 8]},
			"faces": {
				"north": {"uv": [0, 0, 0, 0.25], "texture": "#2"},
				"east": {"uv": [6.5, 4.5, 7.25, 4.75], "texture": "#2"},
				"south": {"uv": [0, 0, 0, 0.25], "texture": "#2"},
				"west": {"uv": [6.5, 4.75, 7.25, 5], "texture": "#2"},
				"up": {"uv": [0, 0.75, 0, 0], "texture": "#2"},
				"down": {"uv": [0, 0, 0, 0.75], "texture": "#2"}
			}
		},
		{
			"from": [12.25, 6.125, 3.749],
			"to": [12.25, 6.875, 7.819],
			"rotation": {"angle": 0, "axis": "y", "origin": [8.375, 6.6875, 8]},
			"faces": {
				"north": {"uv": [0, 0, 0, 0.25], "texture": "#2"},
				"east": {"uv": [4, 3.5, 5, 3.75], "texture": "#2"},
				"south": {"uv": [0, 0, 0, 0.25], "texture": "#2"},
				"west": {"uv": [4, 3.75, 5, 4], "texture": "#2"},
				"up": {"uv": [0, 1, 0, 0], "texture": "#2"},
				"down": {"uv": [0, 0, 0, 1], "texture": "#2"}
			}
		},
		{
			"from": [3.75, 6.125, 3.75],
			"to": [3.75, 6.875, 12.25],
			"rotation": {"angle": 0, "axis": "y", "origin": [8.375, 6.6875, 8]},
			"faces": {
				"north": {"uv": [0, 0, 0, 0.25], "texture": "#2"},
				"east": {"uv": [1.5, 5.75, 3.625, 6], "texture": "#2"},
				"south": {"uv": [0, 0, 0, 0.25], "texture": "#2"},
				"west": {"uv": [3.75, 5.75, 5.875, 6], "texture": "#2"},
				"up": {"uv": [0, 2.125, 0, 0], "texture": "#2"},
				"down": {"uv": [0, 0, 0, 2.125], "texture": "#2"}
			}
		},
		{
			"from": [3.75, 6.125, 3.75],
			"to": [12.25, 6.875, 3.75],
			"rotation": {"angle": 0, "axis": "y", "origin": [7.625, 6.6875, 8]},
			"faces": {
				"north": {"uv": [1.5, 5.5, 3.625, 5.75], "texture": "#2"},
				"east": {"uv": [0, 0, 0, 0.25], "texture": "#2"},
				"south": {"uv": [5.5, 1.5, 7.625, 1.75], "texture": "#2"},
				"west": {"uv": [0, 0, 0, 0.25], "texture": "#2"},
				"up": {"uv": [2.125, 0, 0, 0], "texture": "#2"},
				"down": {"uv": [2.125, 0, 0, 0], "texture": "#2"}
			}
		},
		{
			"from": [3.75, 6.125, 12.25],
			"to": [12.25, 6.875, 12.25],
			"rotation": {"angle": 0, "axis": "y", "origin": [7.625, 6.6875, 8]},
			"faces": {
				"north": {"uv": [5.5, 1.75, 7.625, 2], "texture": "#2"},
				"east": {"uv": [0, 0, 0, 0.25], "texture": "#2"},
				"south": {"uv": [3.75, 5.5, 5.875, 5.75], "texture": "#2"},
				"west": {"uv": [0, 0, 0, 0.25], "texture": "#2"},
				"up": {"uv": [2.125, 0, 0, 0], "texture": "#2"},
				"down": {"uv": [2.125, 0, 0, 0], "texture": "#2"}
			}
		},
		{
			"from": [12.19042, 5.03768, 4],
			"to": [12.19042, 6.03768, 12],
			"rotation": {"angle": 22.5, "axis": "z", "origin": [12.19042, 5.53768, 8]},
			"faces": {
				"north": {"uv": [0, 0, 0, 0.25], "texture": "#2"},
				"east": {"uv": [6, 3, 8, 3.25], "texture": "#2"},
				"south": {"uv": [0, 0, 0, 0.25], "texture": "#2"},
				"west": {"uv": [6, 3.25, 8, 3.5], "texture": "#2"},
				"up": {"uv": [0, 2, 0, 0], "texture": "#2"},
				"down": {"uv": [0, 0, 0, 2], "texture": "#2"}
			}
		},
		{
			"from": [12.38168, 4.07612, 7],
			"to": [12.38168, 5.07612, 9],
			"rotation": {"angle": 0, "axis": "y", "origin": [12.38168, 4.57612, 8]},
			"faces": {
				"north": {"uv": [0, 0, 0, 0.25], "texture": "#2"},
				"east": {"uv": [5, 6.5, 5.5, 6.75], "texture": "#2"},
				"south": {"uv": [0, 0, 0, 0.25], "texture": "#2"},
				"west": {"uv": [5.5, 6.5, 6, 6.75], "texture": "#2"},
				"up": {"uv": [0, 0.5, 0, 0], "texture": "#2"},
				"down": {"uv": [0, 0, 0, 0.5], "texture": "#2"}
			}
		},
		{
			"from": [3.61732, 4.07612, 7],
			"to": [3.61732, 5.07612, 9],
			"rotation": {"angle": 0, "axis": "y", "origin": [3.61732, 4.57612, 8]},
			"faces": {
				"north": {"uv": [0, 0, 0, 0.25], "texture": "#2"},
				"east": {"uv": [6, 6.5, 6.5, 6.75], "texture": "#2"},
				"south": {"uv": [0, 0, 0, 0.25], "texture": "#2"},
				"west": {"uv": [6.5, 6.5, 7, 6.75], "texture": "#2"},
				"up": {"uv": [0, 0.5, 0, 0], "texture": "#2"},
				"down": {"uv": [0, 0, 0, 0.5], "texture": "#2"}
			}
		},
		{
			"from": [3.61732, 2.07612, 7.5],
			"to": [3.61732, 4.07612, 8.5],
			"rotation": {"angle": 0, "axis": "y", "origin": [3.61732, 3.57612, 8.5]},
			"faces": {
				"north": {"uv": [0, 0, 0, 0.5], "texture": "#2"},
				"east": {"uv": [0, 6.75, 0.25, 7.25], "texture": "#2"},
				"south": {"uv": [0, 0, 0, 0.5], "texture": "#2"},
				"west": {"uv": [0.25, 6.75, 0.5, 7.25], "texture": "#2"},
				"up": {"uv": [0, 0.25, 0, 0], "texture": "#2"},
				"down": {"uv": [0, 0, 0, 0.25], "texture": "#2"}
			}
		},
		{
			"from": [12.38168, 1.07612, 7.5],
			"to": [12.38168, 4.07612, 8.5],
			"rotation": {"angle": 0, "axis": "y", "origin": [12.38168, 3.57612, 8.5]},
			"faces": {
				"north": {"uv": [0, 0, 0, 0.75], "texture": "#2"},
				"east": {"uv": [4.5, 6.5, 4.75, 7.25], "texture": "#2"},
				"south": {"uv": [0, 0, 0, 0.75], "texture": "#2"},
				"west": {"uv": [4.75, 6.5, 5, 7.25], "texture": "#2"},
				"up": {"uv": [0, 0.25, 0, 0], "texture": "#2"},
				"down": {"uv": [0, 0, 0, 0.25], "texture": "#2"}
			}
		},
		{
			"from": [3.80866, 5.03806, 4],
			"to": [3.80866, 6.03806, 12],
			"rotation": {"angle": -22.5, "axis": "z", "origin": [3.80866, 5.53806, 8]},
			"faces": {
				"north": {"uv": [0, 0, 0, 0.25], "texture": "#2"},
				"east": {"uv": [6, 5.75, 8, 6], "texture": "#2"},
				"south": {"uv": [0, 0, 0, 0.25], "texture": "#2"},
				"west": {"uv": [6, 6, 8, 6.25], "texture": "#2"},
				"up": {"uv": [0, 2, 0, 0], "texture": "#2"},
				"down": {"uv": [0, 0, 0, 2], "texture": "#2"}
			}
		},
		{
			"from": [4, 5.03768, 12.19042],
			"to": [12, 6.03768, 12.19042],
			"rotation": {"angle": -22.5, "axis": "x", "origin": [8, 5.53768, 12.19042]},
			"faces": {
				"north": {"uv": [4, 6, 6, 6.25], "texture": "#2"},
				"east": {"uv": [0, 0, 0, 0.25], "texture": "#2"},
				"south": {"uv": [6, 5.5, 8, 5.75], "texture": "#2"},
				"west": {"uv": [0, 0, 0, 0.25], "texture": "#2"},
				"up": {"uv": [2, 0, 0, 0], "texture": "#2"},
				"down": {"uv": [2, 0, 0, 0], "texture": "#2"}
			}
		},
		{
			"from": [4, 5.14645, 3.64645],
			"to": [12, 6.14645, 3.64645],
			"rotation": {"angle": 45, "axis": "x", "origin": [8, 5.64645, 3.64645]},
			"faces": {
				"north": {"uv": [0, 6, 2, 6.25], "texture": "#2"},
				"east": {"uv": [0, 0, 0, 0.25], "texture": "#2"},
				"south": {"uv": [2, 6, 4, 6.25], "texture": "#2"},
				"west": {"uv": [0, 0, 0, 0.25], "texture": "#2"},
				"up": {"uv": [2, 0, 0, 0], "texture": "#2"},
				"down": {"uv": [2, 0, 0, 0], "texture": "#2"}
			}
		},
		{
			"from": [4, 8.5, 5],
			"to": [12, 9.5, 11],
			"rotation": {"angle": 0, "axis": "y", "origin": [4, 8.5, 4]},
			"faces": {
				"north": {"uv": [6, 2.5, 8, 2.75], "texture": "#2"},
				"east": {"uv": [3, 6.25, 4.5, 6.5], "texture": "#2"},
				"south": {"uv": [6, 2.75, 8, 3], "texture": "#2"},
				"west": {"uv": [4.5, 6.25, 6, 6.5], "texture": "#2"},
				"up": {"uv": [3.5, 5.5, 1.5, 4], "texture": "#2"},
				"down": {"uv": [6, 2, 4, 3.5], "texture": "#2"}
			}
		},
		{
			"from": [5, 8.5, 4],
			"to": [11, 9.5, 12],
			"rotation": {"angle": 0, "axis": "y", "origin": [4, 8.5, 4]},
			"faces": {
				"north": {"uv": [0, 6.25, 1.5, 6.5], "texture": "#2"},
				"east": {"uv": [6, 2, 8, 2.25], "texture": "#2"},
				"south": {"uv": [1.5, 6.25, 3, 6.5], "texture": "#2"},
				"west": {"uv": [6, 2.25, 8, 2.5], "texture": "#2"},
				"up": {"uv": [1.5, 6, 0, 4], "texture": "#2"},
				"down": {"uv": [5.5, 0, 4, 2], "texture": "#2"}
			}
		},
		{
			"from": [5, 9.5, 5],
			"to": [11, 10.5, 11],
			"rotation": {"angle": 0, "axis": "y", "origin": [4, 9.5, 4]},
			"faces": {
				"north": {"uv": [6, 6.25, 7.5, 6.5], "texture": "#2"},
				"east": {"uv": [0, 6.5, 1.5, 6.75], "texture": "#2"},
				"south": {"uv": [1.5, 6.5, 3, 6.75], "texture": "#2"},
				"west": {"uv": [3, 6.5, 4.5, 6.75], "texture": "#2"},
				"up": {"uv": [5, 5.5, 3.5, 4], "texture": "#2"},
				"down": {"uv": [6.5, 3.5, 5, 5], "texture": "#2"}
			}
		}
	],
	"display": {
		"thirdperson_righthand": {
			"rotation": [65, 90, 0],
			"scale": [0.75, 0.75, 0.75]
		},
		"thirdperson_lefthand": {
			"rotation": [65, -90, 0],
			"scale": [0.75, 0.75, 0.75]
		},
		"firstperson_righthand": {
			"rotation": [-5, 85, 0],
			"translation": [-1.25, 2.25, 0]
		},
		"firstperson_lefthand": {
			"rotation": [-5, -95, 0],
			"translation": [-1.25, 2.25, 0]
		},
		"ground": {
			"translation": [0, 3.75, 0]
		},
		"gui": {
			"rotation": [15, -45, 0],
			"translation": [0, 2, 0]
		},
		"head": {
			"rotation": [2.5, 0, 0],
			"translation": [0, 6.25, 0],
			"scale": [1.85, 1.85, 1.85]
		},
		"fixed": {
			"rotation": [-91.25, 0, 0],
			"translation": [0, 0, -5.25],
			"scale": [1.85, 1.85, 1.85]
		}
	},
	"groups": [
		0,
		{
			"name": "group",
			"origin": [8.375, 6.6875, 8],
			"color": 0,
			"children": [1, 2, 3]
		},
		4,
		{
			"name": "group",
			"origin": [4, 6, 4],
			"color": 0,
			"children": [5, 6, 7, 8]
		},
		9,
		10,
		11,
		12,
		13,
		14,
		15,
		16,
		17,
		18,
		19,
		20,
		21,
		22,
		23,
		24,
		25,
		26,
		27
	]
}