{
	"credit": "Made with Blockbench",
	"parent": "carved_pumpkin",
	"texture_size": [8, 8],
	"textures": {
		"1": "block/tiarabase",
		"2": "block/lesbianbedazzle",
		"3": "block/tiaradiamond",
		"4": "block/dualdiamonds",
		"particle": "block/tiaradiamond"
	},
	"elements": [
		{
			"from": [6, 8, 4],
			"to": [10, 12, 4],
			"rotation": {"angle": 0, "axis": "y", "origin": [7, 16, 8]},
			"faces": {
				"north": {"uv": [4, 5, 6, 7], "texture": "#1"},
				"east": {"uv": [0, 0, 0, 2], "texture": "#1"},
				"south": {"uv": [6, 4, 8, 6], "texture": "#1"},
				"west": {"uv": [0, 0, 0, 2], "texture": "#1"},
				"up": {"uv": [2, 0, 0, 0], "texture": "#1"},
				"down": {"uv": [2, 0, 0, 0], "texture": "#1"}
			}
		},
		{
			"from": [4.08225, 8, 5.20236],
			"to": [6.91225, 10, 5.20236],
			"rotation": {"angle": 45, "axis": "y", "origin": [5.00475, 8.5, 5.70236]},
			"faces": {
				"north": {"uv": [6, 6, 7.4375, 7], "texture": "#1"},
				"east": {"uv": [0, 0, 0, 1], "texture": "#1"},
				"south": {"uv": [0, 7, 1.4375, 8], "texture": "#1"},
				"west": {"uv": [0, 0, 0, 1], "texture": "#1"},
				"up": {"uv": [1.4375, 0, 0, 0], "texture": "#1"},
				"down": {"uv": [1.4375, 0, 0, 0], "texture": "#1"}
			}
		},
		{
			"from": [3.99889, 4, 6.00111],
			"to": [3.99889, 8, 10.00111],
			"rotation": {"angle": 0, "axis": "y", "origin": [4.49889, 8, 8.00111]},
			"faces": {
				"north": {"uv": [0, 0, 0, 2], "texture": "#1"},
				"east": {"uv": [2, 5, 4, 7], "texture": "#1"},
				"south": {"uv": [0, 0, 0, 2], "texture": "#1"},
				"west": {"uv": [5, 2, 7, 4], "texture": "#1"},
				"up": {"uv": [0, 2, 0, 0], "texture": "#1"},
				"down": {"uv": [0, 0, 0, 2], "texture": "#1"}
			}
		},
		{
			"from": [3.04218, 4, 8.81081],
			"to": [3.04218, 9, 13.81081],
			"rotation": {"angle": -22.5, "axis": "y", "origin": [3.04218, 6.5, 11.31081]},
			"faces": {
				"north": {"uv": [0, 0, 0, 2.5], "texture": "#1"},
				"east": {"uv": [0, 0, 2.5, 2.5], "texture": "#1"},
				"south": {"uv": [0, 0, 0, 2.5], "texture": "#1"},
				"west": {"uv": [0, 2.5, 2.5, 5], "texture": "#1"},
				"up": {"uv": [0, 2.5, 0, 0], "texture": "#1"},
				"down": {"uv": [0, 0, 0, 2.5], "texture": "#1"}
			}
		},
		{
			"from": [12.00082, 4, 6.00041],
			"to": [12.00082, 8, 10.00041],
			"rotation": {"angle": 0, "axis": "y", "origin": [12.50082, 8, 8.00041]},
			"faces": {
				"north": {"uv": [0, 0, 0, 2], "texture": "#1"},
				"east": {"uv": [0, 5, 2, 7], "texture": "#1"},
				"south": {"uv": [0, 0, 0, 2], "texture": "#1"},
				"west": {"uv": [5, 0, 7, 2], "texture": "#1"},
				"up": {"uv": [0, 2, 0, 0], "texture": "#1"},
				"down": {"uv": [0, 0, 0, 2], "texture": "#1"}
			}
		},
		{
			"from": [13.11089, 4, 8.58108],
			"to": [13.11089, 9, 13.58108],
			"rotation": {"angle": 22.5, "axis": "y", "origin": [13.61089, 8, 11.58108]},
			"faces": {
				"north": {"uv": [0, 0, 0, 2.5], "texture": "#1"},
				"east": {"uv": [2.5, 0, 5, 2.5], "texture": "#1"},
				"south": {"uv": [0, 0, 0, 2.5], "texture": "#1"},
				"west": {"uv": [2.5, 2.5, 5, 5], "texture": "#1"},
				"up": {"uv": [0, 2.5, 0, 0], "texture": "#1"},
				"down": {"uv": [0, 0, 0, 2.5], "texture": "#1"}
			}
		},
		{
			"from": [12.09099, 8, 3.5481],
			"to": [12.09099, 10, 6.3781],
			"rotation": {"angle": 45, "axis": "y", "origin": [11.59099, 9, 6.2981]},
			"faces": {
				"north": {"uv": [0, 0, 0, 1], "texture": "#1"},
				"east": {"uv": [7, 0, 8.4375, 1], "texture": "#1"},
				"south": {"uv": [0, 0, 0, 1], "texture": "#1"},
				"west": {"uv": [7, 1, 8.4375, 2], "texture": "#1"},
				"up": {"uv": [0, 1.4375, 0, 0], "texture": "#1"},
				"down": {"uv": [0, 0, 0, 1.4375], "texture": "#1"}
			}
		},
		{
			"from": [7.625, 12.125, 3.875],
			"to": [8.375, 12.875, 3.875],
			"rotation": {"angle": 0, "axis": "y", "origin": [8.5, 20, 8]},
			"faces": {
				"north": {"uv": [2, 0, 4, 2], "texture": "#2"},
				"east": {"uv": [0, 0, 0, 2], "texture": "#2"},
				"south": {"uv": [2, 2, 4, 4], "texture": "#2"},
				"west": {"uv": [0, 0, 0, 2], "texture": "#2"},
				"up": {"uv": [2, 0, 0, 0], "texture": "#2"},
				"down": {"uv": [2, 0, 0, 0], "texture": "#2"}
			}
		},
		{
			"from": [7.125, 11.125, 3.875],
			"to": [7.875, 11.875, 3.875],
			"rotation": {"angle": 0, "axis": "y", "origin": [8, 19, 8]},
			"faces": {
				"north": {"uv": [0, 4, 2, 6], "texture": "#2"},
				"east": {"uv": [0, 0, 0, 2], "texture": "#2"},
				"south": {"uv": [4, 0, 6, 2], "texture": "#2"},
				"west": {"uv": [0, 0, 0, 2], "texture": "#2"},
				"up": {"uv": [2, 0, 0, 0], "texture": "#2"},
				"down": {"uv": [2, 0, 0, 0], "texture": "#2"}
			}
		},
		{
			"from": [8.125, 11.125, 3.875],
			"to": [8.875, 11.875, 3.875],
			"rotation": {"angle": 0, "axis": "y", "origin": [9, 19, 8]},
			"faces": {
				"north": {"uv": [2, 4, 4, 6], "texture": "#2"},
				"east": {"uv": [0, 0, 0, 2], "texture": "#2"},
				"south": {"uv": [4, 2, 6, 4], "texture": "#2"},
				"west": {"uv": [0, 0, 0, 2], "texture": "#2"},
				"up": {"uv": [2, 0, 0, 0], "texture": "#2"},
				"down": {"uv": [2, 0, 0, 0], "texture": "#2"}
			}
		},
		{
			"from": [9.125, 10.125, 3.875],
			"to": [9.875, 10.875, 3.875],
			"rotation": {"angle": 0, "axis": "y", "origin": [10, 18, 8]},
			"faces": {
				"north": {"uv": [4, 4, 6, 6], "texture": "#2"},
				"east": {"uv": [0, 0, 0, 2], "texture": "#2"},
				"south": {"uv": [0, 6, 2, 8], "texture": "#2"},
				"west": {"uv": [0, 0, 0, 2], "texture": "#2"},
				"up": {"uv": [2, 0, 0, 0], "texture": "#2"},
				"down": {"uv": [2, 0, 0, 0], "texture": "#2"}
			}
		},
		{
			"from": [6.125, 10.125, 3.875],
			"to": [6.875, 10.875, 3.875],
			"rotation": {"angle": 0, "axis": "y", "origin": [7, 18, 8]},
			"faces": {
				"north": {"uv": [6, 0, 8, 2], "texture": "#2"},
				"east": {"uv": [0, 0, 0, 2], "texture": "#2"},
				"south": {"uv": [2, 6, 4, 8], "texture": "#2"},
				"west": {"uv": [0, 0, 0, 2], "texture": "#2"},
				"up": {"uv": [2, 0, 0, 0], "texture": "#2"},
				"down": {"uv": [2, 0, 0, 0], "texture": "#2"}
			}
		},
		{
			"from": [6.0973, 9.125, 3.47227],
			"to": [6.8473, 9.875, 3.47227],
			"rotation": {"angle": 45, "axis": "y", "origin": [6.97227, 9, 4.97227]},
			"faces": {
				"north": {"uv": [6, 2, 8, 4], "texture": "#2"},
				"east": {"uv": [0, 0, 0, 2], "texture": "#2"},
				"south": {"uv": [4, 6, 6, 8], "texture": "#2"},
				"west": {"uv": [0, 0, 0, 2], "texture": "#2"},
				"up": {"uv": [2, 0, 0, 0], "texture": "#2"},
				"down": {"uv": [2, 0, 0, 0], "texture": "#2"}
			}
		},
		{
			"from": [9.275, 9.125, 5.17938],
			"to": [10.025, 9.875, 5.17938],
			"rotation": {"angle": -45, "axis": "y", "origin": [11.14905, 9, 5.67938]},
			"faces": {
				"north": {"uv": [6, 4, 8, 6], "texture": "#2"},
				"east": {"uv": [0, 0, 0, 2], "texture": "#2"},
				"south": {"uv": [6, 6, 8, 8], "texture": "#2"},
				"west": {"uv": [0, 0, 0, 2], "texture": "#2"},
				"up": {"uv": [2, 0, 0, 0], "texture": "#2"},
				"down": {"uv": [2, 0, 0, 0], "texture": "#2"}
			}
		},
		{
			"from": [5.7058, 8.125, 4.94129],
			"to": [6.4558, 8.875, 4.94129],
			"rotation": {"angle": 45, "axis": "y", "origin": [5.50326, 6.5, 6.44129]},
			"faces": {
				"north": {"uv": [0, 8, 2, 10], "texture": "#2"},
				"east": {"uv": [0, 0, 0, 2], "texture": "#2"},
				"south": {"uv": [8, 0, 10, 2], "texture": "#2"},
				"west": {"uv": [0, 0, 0, 2], "texture": "#2"},
				"up": {"uv": [2, 0, 0, 0], "texture": "#2"},
				"down": {"uv": [2, 0, 0, 0], "texture": "#2"}
			}
		},
		{
			"from": [12.21599, 8.125, 4.6731],
			"to": [12.21599, 8.875, 5.4231],
			"rotation": {"angle": 45, "axis": "y", "origin": [11.59099, 9, 6.2981]},
			"faces": {
				"north": {"uv": [0, 0, 0, 2], "texture": "#2"},
				"east": {"uv": [0, 0, 2, 2], "texture": "#2"},
				"south": {"uv": [0, 0, 0, 2], "texture": "#2"},
				"west": {"uv": [0, 2, 2, 4], "texture": "#2"},
				"up": {"uv": [0, 2, 0, 0], "texture": "#2"},
				"down": {"uv": [0, 0, 0, 2], "texture": "#2"}
			}
		},
		{
			"from": [9.125, 8.125, 3.875],
			"to": [9.875, 8.875, 3.875],
			"rotation": {"angle": 0, "axis": "y", "origin": [9.5, 11.5, 4.97227]},
			"faces": {
				"north": {"uv": [1, 0, 2, 1], "texture": "#4"},
				"east": {"uv": [0, 0, 0, 1], "texture": "#4"},
				"south": {"uv": [1, 1, 2, 2], "texture": "#4"},
				"west": {"uv": [0, 0, 0, 1], "texture": "#4"},
				"up": {"uv": [1, 0, 0, 0], "texture": "#4"},
				"down": {"uv": [1, 0, 0, 0], "texture": "#4"}
			}
		},
		{
			"from": [6.125, 8.125, 3.875],
			"to": [6.875, 8.875, 3.875],
			"rotation": {"angle": 0, "axis": "y", "origin": [6.5, 11.5, 4.97227]},
			"faces": {
				"north": {"uv": [0, 0, 1, 1], "texture": "#4"},
				"east": {"uv": [0, 0, 0, 1], "texture": "#4"},
				"south": {"uv": [0, 1, 1, 2], "texture": "#4"},
				"west": {"uv": [0, 0, 0, 1], "texture": "#4"},
				"up": {"uv": [1, 0, 0, 0], "texture": "#4"},
				"down": {"uv": [1, 0, 0, 0], "texture": "#4"}
			}
		},
		{
			"name": "pridegem",
			"from": [7.25, 8.75, 3.875],
			"to": [8.75, 10.25, 3.875],
			"rotation": {"angle": 0, "axis": "y", "origin": [8.5, 17, 8]},
			"faces": {
				"north": {"uv": [0, 0, 6, 6], "texture": "#3"},
				"east": {"uv": [0, 0, 0, 6], "texture": "#3"},
				"south": {"uv": [0, 8, 6, 14], "texture": "#3"},
				"west": {"uv": [0, 0, 0, 6], "texture": "#3"},
				"up": {"uv": [6, 0, 0, 0], "texture": "#3"},
				"down": {"uv": [6, 0, 0, 0], "texture": "#3"}
			}
		},
		{
			"from": [7.5, 12, 4],
			"to": [8.5, 13, 4],
			"rotation": {"angle": 0, "axis": "y", "origin": [8.5, 20, 8]},
			"faces": {
				"north": {"uv": [5, 4, 5.5, 4.5], "texture": "#1"},
				"east": {"uv": [0, 0, 0, 0.5], "texture": "#1"},
				"south": {"uv": [5, 4.5, 5.5, 5], "texture": "#1"},
				"west": {"uv": [0, 0, 0, 0.5], "texture": "#1"},
				"up": {"uv": [0.5, 0, 0, 0], "texture": "#1"},
				"down": {"uv": [0.5, 0, 0, 0], "texture": "#1"}
			}
		}
	],
	"display": {
		"thirdperson_righthand": {
			"rotation": [-15, 180, 0],
			"translation": [0, -0.75, -1.25],
			"scale": [0.75, 0.75, 0.75]
		},
		"thirdperson_lefthand": {
			"rotation": [-15, 180, 0],
			"translation": [0, -0.75, -1.25],
			"scale": [0.75, 0.75, 0.75]
		},
		"firstperson_righthand": {
			"rotation": [-10, 180, 0],
			"translation": [-1.75, 1.25, 0]
		},
		"firstperson_lefthand": {
			"rotation": [-10, 180, 0],
			"translation": [-1.75, 1.25, 0]
		},
		"ground": {
			"rotation": [25, 0, 0],
			"translation": [0, 1.5, 0]
		},
		"gui": {
			"rotation": [0, 180, 0]
		},
		"head": {
			"translation": [0, 6.75, 0.75],
			"scale": [1.8, 1.8, 1.8]
		},
		"fixed": {
			"translation": [0, -3.75, 3.75],
			"scale": [1.85, 1.85, 1.85]
		}
	},
	"groups": [
		0,
		1,
		2,
		3,
		4,
		5,
		6,
		{
			"name": "group",
			"origin": [11.59099, 9, 6.2981],
			"color": 0,
			"children": [7, 8, 9, 10, 11, 12, 13, 14, 15, 16, 17, 18]
		},
		19
	]
}