{
	"credit": "Made with Blockbench",
	"parent": "carved_pumpkin",
	"texture_size": [32, 32],
	"textures": {
		"0": "block/shades",
		"particle": "block/shades"
	},
	"elements": [
		{
			"from": [0, 3, 0],
			"to": [8, 7, 1],
			"faces": {
				"north": {"uv": [0, 0, 4, 2], "texture": "#0"},
				"east": {"uv": [6, 8, 6.5, 10], "texture": "#0"},
				"south": {"uv": [0, 2, 4, 4], "texture": "#0"},
				"west": {"uv": [6.5, 8, 7, 10], "texture": "#0"},
				"up": {"uv": [6, 6.5, 2, 6], "texture": "#0"},
				"down": {"uv": [10, 6, 6, 6.5], "texture": "#0"}
			}
		},
		{
			"from": [1, 2, 0],
			"to": [7, 3, 1],
			"faces": {
				"north": {"uv": [8, 0, 11.5, 0.5], "texture": "#0"},
				"east": {"uv": [8, 9.5, 8.5, 10], "texture": "#0"},
				"south": {"uv": [8, 0.5, 11.5, 1], "texture": "#0"},
				"west": {"uv": [9.5, 8, 10, 8.5], "texture": "#0"},
				"up": {"uv": [11.5, 1.5, 8, 1], "texture": "#0"},
				"down": {"uv": [11.5, 1.5, 8, 2], "texture": "#0"}
			}
		},
		{
			"from": [0, 5, 1],
			"to": [1, 7, 13],
			"faces": {
				"north": {"uv": [2, 9.5, 2.5, 10.5], "texture": "#0"},
				"east": {"uv": [4, 2, 10, 3], "texture": "#0"},
				"south": {"uv": [2.5, 9.5, 3, 10.5], "texture": "#0"},
				"west": {"uv": [4, 3, 10, 4], "texture": "#0"},
				"up": {"uv": [0.5, 12, 0, 6], "texture": "#0"},
				"down": {"uv": [1, 6, 0.5, 12], "texture": "#0"}
			}
		},
		{
			"from": [0, 4, 13],
			"to": [1, 7, 15],
			"faces": {
				"north": {"uv": [9, 7, 9.5, 8.5], "texture": "#0"},
				"east": {"uv": [4, 8, 5, 9.5], "texture": "#0"},
				"south": {"uv": [9, 8.5, 9.5, 10], "texture": "#0"},
				"west": {"uv": [5, 8, 6, 9.5], "texture": "#0"},
				"up": {"uv": [4.5, 10.5, 4, 9.5], "texture": "#0"},
				"down": {"uv": [5, 9.5, 4.5, 10.5], "texture": "#0"}
			}
		},
		{
			"from": [15, 4, 13],
			"to": [16, 7, 15],
			"rotation": {"angle": 0, "axis": "y", "origin": [16, 0, 0]},
			"faces": {
				"north": {"uv": [8, 8, 8.5, 9.5], "texture": "#0"},
				"east": {"uv": [2, 8, 3, 9.5], "texture": "#0"},
				"south": {"uv": [8.5, 8, 9, 9.5], "texture": "#0"},
				"west": {"uv": [3, 8, 4, 9.5], "texture": "#0"},
				"up": {"uv": [3.5, 10.5, 3, 9.5], "texture": "#0"},
				"down": {"uv": [4, 9.5, 3.5, 10.5], "texture": "#0"}
			}
		},
		{
			"from": [15, 5, 1],
			"to": [16, 7, 13],
			"rotation": {"angle": 0, "axis": "y", "origin": [16, 0, 0]},
			"faces": {
				"north": {"uv": [5, 9.5, 5.5, 10.5], "texture": "#0"},
				"east": {"uv": [4, 4, 10, 5], "texture": "#0"},
				"south": {"uv": [5.5, 9.5, 6, 10.5], "texture": "#0"},
				"west": {"uv": [4, 5, 10, 6], "texture": "#0"},
				"up": {"uv": [1.5, 12, 1, 6], "texture": "#0"},
				"down": {"uv": [2, 6, 1.5, 12], "texture": "#0"}
			}
		},
		{
			"from": [9, 2, 0],
			"to": [15, 3, 1],
			"rotation": {"angle": 0, "axis": "y", "origin": [16, 0, 0]},
			"faces": {
				"north": {"uv": [2, 7, 5.5, 7.5], "texture": "#0"},
				"east": {"uv": [9.5, 7, 10, 7.5], "texture": "#0"},
				"south": {"uv": [5.5, 7, 9, 7.5], "texture": "#0"},
				"west": {"uv": [9.5, 7.5, 10, 8], "texture": "#0"},
				"up": {"uv": [5.5, 8, 2, 7.5], "texture": "#0"},
				"down": {"uv": [9, 7.5, 5.5, 8], "texture": "#0"}
			}
		},
		{
			"from": [8, 3, 0],
			"to": [16, 7, 1],
			"rotation": {"angle": 0, "axis": "y", "origin": [16, 0, 0]},
			"faces": {
				"north": {"uv": [0, 4, 4, 6], "texture": "#0"},
				"east": {"uv": [7, 8, 7.5, 10], "texture": "#0"},
				"south": {"uv": [4, 0, 8, 2], "texture": "#0"},
				"west": {"uv": [7.5, 8, 8, 10], "texture": "#0"},
				"up": {"uv": [6, 7, 2, 6.5], "texture": "#0"},
				"down": {"uv": [10, 6.5, 6, 7], "texture": "#0"}
			}
		}
	],
	"display": {
		"thirdperson_righthand": {
			"rotation": [27, 42, 0],
			"translation": [2.5, 0, -0.75],
			"scale": [0.5, 0.5, 0.5]
		},
		"thirdperson_lefthand": {
			"rotation": [19, 28, 0],
			"translation": [2, -0.25, 0],
			"scale": [0.5, 0.5, 0.5]
		},
		"firstperson_righthand": {
			"rotation": [16, 145, 0],
			"translation": [0, 6, 0],
			"scale": [0.5, 0.5, 0.5]
		},
		"firstperson_lefthand": {
			"rotation": [16, 145, 0],
			"translation": [0, 6, 0],
			"scale": [0.5, 0.5, 0.5]
		},
		"ground": {
			"translation": [0, 3.75, 0],
			"scale": [0.5, 0.5, 0.5]
		},
		"gui": {
			"rotation": [20, 152, 0],
			"translation": [0, 1.25, 0],
			"scale": [0.7, 0.7, 0.7]
		},
		"head": {
			"translation": [0, 2.25, 0],
			"scale": [0.9, 0.9, 0.9]
		},
		"fixed": {
			"translation": [0, 3, 5]
		}
	}
}