{
	"credit": "Made with Blockbench",
	"texture_size": [64, 64],
	"textures": {
		"0": "block/sovitet_crab"
	},
	"elements": [
		{
			"from": [13.25, -5.75, 4],
			"to": [14.25, -1.75, 5],
			"rotation": {"angle": 22.5, "axis": "z", "origin": [0, 0, 0]},
			"faces": {
				"north": {"uv": [5.25, 8.75, 5.5, 9.75], "texture": "#0"},
				"east": {"uv": [5.5, 8.75, 5.75, 9.75], "texture": "#0"},
				"south": {"uv": [1.25, 9.25, 1.5, 10.25], "texture": "#0"},
				"west": {"uv": [5.75, 9.25, 6, 10.25], "texture": "#0"},
				"up": {"uv": [6.5, 5, 6.25, 4.75], "texture": "#0"},
				"down": {"uv": [6.25, 6.5, 6, 6.75], "texture": "#0"}
			}
		},
		{
			"from": [13.25, -5.75, 6],
			"to": [14.25, -1.75, 7],
			"rotation": {"angle": 22.5, "axis": "z", "origin": [0, 0, 0]},
			"faces": {
				"north": {"uv": [6, 9.25, 6.25, 10.25], "texture": "#0"},
				"east": {"uv": [6.25, 9.25, 6.5, 10.25], "texture": "#0"},
				"south": {"uv": [6.5, 9.25, 6.75, 10.25], "texture": "#0"},
				"west": {"uv": [6.75, 9.25, 7, 10.25], "texture": "#0"},
				"up": {"uv": [6.5, 6.75, 6.25, 6.5], "texture": "#0"},
				"down": {"uv": [7, 3.25, 6.75, 3.5], "texture": "#0"}
			}
		},
		{
			"from": [13.25, -5.75, 8],
			"to": [14.25, -1.75, 9],
			"rotation": {"angle": 22.5, "axis": "z", "origin": [0, 0, 0]},
			"faces": {
				"north": {"uv": [7, 9.25, 7.25, 10.25], "texture": "#0"},
				"east": {"uv": [7.25, 9.25, 7.5, 10.25], "texture": "#0"},
				"south": {"uv": [7.5, 9.25, 7.75, 10.25], "texture": "#0"},
				"west": {"uv": [7.75, 9.25, 8, 10.25], "texture": "#0"},
				"up": {"uv": [7.25, 3.5, 7, 3.25], "texture": "#0"},
				"down": {"uv": [2.5, 8.5, 2.25, 8.75], "texture": "#0"}
			}
		},
		{
			"from": [1.25, 0.75, 6],
			"to": [2.25, 4.75, 7],
			"rotation": {"angle": -22.5, "axis": "z", "origin": [0, 0, 0]},
			"faces": {
				"north": {"uv": [8, 9.25, 8.25, 10.25], "texture": "#0"},
				"east": {"uv": [8.25, 9.25, 8.5, 10.25], "texture": "#0"},
				"south": {"uv": [8.5, 9.25, 8.75, 10.25], "texture": "#0"},
				"west": {"uv": [0, 9.5, 0.25, 10.5], "texture": "#0"},
				"up": {"uv": [10, 0.75, 9.75, 0.5], "texture": "#0"},
				"down": {"uv": [10, 4, 9.75, 4.25], "texture": "#0"}
			}
		},
		{
			"from": [1.25, 0.75, 4],
			"to": [2.25, 4.75, 5],
			"rotation": {"angle": -22.5, "axis": "z", "origin": [0, 0, 0]},
			"faces": {
				"north": {"uv": [0.25, 9.5, 0.5, 10.5], "texture": "#0"},
				"east": {"uv": [0.5, 9.5, 0.75, 10.5], "texture": "#0"},
				"south": {"uv": [0.75, 9.5, 1, 10.5], "texture": "#0"},
				"west": {"uv": [1, 9.5, 1.25, 10.5], "texture": "#0"},
				"up": {"uv": [10, 8, 9.75, 7.75], "texture": "#0"},
				"down": {"uv": [10, 8, 9.75, 8.25], "texture": "#0"}
			}
		},
		{
			"from": [1.25, 0.75, 8],
			"to": [2.25, 4.75, 9],
			"rotation": {"angle": -22.5, "axis": "z", "origin": [0, 0, 0]},
			"faces": {
				"north": {"uv": [1.5, 9.5, 1.75, 10.5], "texture": "#0"},
				"east": {"uv": [1.75, 9.5, 2, 10.5], "texture": "#0"},
				"south": {"uv": [2, 9.5, 2.25, 10.5], "texture": "#0"},
				"west": {"uv": [2.25, 9.5, 2.5, 10.5], "texture": "#0"},
				"up": {"uv": [10, 8.5, 9.75, 8.25], "texture": "#0"},
				"down": {"uv": [10, 8.5, 9.75, 8.75], "texture": "#0"}
			}
		},
		{
			"from": [4, 2, 4],
			"to": [13, 6, 10],
			"faces": {
				"north": {"uv": [6.5, 4.75, 8.75, 5.75], "texture": "#0"},
				"east": {"uv": [7.5, 0, 9, 1], "texture": "#0"},
				"south": {"uv": [6.5, 5.75, 8.75, 6.75], "texture": "#0"},
				"west": {"uv": [7.25, 7.5, 8.75, 8.5], "texture": "#0"},
				"up": {"uv": [7.25, 3.25, 5, 1.75], "texture": "#0"},
				"down": {"uv": [4.75, 5, 2.5, 6.5], "texture": "#0"}
			}
		},
		{
			"from": [-6.5, 5, 3],
			"to": [-0.5, 8, 6],
			"rotation": {"angle": -45, "axis": "z", "origin": [0, 0, 0]},
			"faces": {
				"north": {"uv": [4.25, 8, 5.75, 8.75], "texture": "#0"},
				"east": {"uv": [8.75, 4.25, 9.5, 5], "texture": "#0"},
				"south": {"uv": [0, 8.5, 1.5, 9.25], "texture": "#0"},
				"west": {"uv": [4.5, 8.75, 5.25, 9.5], "texture": "#0"},
				"up": {"uv": [10, 2.5, 8.5, 1.75], "texture": "#0"},
				"down": {"uv": [10, 2.5, 8.5, 3.25], "texture": "#0"}
			}
		},
		{
			"from": [9, 5.25, 3],
			"to": [10, 7.25, 4],
			"faces": {
				"north": {"uv": [5.75, 8, 6, 8.5], "texture": "#0"},
				"east": {"uv": [8.5, 4.25, 8.75, 4.75], "texture": "#0"},
				"south": {"uv": [9.5, 6, 9.75, 6.5], "texture": "#0"},
				"west": {"uv": [9.75, 0, 10, 0.5], "texture": "#0"},
				"up": {"uv": [9, 10, 8.75, 9.75], "texture": "#0"},
				"down": {"uv": [10, 8.75, 9.75, 9], "texture": "#0"}
			}
		},
		{
			"from": [7, 5.25, 3],
			"to": [8, 7.25, 4],
			"faces": {
				"north": {"uv": [9.75, 3.5, 10, 4], "texture": "#0"},
				"east": {"uv": [9.75, 6, 10, 6.5], "texture": "#0"},
				"south": {"uv": [9.75, 6.75, 10, 7.25], "texture": "#0"},
				"west": {"uv": [9.75, 7.25, 10, 7.75], "texture": "#0"},
				"up": {"uv": [9.25, 10, 9, 9.75], "texture": "#0"},
				"down": {"uv": [10, 9, 9.75, 9.25], "texture": "#0"}
			}
		},
		{
			"from": [17, 4.5, 3],
			"to": [23, 7.5, 6],
			"rotation": {"angle": 45, "axis": "z", "origin": [16, 0, 0]},
			"faces": {
				"north": {"uv": [5.75, 8.5, 7.25, 9.25], "texture": "#0"},
				"east": {"uv": [8.75, 5, 9.5, 5.75], "texture": "#0"},
				"south": {"uv": [7.25, 8.5, 8.75, 9.25], "texture": "#0"},
				"west": {"uv": [8.75, 5.75, 9.5, 6.5], "texture": "#0"},
				"up": {"uv": [3, 9.5, 1.5, 8.75], "texture": "#0"},
				"down": {"uv": [4.5, 8.75, 3, 9.5], "texture": "#0"}
			}
		},
		{
			"from": [13.5, 8, 3],
			"to": [14.5, 11, 6],
			"rotation": {"angle": -22.5, "axis": "z", "origin": [16, 0, 0]},
			"faces": {
				"north": {"uv": [9.25, 3.5, 9.5, 4.25], "texture": "#0"},
				"east": {"uv": [8.75, 7.5, 9.5, 8.25], "texture": "#0"},
				"south": {"uv": [3.5, 9.5, 3.75, 10.25], "texture": "#0"},
				"west": {"uv": [8.75, 8.25, 9.5, 9], "texture": "#0"},
				"up": {"uv": [9.75, 4.25, 9.5, 3.5], "texture": "#0"},
				"down": {"uv": [4, 9.5, 3.75, 10.25], "texture": "#0"}
			}
		},
		{
			"from": [8.5, 7, 3],
			"to": [9.5, 8, 6],
			"rotation": {"angle": -45, "axis": "z", "origin": [16, 0, 0]},
			"faces": {
				"north": {"uv": [9.5, 9.75, 9.75, 10], "texture": "#0"},
				"east": {"uv": [9.25, 1.5, 10, 1.75], "texture": "#0"},
				"south": {"uv": [9.75, 9.5, 10, 9.75], "texture": "#0"},
				"west": {"uv": [9.5, 4.25, 10.25, 4.5], "texture": "#0"},
				"up": {"uv": [4.75, 10.25, 4.5, 9.5], "texture": "#0"},
				"down": {"uv": [9.75, 4.5, 9.5, 5.25], "texture": "#0"}
			}
		},
		{
			"from": [7.5, 6.75, 3],
			"to": [8.5, 7.75, 6],
			"rotation": {"angle": 45, "axis": "z", "origin": [1, -0.25, 0]},
			"faces": {
				"north": {"uv": [9.25, 9.75, 9.5, 10], "texture": "#0"},
				"east": {"uv": [1.5, 8.5, 2.25, 8.75], "texture": "#0"},
				"south": {"uv": [9.75, 9.25, 10, 9.5], "texture": "#0"},
				"west": {"uv": [9.25, 1.25, 10, 1.5], "texture": "#0"},
				"up": {"uv": [4.25, 10.25, 4, 9.5], "texture": "#0"},
				"down": {"uv": [4.5, 9.5, 4.25, 10.25], "texture": "#0"}
			}
		},
		{
			"from": [2.5, 7.75, 3],
			"to": [3.5, 10.75, 6],
			"rotation": {"angle": 22.5, "axis": "z", "origin": [1, -0.25, 0]},
			"faces": {
				"north": {"uv": [4.75, 9.5, 5, 10.25], "texture": "#0"},
				"east": {"uv": [9, 0, 9.75, 0.75], "texture": "#0"},
				"south": {"uv": [5, 9.5, 5.25, 10.25], "texture": "#0"},
				"west": {"uv": [8.75, 9, 9.5, 9.75], "texture": "#0"},
				"up": {"uv": [9.75, 6, 9.5, 5.25], "texture": "#0"},
				"down": {"uv": [9.75, 7.5, 9.5, 8.25], "texture": "#0"}
			}
		},
		{
			"from": [-1.5, 8.5, 4],
			"to": [8.5, 18.5, 4],
			"rotation": {"angle": 22.5, "axis": "z", "origin": [0, 0, 0]},
			"faces": {
				"north": {"uv": [0, 0, 2.5, 2.5], "texture": "#0"},
				"east": {"uv": [0, 0, 0, 2.5], "texture": "#0"},
				"south": {"uv": [0, 2.5, 2.5, 5], "texture": "#0"},
				"west": {"uv": [0, 0, 0, 2.5], "texture": "#0"},
				"up": {"uv": [2.5, 0, 0, 0], "texture": "#0"},
				"down": {"uv": [2.5, 0, 0, 0], "texture": "#0"}
			}
		},
		{
			"from": [7.5, 8.5, 4],
			"to": [17.5, 18.5, 4],
			"rotation": {"angle": -22.5, "axis": "z", "origin": [16, 0, 0]},
			"faces": {
				"north": {"uv": [2.5, 0, 5, 2.5], "texture": "#0"},
				"east": {"uv": [0, 0, 0, 2.5], "texture": "#0"},
				"south": {"uv": [2.5, 2.5, 5, 5], "texture": "#0"},
				"west": {"uv": [0, 0, 0, 2.5], "texture": "#0"},
				"up": {"uv": [2.5, 0, 0, 0], "texture": "#0"},
				"down": {"uv": [2.5, 0, 0, 0], "texture": "#0"}
			}
		},
		{
			"from": [3.75, 6, 3.5],
			"to": [13.25, 9, 10.25],
			"faces": {
				"north": {"uv": [6.75, 3.5, 9.125, 4.25], "texture": "#0"},
				"east": {"uv": [7.5, 1, 9.25, 1.75], "texture": "#0"},
				"south": {"uv": [7.25, 6.75, 9.625, 7.5], "texture": "#0"},
				"west": {"uv": [2.5, 8, 4.25, 8.75], "texture": "#0"},
				"up": {"uv": [2.375, 6.75, 0, 5], "texture": "#0"},
				"down": {"uv": [7.375, 0, 5, 1.75], "texture": "#0"}
			}
		},
		{
			"from": [8.75, 9, 3.5],
			"to": [13.25, 10, 10.25],
			"faces": {
				"north": {"uv": [5, 4.75, 6.125, 5], "texture": "#0"},
				"east": {"uv": [6.75, 4.25, 8.5, 4.5], "texture": "#0"},
				"south": {"uv": [9, 0.75, 10.125, 1], "texture": "#0"},
				"west": {"uv": [6.75, 4.5, 8.5, 4.75], "texture": "#0"},
				"up": {"uv": [1.125, 8.5, 0, 6.75], "texture": "#0"},
				"down": {"uv": [2.375, 6.75, 1.25, 8.5], "texture": "#0"}
			}
		},
		{
			"from": [3.75, 9, 3.5],
			"to": [8.25, 10, 10.25],
			"faces": {
				"north": {"uv": [0, 9.25, 1.125, 9.5], "texture": "#0"},
				"east": {"uv": [8.5, 3.25, 10.25, 3.5], "texture": "#0"},
				"south": {"uv": [9.25, 1, 10.375, 1.25], "texture": "#0"},
				"west": {"uv": [8.75, 6.5, 10.5, 6.75], "texture": "#0"},
				"up": {"uv": [7.125, 8.5, 6, 6.75], "texture": "#0"},
				"down": {"uv": [8.375, 1.75, 7.25, 3.5], "texture": "#0"}
			}
		},
		{
			"from": [3.25, 5, 3.5],
			"to": [3.75, 9.25, 10.25],
			"faces": {
				"north": {"uv": [5.25, 9.75, 5.375, 11.125], "texture": "#0"},
				"east": {"uv": [2.5, 6.5, 4.25, 7.875], "texture": "#0"},
				"south": {"uv": [5.5, 9.75, 5.625, 11.125], "texture": "#0"},
				"west": {"uv": [4.25, 6.5, 6, 7.875], "texture": "#0"},
				"up": {"uv": [3.125, 11.25, 3, 9.5], "texture": "#0"},
				"down": {"uv": [3.375, 9.5, 3.25, 11.25], "texture": "#0"}
			}
		},
		{
			"from": [13.25, 5, 3.5],
			"to": [13.75, 9.25, 10.25],
			"rotation": {"angle": 0, "axis": "y", "origin": [16, 0, 0]},
			"faces": {
				"north": {"uv": [9.5, 8.25, 9.625, 9.625], "texture": "#0"},
				"east": {"uv": [5, 3.25, 6.75, 4.625], "texture": "#0"},
				"south": {"uv": [9.75, 4.5, 9.875, 5.875], "texture": "#0"},
				"west": {"uv": [4.75, 5, 6.5, 6.375], "texture": "#0"},
				"up": {"uv": [2.625, 11.25, 2.5, 9.5], "texture": "#0"},
				"down": {"uv": [2.875, 9.5, 2.75, 11.25], "texture": "#0"}
			}
		}
	],
	"display": {
		"thirdperson_righthand": {
			"rotation": [7, 4, -5],
			"translation": [0.5, 2.5, 1.75],
			"scale": [0.5, 0.5, 0.5]
		},
		"thirdperson_lefthand": {
			"scale": [0.5, 0.5, 0.5]
		},
		"firstperson_righthand": {
			"scale": [0.5, 0.5, 0.5]
		},
		"firstperson_lefthand": {
			"scale": [0.5, 0.5, 0.5]
		},
		"ground": {
			"scale": [0.6, 0.6, 0.6]
		},
		"gui": {
			"rotation": [4, 153, 0],
			"translation": [1.25, -0.75, 0],
			"scale": [0.72, 0.77, 0.96]
		},
		"head": {
			"rotation": [17, 0, -3],
			"translation": [0, 13, 0.75],
			"scale": [1.02, 1, 1]
		},
		"fixed": {
			"rotation": [-87, 0, 0],
			"translation": [-0.5, 1.75, -10.75],
			"scale": [1.51, 1.49, 1.51]
		}
	}
}