{
	"credit": "Made with Blockbench",
	"parent": "carved_pumpkin",
	"textures": {
		"0": "block/transcrowndetails",
		"1": "block/transcrownbase",
		"particle": "block/transcrowndetails"
	},
	"elements": [
		{
			"from": [11.99971, 8, 5.99929],
			"to": [11.99971, 9, 9.99929],
			"rotation": {"angle": 0, "axis": "y", "origin": [7.99971, 4, 7.99929]},
			"faces": {
				"north": {"uv": [0, 0, 0, 1], "texture": "#1"},
				"east": {"uv": [7, 1, 11, 2], "texture": "#1"},
				"south": {"uv": [0, 0, 0, 1], "texture": "#1"},
				"west": {"uv": [7, 2, 11, 3], "texture": "#1"},
				"up": {"uv": [0, 4, 0, 0], "texture": "#1"},
				"down": {"uv": [0, 0, 0, 4], "texture": "#1"}
			}
		},
		{
			"from": [4, 8, 6],
			"to": [4, 9, 10],
			"rotation": {"angle": 0, "axis": "y", "origin": [8, 4, 8]},
			"faces": {
				"north": {"uv": [0, 0, 0, 1], "texture": "#1"},
				"east": {"uv": [3, 7, 7, 8], "texture": "#1"},
				"south": {"uv": [0, 0, 0, 1], "texture": "#1"},
				"west": {"uv": [7, 3, 11, 4], "texture": "#1"},
				"up": {"uv": [0, 4, 0, 0], "texture": "#1"},
				"down": {"uv": [0, 0, 0, 4], "texture": "#1"}
			}
		},
		{
			"from": [5.99959, 8, 11.99941],
			"to": [9.99959, 9, 11.99941],
			"rotation": {"angle": 0, "axis": "y", "origin": [7.99959, 6.5, 5.99941]},
			"faces": {
				"north": {"uv": [3, 6, 7, 7], "texture": "#1"},
				"east": {"uv": [0, 0, 0, 1], "texture": "#1"},
				"south": {"uv": [7, 0, 11, 1], "texture": "#1"},
				"west": {"uv": [0, 0, 0, 1], "texture": "#1"},
				"up": {"uv": [4, 0, 0, 0], "texture": "#1"},
				"down": {"uv": [4, 0, 0, 0], "texture": "#1"}
			}
		},
		{
			"from": [6, 8, 4],
			"to": [10, 11, 4],
			"rotation": {"angle": 0, "axis": "y", "origin": [8, 6.5, 6]},
			"faces": {
				"north": {"uv": [0, 0, 4, 3], "texture": "#1"},
				"east": {"uv": [0, 0, 0, 3], "texture": "#1"},
				"south": {"uv": [0, 3, 4, 6], "texture": "#1"},
				"west": {"uv": [0, 0, 0, 3], "texture": "#1"},
				"up": {"uv": [4, 0, 0, 0], "texture": "#1"},
				"down": {"uv": [4, 0, 0, 0], "texture": "#1"}
			}
		},
		{
			"from": [7.5, 11, 4],
			"to": [8.5, 13, 4],
			"rotation": {"angle": 0, "axis": "y", "origin": [8, 6.5, 6]},
			"faces": {
				"north": {"uv": [0, 8, 1, 10], "texture": "#1"},
				"east": {"uv": [0, 0, 0, 2], "texture": "#1"},
				"south": {"uv": [1, 8, 2, 10], "texture": "#1"},
				"west": {"uv": [0, 0, 0, 2], "texture": "#1"},
				"up": {"uv": [1, 0, 0, 0], "texture": "#1"},
				"down": {"uv": [1, 0, 0, 0], "texture": "#1"}
			}
		},
		{
			"from": [9.125, 9.625, 3.875],
			"to": [9.875, 10.375, 3.875],
			"rotation": {"angle": 0, "axis": "y", "origin": [8, 6.5, 6]},
			"faces": {
				"north": {"uv": [4, 8, 5.5, 9.5], "texture": "#0"},
				"east": {"uv": [0, 0, 0, 1.5], "texture": "#0"},
				"south": {"uv": [8, 4, 9.5, 5.5], "texture": "#0"},
				"west": {"uv": [0, 0, 0, 1.5], "texture": "#0"},
				"up": {"uv": [1.5, 0, 0, 0], "texture": "#0"},
				"down": {"uv": [1.5, 0, 0, 0], "texture": "#0"}
			}
		},
		{
			"from": [10.0048, 9.125, 4.1383],
			"to": [10.7548, 9.875, 4.1383],
			"rotation": {"angle": -45, "axis": "y", "origin": [10.26476, 9.625, 4.26335]},
			"faces": {
				"north": {"uv": [6, 8, 7.5, 9.5], "texture": "#0"},
				"east": {"uv": [0, 0, 0, 1.5], "texture": "#0"},
				"south": {"uv": [8, 6, 9.5, 7.5], "texture": "#0"},
				"west": {"uv": [0, 0, 0, 1.5], "texture": "#0"},
				"up": {"uv": [1.5, 0, 0, 0], "texture": "#0"},
				"down": {"uv": [1.5, 0, 0, 0], "texture": "#0"}
			}
		},
		{
			"from": [6.725, 9, 3.875],
			"to": [9.475, 11.75, 3.875],
			"rotation": {"angle": 0, "axis": "y", "origin": [8, 6.5, 6]},
			"faces": {
				"north": {"uv": [0, 0, 3.5, 3.5], "texture": "#0"},
				"east": {"uv": [0, 0, 0, 3.5], "texture": "#0"},
				"south": {"uv": [0, 4, 3.5, 7.5], "texture": "#0"},
				"west": {"uv": [0, 0, 0, 3.5], "texture": "#0"},
				"up": {"uv": [3.5, 0, 0, 0], "texture": "#0"},
				"down": {"uv": [3.5, 0, 0, 0], "texture": "#0"}
			}
		},
		{
			"from": [6.125, 9.625, 3.875],
			"to": [6.875, 10.375, 3.875],
			"rotation": {"angle": 0, "axis": "y", "origin": [8, 6.5, 6]},
			"faces": {
				"north": {"uv": [0, 8, 1.5, 9.5], "texture": "#0"},
				"east": {"uv": [0, 0, 0, 1.5], "texture": "#0"},
				"south": {"uv": [8, 0, 9.5, 1.5], "texture": "#0"},
				"west": {"uv": [0, 0, 0, 1.5], "texture": "#0"},
				"up": {"uv": [1.5, 0, 0, 0], "texture": "#0"},
				"down": {"uv": [1.5, 0, 0, 0], "texture": "#0"}
			}
		},
		{
			"from": [5.7851, 9.125, 5.4649],
			"to": [6.5351, 9.875, 5.4649],
			"rotation": {"angle": 45, "axis": "y", "origin": [4.41012, 9, 5.58988]},
			"faces": {
				"north": {"uv": [2, 8, 3.5, 9.5], "texture": "#0"},
				"east": {"uv": [0, 0, 0, 1.5], "texture": "#0"},
				"south": {"uv": [8, 2, 9.5, 3.5], "texture": "#0"},
				"west": {"uv": [0, 0, 0, 1.5], "texture": "#0"},
				"up": {"uv": [1.5, 0, 0, 0], "texture": "#0"},
				"down": {"uv": [1.5, 0, 0, 0], "texture": "#0"}
			}
		},
		{
			"from": [6.875, 12.375, 3.875],
			"to": [9.125, 14.625, 3.875],
			"rotation": {"angle": 0, "axis": "y", "origin": [8, 6.5, 6]},
			"faces": {
				"north": {"uv": [4, 0, 7.5, 3.5], "texture": "#0"},
				"east": {"uv": [0, 0, 0, 3.5], "texture": "#0"},
				"south": {"uv": [4, 4, 7.5, 7.5], "texture": "#0"},
				"west": {"uv": [0, 0, 0, 3.5], "texture": "#0"},
				"up": {"uv": [3.5, 0, 0, 0], "texture": "#0"},
				"down": {"uv": [3.5, 0, 0, 0], "texture": "#0"}
			}
		},
		{
			"from": [3.78033, 8, 5.46967],
			"to": [6.61033, 10, 5.46967],
			"rotation": {"angle": 45, "axis": "y", "origin": [4.53033, 9, 5.46967]},
			"faces": {
				"north": {"uv": [4, 0, 6.875, 2], "texture": "#1"},
				"east": {"uv": [0, 0, 0, 2], "texture": "#1"},
				"south": {"uv": [4, 2, 6.875, 4], "texture": "#1"},
				"west": {"uv": [0, 0, 0, 2], "texture": "#1"},
				"up": {"uv": [2.875, 0, 0, 0], "texture": "#1"},
				"down": {"uv": [2.875, 0, 0, 0], "texture": "#1"}
			}
		},
		{
			"from": [4.12236, 8, 13.81251],
			"to": [6.95236, 9, 13.81251],
			"rotation": {"angle": 45, "axis": "y", "origin": [4.87236, 9, 5.81251]},
			"faces": {
				"north": {"uv": [7, 6, 9.875, 7], "texture": "#1"},
				"east": {"uv": [0, 0, 0, 1], "texture": "#1"},
				"south": {"uv": [7, 7, 9.875, 8], "texture": "#1"},
				"west": {"uv": [0, 0, 0, 1], "texture": "#1"},
				"up": {"uv": [2.875, 0, 0, 0], "texture": "#1"},
				"down": {"uv": [2.875, 0, 0, 0], "texture": "#1"}
			}
		},
		{
			"from": [9.58515, 8, 4.99874],
			"to": [12.41515, 10, 4.99874],
			"rotation": {"angle": -45, "axis": "y", "origin": [11.00015, 9, 4.99874]},
			"faces": {
				"north": {"uv": [4, 4, 6.875, 6], "texture": "#1"},
				"east": {"uv": [0, 0, 0, 2], "texture": "#1"},
				"south": {"uv": [0, 6, 2.875, 8], "texture": "#1"},
				"west": {"uv": [0, 0, 0, 2], "texture": "#1"},
				"up": {"uv": [2.875, 0, 0, 0], "texture": "#1"},
				"down": {"uv": [2.875, 0, 0, 0], "texture": "#1"}
			}
		},
		{
			"from": [9.24312, 8, 13.34299],
			"to": [12.07312, 9, 13.34299],
			"rotation": {"angle": -45, "axis": "y", "origin": [10.65812, 9, 5.34299]},
			"faces": {
				"north": {"uv": [7, 4, 9.875, 5], "texture": "#1"},
				"east": {"uv": [0, 0, 0, 1], "texture": "#1"},
				"south": {"uv": [7, 5, 9.875, 6], "texture": "#1"},
				"west": {"uv": [0, 0, 0, 1], "texture": "#1"},
				"up": {"uv": [2.875, 0, 0, 0], "texture": "#1"},
				"down": {"uv": [2.875, 0, 0, 0], "texture": "#1"}
			}
		}
	],
	"display": {
		"thirdperson_righthand": {
			"rotation": [-10, 0, -65],
			"translation": [-0.25, -2.5, -2.75]
		},
		"thirdperson_lefthand": {
			"rotation": [-10, 0, -65],
			"translation": [-0.25, -2.5, -2.75]
		},
		"firstperson_righthand": {
			"rotation": [-45, 0, -45],
			"translation": [-1, 0, 3.5]
		},
		"firstperson_lefthand": {
			"rotation": [-45, 0, -45],
			"translation": [-1, 0, 3.5]
		},
		"ground": {
			"rotation": [-10, 0, 0],
			"translation": [0, -1.75, 0]
		},
		"gui": {
			"rotation": [20, -135, 0],
			"translation": [0, -2.5, 0],
			"scale": [1.6, 1.6, 1.6]
		},
		"head": {
			"translation": [0, 6.38, 0],
			"scale": [1.6, 1.6, 1.6]
		},
		"fixed": {
			"rotation": [-90, 0, 0],
			"scale": [1.6, 1.6, 1.6]
		}
	},
	"groups": [
		0,
		1,
		2,
		3,
		4,
		{
			"name": "group",
			"origin": [8, 6.5, 6],
			"color": 0,
			"children": [5, 6, 7, 8, 9, 10]
		},
		11,
		12,
		13,
		14
	]
}