{
	"credit": "Made with Blockbench",
	"parent": "carved_pumpkin",
	"texture_size": [128, 128],
	"textures": {
		"0": "block/tv",
		"particle": "block/tv"
	},
	"elements": [
		{
			"from": [0, 0, -2],
			"to": [16, 2, 18],
			"faces": {
				"north": {"uv": [10.5, 4.25, 12.5, 4.5], "texture": "#0"},
				"east": {"uv": [10, 6.625, 12.5, 6.875], "texture": "#0"},
				"south": {"uv": [10.5, 4.5, 12.5, 4.75], "texture": "#0"},
				"west": {"uv": [10, 6.875, 12.5, 7.125], "texture": "#0"},
				"up": {"uv": [2, 7.5, 0, 5], "texture": "#0"},
				"down": {"uv": [4, 5, 2, 7.5], "texture": "#0"}
			}
		},
		{
			"from": [0, 23, 1],
			"to": [16, 25, 15],
			"faces": {
				"north": {"uv": [10.5, 4.75, 12.5, 5], "texture": "#0"},
				"east": {"uv": [10.5, 5.25, 12.25, 5.5], "texture": "#0"},
				"south": {"uv": [10.5, 5, 12.5, 5.25], "texture": "#0"},
				"west": {"uv": [10.5, 5.5, 12.25, 5.75], "texture": "#0"},
				"up": {"uv": [10, 1.75, 8, 0], "texture": "#0"},
				"down": {"uv": [10, 6.5, 8, 8.25], "texture": "#0"}
			}
		},
		{
			"from": [-1.75, 2, -1.75],
			"to": [17.75, 22, 16],
			"faces": {
				"north": {"uv": [3.5, 0, 6, 2.5], "texture": "#0"},
				"east": {"uv": [4, 5, 6, 7.5], "texture": "#0"},
				"south": {"uv": [3.5, 2.5, 6, 5], "texture": "#0"},
				"west": {"uv": [6, 0, 8, 2.5], "texture": "#0"},
				"up": {"uv": [8.5, 4.5, 6, 2.5], "texture": "#0"},
				"down": {"uv": [8.5, 4.5, 6, 6.5], "texture": "#0"}
			}
		},
		{
			"from": [-4, 4.25, -1.75],
			"to": [-1.75, 22, 16],
			"faces": {
				"north": {"uv": [9.375, 10.5, 9.625, 12.75], "texture": "#0"},
				"east": {"uv": [6, 6.5, 8, 8.75], "texture": "#0"},
				"south": {"uv": [9.625, 10.5, 9.875, 12.75], "texture": "#0"},
				"west": {"uv": [0, 7.5, 2, 9.75], "texture": "#0"},
				"up": {"uv": [10.875, 11.5, 10.625, 9.5], "texture": "#0"},
				"down": {"uv": [11.125, 9.5, 10.875, 11.5], "texture": "#0"}
			}
		},
		{
			"from": [-5.75, 9.25, -1.75],
			"to": [-4, 16, 16],
			"faces": {
				"north": {"uv": [11.875, 3.125, 12.125, 4], "texture": "#0"},
				"east": {"uv": [6, 8.75, 8, 9.625], "texture": "#0"},
				"south": {"uv": [11.875, 10.75, 12.125, 11.625], "texture": "#0"},
				"west": {"uv": [8, 9, 10, 9.875], "texture": "#0"},
				"up": {"uv": [10.875, 13.5, 10.625, 11.5], "texture": "#0"},
				"down": {"uv": [11.125, 11.5, 10.875, 13.5], "texture": "#0"}
			}
		},
		{
			"from": [-6, 21, -2],
			"to": [22, 23, 18],
			"faces": {
				"north": {"uv": [10, 1.5, 13.5, 1.75], "texture": "#0"},
				"east": {"uv": [10.5, 2.25, 13, 2.5], "texture": "#0"},
				"south": {"uv": [10, 6.375, 13.5, 6.625], "texture": "#0"},
				"west": {"uv": [10.5, 4, 13, 4.25], "texture": "#0"},
				"up": {"uv": [3.5, 2.5, 0, 0], "texture": "#0"},
				"down": {"uv": [3.5, 2.5, 0, 5], "texture": "#0"}
			}
		},
		{
			"from": [13, 2, -2],
			"to": [18, 4, 18],
			"faces": {
				"north": {"uv": [11, 3.75, 11.625, 4], "texture": "#0"},
				"east": {"uv": [10, 7.125, 12.5, 7.375], "texture": "#0"},
				"south": {"uv": [11.875, 6.125, 12.5, 6.375], "texture": "#0"},
				"west": {"uv": [10, 7.375, 12.5, 7.625], "texture": "#0"},
				"up": {"uv": [6.625, 12.125, 6, 9.625], "texture": "#0"},
				"down": {"uv": [7.25, 9.625, 6.625, 12.125], "texture": "#0"}
			}
		},
		{
			"from": [13, 27, 6],
			"to": [15, 32, 10],
			"faces": {
				"north": {"uv": [12.125, 3.25, 12.375, 3.875], "texture": "#0"},
				"east": {"uv": [11, 2.5, 11.5, 3.125], "texture": "#0"},
				"south": {"uv": [6, 12.125, 6.25, 12.75], "texture": "#0"},
				"west": {"uv": [11, 3.125, 11.5, 3.75], "texture": "#0"},
				"up": {"uv": [7, 12.625, 6.75, 12.125], "texture": "#0"},
				"down": {"uv": [7.25, 12.125, 7, 12.625], "texture": "#0"}
			}
		},
		{
			"from": [21.5, 10, -2],
			"to": [23.5, 16, 18],
			"faces": {
				"north": {"uv": [10.375, 12, 10.625, 12.75], "texture": "#0"},
				"east": {"uv": [8.5, 2.5, 11, 3.25], "texture": "#0"},
				"south": {"uv": [12.125, 2.5, 12.375, 3.25], "texture": "#0"},
				"west": {"uv": [8.5, 3.25, 11, 4], "texture": "#0"},
				"up": {"uv": [8.125, 13, 7.875, 10.5], "texture": "#0"},
				"down": {"uv": [8.375, 10.5, 8.125, 13], "texture": "#0"}
			}
		},
		{
			"from": [20, 8, -2],
			"to": [23, 10, 18],
			"faces": {
				"north": {"uv": [10, 9.5, 10.375, 9.75], "texture": "#0"},
				"east": {"uv": [10, 9, 12.5, 9.25], "texture": "#0"},
				"south": {"uv": [2.375, 12.25, 2.75, 12.5], "texture": "#0"},
				"west": {"uv": [10, 9.25, 12.5, 9.5], "texture": "#0"},
				"up": {"uv": [3.5, 12.875, 3.125, 10.375], "texture": "#0"},
				"down": {"uv": [3.875, 10.375, 3.5, 12.875], "texture": "#0"}
			}
		},
		{
			"from": [20, 16, -2],
			"to": [23, 21, 18],
			"faces": {
				"north": {"uv": [11.625, 9.5, 12, 10.125], "texture": "#0"},
				"east": {"uv": [3.125, 9.75, 5.625, 10.375], "texture": "#0"},
				"south": {"uv": [11.625, 10.125, 12, 10.75], "texture": "#0"},
				"west": {"uv": [7.875, 9.875, 10.375, 10.5], "texture": "#0"},
				"up": {"uv": [4.25, 12.875, 3.875, 10.375], "texture": "#0"},
				"down": {"uv": [4.625, 10.375, 4.25, 12.875], "texture": "#0"}
			}
		},
		{
			"from": [16, 3.75, -2],
			"to": [20.25, 5, 18],
			"faces": {
				"north": {"uv": [9.5, 6.375, 10, 6.5], "texture": "#0"},
				"east": {"uv": [10.5, 8.375, 13, 8.5], "texture": "#0"},
				"south": {"uv": [12, 8.875, 12.5, 9], "texture": "#0"},
				"west": {"uv": [10.5, 8.5, 13, 8.625], "texture": "#0"},
				"up": {"uv": [1.5, 12.875, 1, 10.375], "texture": "#0"},
				"down": {"uv": [2, 10.375, 1.5, 12.875], "texture": "#0"}
			}
		},
		{
			"from": [-4.25, 3.75, -2],
			"to": [0, 5, 18],
			"rotation": {"angle": 0, "axis": "y", "origin": [16, 0, 0]},
			"faces": {
				"north": {"uv": [8.5, 6.375, 9, 6.5], "texture": "#0"},
				"east": {"uv": [10, 8.125, 12.5, 8.25], "texture": "#0"},
				"south": {"uv": [9, 6.375, 9.5, 6.5], "texture": "#0"},
				"west": {"uv": [10.5, 8.25, 13, 8.375], "texture": "#0"},
				"up": {"uv": [0.5, 12.875, 0, 10.375], "texture": "#0"},
				"down": {"uv": [1, 10.375, 0.5, 12.875], "texture": "#0"}
			}
		},
		{
			"from": [-7, 16, -2],
			"to": [-4, 21, 18],
			"rotation": {"angle": 0, "axis": "y", "origin": [16, 0, 0]},
			"faces": {
				"north": {"uv": [11.5, 3.125, 11.875, 3.75], "texture": "#0"},
				"east": {"uv": [8.5, 5.75, 11, 6.375], "texture": "#0"},
				"south": {"uv": [11.5, 5.75, 11.875, 6.375], "texture": "#0"},
				"west": {"uv": [0, 9.75, 2.5, 10.375], "texture": "#0"},
				"up": {"uv": [6, 12.25, 5.625, 9.75], "texture": "#0"},
				"down": {"uv": [2.375, 10.375, 2, 12.875], "texture": "#0"}
			}
		},
		{
			"from": [-2, 2, -2],
			"to": [3, 4, 18],
			"rotation": {"angle": 0, "axis": "y", "origin": [16, 0, 0]},
			"faces": {
				"north": {"uv": [12, 8.625, 12.625, 8.875], "texture": "#0"},
				"east": {"uv": [10, 7.625, 12.5, 7.875], "texture": "#0"},
				"south": {"uv": [12, 10.25, 12.625, 10.5], "texture": "#0"},
				"west": {"uv": [10, 7.875, 12.5, 8.125], "texture": "#0"},
				"up": {"uv": [7.875, 12.125, 7.25, 9.625], "texture": "#0"},
				"down": {"uv": [3.125, 9.75, 2.5, 12.25], "texture": "#0"}
			}
		},
		{
			"from": [-7.5, 10, -2],
			"to": [-5.5, 16, 18],
			"rotation": {"angle": 0, "axis": "y", "origin": [16, 0, 0]},
			"faces": {
				"north": {"uv": [11.875, 11.625, 12.125, 12.375], "texture": "#0"},
				"east": {"uv": [8, 1.75, 10.5, 2.5], "texture": "#0"},
				"south": {"uv": [12, 9.5, 12.25, 10.25], "texture": "#0"},
				"west": {"uv": [8, 8.25, 10.5, 9], "texture": "#0"},
				"up": {"uv": [5.625, 12.875, 5.375, 10.375], "texture": "#0"},
				"down": {"uv": [10.625, 9.5, 10.375, 12], "texture": "#0"}
			}
		},
		{
			"from": [-5, 5, -2],
			"to": [-3, 8, 18],
			"rotation": {"angle": 0, "axis": "y", "origin": [16, 0, 0]},
			"faces": {
				"north": {"uv": [2.75, 12.25, 3, 12.625], "texture": "#0"},
				"east": {"uv": [10, 0, 12.5, 0.375], "texture": "#0"},
				"south": {"uv": [12.25, 5.25, 12.5, 5.625], "texture": "#0"},
				"west": {"uv": [10, 0.375, 12.5, 0.75], "texture": "#0"},
				"up": {"uv": [8.625, 13, 8.375, 10.5], "texture": "#0"},
				"down": {"uv": [8.875, 10.5, 8.625, 13], "texture": "#0"}
			}
		},
		{
			"from": [3, 25, 6],
			"to": [5, 27.75, 10],
			"rotation": {"angle": 0, "axis": "y", "origin": [16, 0, 0]},
			"faces": {
				"north": {"uv": [12.25, 9.75, 12.5, 10.125], "texture": "#0"},
				"east": {"uv": [10.5, 8.625, 11, 9], "texture": "#0"},
				"south": {"uv": [12.375, 2.5, 12.625, 2.875], "texture": "#0"},
				"west": {"uv": [11, 8.625, 11.5, 9], "texture": "#0"},
				"up": {"uv": [7.5, 12.625, 7.25, 12.125], "texture": "#0"},
				"down": {"uv": [7.75, 12.125, 7.5, 12.625], "texture": "#0"}
			}
		},
		{
			"from": [1, 27, 6],
			"to": [3, 32, 10],
			"rotation": {"angle": 0, "axis": "y", "origin": [16, 0, 0]},
			"faces": {
				"north": {"uv": [6.25, 12.125, 6.5, 12.75], "texture": "#0"},
				"east": {"uv": [11, 5.75, 11.5, 6.375], "texture": "#0"},
				"south": {"uv": [6.5, 12.125, 6.75, 12.75], "texture": "#0"},
				"west": {"uv": [11.5, 2.5, 12, 3.125], "texture": "#0"},
				"up": {"uv": [12.375, 11, 12.125, 10.5], "texture": "#0"},
				"down": {"uv": [12.375, 11, 12.125, 11.5], "texture": "#0"}
			}
		},
		{
			"from": [-7, 8, -2],
			"to": [-4, 10, 18],
			"rotation": {"angle": 0, "axis": "y", "origin": [16, 0, 0]},
			"faces": {
				"north": {"uv": [5.625, 12.25, 6, 12.5], "texture": "#0"},
				"east": {"uv": [10.5, 1.75, 13, 2], "texture": "#0"},
				"south": {"uv": [12.25, 9.5, 12.625, 9.75], "texture": "#0"},
				"west": {"uv": [10.5, 2, 13, 2.25], "texture": "#0"},
				"up": {"uv": [5, 12.875, 4.625, 10.375], "texture": "#0"},
				"down": {"uv": [5.375, 10.375, 5, 12.875], "texture": "#0"}
			}
		},
		{
			"from": [20, 9.25, -1.75],
			"to": [21.75, 16, 16],
			"rotation": {"angle": 0, "axis": "y", "origin": [16, 0, 0]},
			"faces": {
				"north": {"uv": [11.625, 10.75, 11.875, 11.625], "texture": "#0"},
				"east": {"uv": [8.5, 4, 10.5, 4.875], "texture": "#0"},
				"south": {"uv": [11.625, 11.625, 11.875, 12.5], "texture": "#0"},
				"west": {"uv": [8.5, 4.875, 10.5, 5.75], "texture": "#0"},
				"up": {"uv": [11.375, 11.5, 11.125, 9.5], "texture": "#0"},
				"down": {"uv": [11.625, 9.5, 11.375, 11.5], "texture": "#0"}
			}
		},
		{
			"from": [17.75, 4.25, -1.75],
			"to": [20, 22, 16],
			"rotation": {"angle": 0, "axis": "y", "origin": [16, 0, 0]},
			"faces": {
				"north": {"uv": [9.875, 10.5, 10.125, 12.75], "texture": "#0"},
				"east": {"uv": [2, 7.5, 4, 9.75], "texture": "#0"},
				"south": {"uv": [10.125, 10.5, 10.375, 12.75], "texture": "#0"},
				"west": {"uv": [4, 7.5, 6, 9.75], "texture": "#0"},
				"up": {"uv": [11.375, 13.5, 11.125, 11.5], "texture": "#0"},
				"down": {"uv": [11.625, 11.5, 11.375, 13.5], "texture": "#0"}
			}
		},
		{
			"from": [19, 5, -2],
			"to": [21, 8, 18],
			"faces": {
				"north": {"uv": [12.375, 2.875, 12.625, 3.25], "texture": "#0"},
				"east": {"uv": [10, 0.75, 12.5, 1.125], "texture": "#0"},
				"south": {"uv": [12.375, 3.25, 12.625, 3.625], "texture": "#0"},
				"west": {"uv": [10, 1.125, 12.5, 1.5], "texture": "#0"},
				"up": {"uv": [9.125, 13, 8.875, 10.5], "texture": "#0"},
				"down": {"uv": [9.375, 10.5, 9.125, 13], "texture": "#0"}
			}
		},
		{
			"from": [11, 25, 6],
			"to": [13, 27.75, 10],
			"faces": {
				"north": {"uv": [12.375, 3.625, 12.625, 4], "texture": "#0"},
				"east": {"uv": [11.5, 8.625, 12, 9], "texture": "#0"},
				"south": {"uv": [12.375, 5.625, 12.625, 6], "texture": "#0"},
				"west": {"uv": [11.875, 5.75, 12.375, 6.125], "texture": "#0"},
				"up": {"uv": [12.375, 12, 12.125, 11.5], "texture": "#0"},
				"down": {"uv": [12.375, 12, 12.125, 12.5], "texture": "#0"}
			}
		}
	],
	"display": {
		"thirdperson_righthand": {
			"rotation": [0, 180, 0],
			"scale": [0.2, 0.2, 0.2]
		},
		"thirdperson_lefthand": {
			"rotation": [0, 180, 0],
			"scale": [0.2, 0.2, 0.2]
		},
		"firstperson_righthand": {
			"rotation": [-2, -30, 2],
			"translation": [0.75, 2.5, 0],
			"scale": [0.2, 0.2, 0.2]
		},
		"firstperson_lefthand": {
			"rotation": [-2, -30, 2],
			"translation": [0.75, 2.5, 0],
			"scale": [0.2, 0.2, 0.2]
		},
		"ground": {
			"translation": [0, 3.75, 0],
			"scale": [0.3, 0.3, 0.3]
		},
		"gui": {
			"rotation": [14, -16, 0],
			"translation": [0, -2.75, 0],
			"scale": [0.4, 0.4, 0.4]
		},
		"head": {
			"rotation": [0, 180, 0],
			"translation": [0, -2.5, -0.75],
			"scale": [0.8125, 0.80469, 0.82227]
		},
		"fixed": {
			"rotation": [-90, 180, 0],
			"translation": [0, 0, -7.5]
		}
	}
}