{
	"credit": "Made with Blockbench",
	"parent": "carved_pumpkin",
	"texture_size": [64, 64],
	"textures": {
		"0": "block/hat_stack",
		"particle": "block/hat_stack"
	},
	"elements": [
		{
			"from": [3, 0.25, 4],
			"to": [13, 7.25, 12],
			"faces": {
				"north": {"uv": [2.5, 10.25, 5, 12], "texture": "#0"},
				"east": {"uv": [10.75, 7.5, 12.75, 9.25], "texture": "#0"},
				"south": {"uv": [5, 10.5, 7.5, 12.25], "texture": "#0"},
				"west": {"uv": [10.75, 9.25, 12.75, 11], "texture": "#0"},
				"up": {"uv": [11.25, 2, 8.75, 0], "texture": "#0"},
				"down": {"uv": [11.25, 2, 8.75, 4], "texture": "#0"}
			}
		},
		{
			"from": [4.5, 13.75, 3.25],
			"to": [15.5, 14.75, 12.75],
			"rotation": {"angle": 0, "axis": "y", "origin": [1.25, -1, 0]},
			"faces": {
				"north": {"uv": [11.25, 0.75, 14, 1], "texture": "#0"},
				"east": {"uv": [11.25, 1.75, 13.75, 2], "texture": "#0"},
				"south": {"uv": [11.25, 1, 14, 1.25], "texture": "#0"},
				"west": {"uv": [11.25, 2, 13.75, 2.25], "texture": "#0"},
				"up": {"uv": [8.75, 2.5, 6, 0], "texture": "#0"},
				"down": {"uv": [8.75, 2.5, 6, 5], "texture": "#0"}
			}
		},
		{
			"from": [5, 14, 3.5],
			"to": [15, 21, 12.5],
			"rotation": {"angle": 0, "axis": "y", "origin": [1.25, -1, 0]},
			"faces": {
				"north": {"uv": [8.25, 9.5, 10.75, 11.25], "texture": "#0"},
				"east": {"uv": [10.75, 4, 13, 5.75], "texture": "#0"},
				"south": {"uv": [0, 10.25, 2.5, 12], "texture": "#0"},
				"west": {"uv": [10.75, 5.75, 13, 7.5], "texture": "#0"},
				"up": {"uv": [10.75, 7.25, 8.25, 5], "texture": "#0"},
				"down": {"uv": [10.75, 7.25, 8.25, 9.5], "texture": "#0"}
			}
		},
		{
			"from": [2, 0, 3],
			"to": [14, 1, 13],
			"faces": {
				"north": {"uv": [11.25, 0.25, 14.25, 0.5], "texture": "#0"},
				"east": {"uv": [11.25, 2.25, 13.75, 2.5], "texture": "#0"},
				"south": {"uv": [11.25, 0.5, 14.25, 0.75], "texture": "#0"},
				"west": {"uv": [11.25, 2.5, 13.75, 2.75], "texture": "#0"},
				"up": {"uv": [3, 8, 0, 5.5], "texture": "#0"},
				"down": {"uv": [6, 5.5, 3, 8], "texture": "#0"}
			}
		},
		{
			"from": [0, 7.25, 3.75],
			"to": [11, 18.25, 12.25],
			"rotation": {"angle": -22.5, "axis": "z", "origin": [0, 0, 0]},
			"faces": {
				"north": {"uv": [3.25, 0, 6, 2.75], "texture": "#0"},
				"east": {"uv": [6, 5, 8.25, 7.75], "texture": "#0"},
				"south": {"uv": [3.25, 2.75, 6, 5.5], "texture": "#0"},
				"west": {"uv": [6, 7.75, 8.25, 10.5], "texture": "#0"},
				"up": {"uv": [2.75, 10.25, 0, 8], "texture": "#0"},
				"down": {"uv": [5.5, 8, 2.75, 10.25], "texture": "#0"}
			}
		},
		{
			"from": [-1, 7.25, 2.75],
			"to": [12, 8.25, 13.25],
			"rotation": {"angle": -22.5, "axis": "z", "origin": [0, 0, 0]},
			"faces": {
				"north": {"uv": [10.75, 11, 14, 11.25], "texture": "#0"},
				"east": {"uv": [11.25, 1.25, 14, 1.5], "texture": "#0"},
				"south": {"uv": [11.25, 0, 14.5, 0.25], "texture": "#0"},
				"west": {"uv": [11.25, 1.5, 14, 1.75], "texture": "#0"},
				"up": {"uv": [3.25, 2.75, 0, 0], "texture": "#0"},
				"down": {"uv": [3.25, 2.75, 0, 5.5], "texture": "#0"}
			}
		},
		{
			"from": [12.25, 12.25, 3.25],
			"to": [12.75, 12.75, 3.75],
			"rotation": {"angle": 22.5, "axis": "z", "origin": [1.25, -1, 0]},
			"faces": {
				"north": {"uv": [9, 4, 9.25, 4.25], "texture": "#0"},
				"east": {"uv": [9, 4.25, 9.25, 4.5], "texture": "#0"},
				"south": {"uv": [9, 4.5, 9.25, 4.75], "texture": "#0"},
				"west": {"uv": [9, 4.75, 9.25, 5], "texture": "#0"},
				"up": {"uv": [5.75, 9.25, 5.5, 9], "texture": "#0"},
				"down": {"uv": [6, 9, 5.75, 9.25], "texture": "#0"}
			}
		},
		{
			"from": [11, 12, 3],
			"to": [12.25, 13, 4],
			"rotation": {"angle": 22.5, "axis": "z", "origin": [1.25, -1, 0]},
			"faces": {
				"north": {"uv": [8.75, 4, 9, 4.25], "texture": "#0"},
				"east": {"uv": [8.75, 4.25, 9, 4.5], "texture": "#0"},
				"south": {"uv": [8.75, 4.5, 9, 4.75], "texture": "#0"},
				"west": {"uv": [8.75, 4.75, 9, 5], "texture": "#0"},
				"up": {"uv": [5.75, 9, 5.5, 8.75], "texture": "#0"},
				"down": {"uv": [6, 8.75, 5.75, 9], "texture": "#0"}
			}
		},
		{
			"from": [12.75, 12, 3],
			"to": [14, 13, 4],
			"rotation": {"angle": 22.5, "axis": "z", "origin": [1.25, -1, 0]},
			"faces": {
				"north": {"uv": [5.5, 8, 5.75, 8.25], "texture": "#0"},
				"east": {"uv": [5.75, 8, 6, 8.25], "texture": "#0"},
				"south": {"uv": [5.5, 8.25, 5.75, 8.5], "texture": "#0"},
				"west": {"uv": [5.75, 8.25, 6, 8.5], "texture": "#0"},
				"up": {"uv": [5.75, 8.75, 5.5, 8.5], "texture": "#0"},
				"down": {"uv": [6, 8.5, 5.75, 8.75], "texture": "#0"}
			}
		}
	],
	"display": {
		"thirdperson_righthand": {
			"translation": [0, 2.25, 0],
			"scale": [0.5, 0.5, 0.5]
		},
		"thirdperson_lefthand": {
			"translation": [0, 2.25, 0],
			"scale": [0.5, 0.5, 0.5]
		},
		"firstperson_righthand": {
			"translation": [1.5, 2.75, 0],
			"scale": [0.3, 0.3, 0.3]
		},
		"firstperson_lefthand": {
			"translation": [1.5, 2.75, 0],
			"scale": [0.3, 0.3, 0.3]
		},
		"ground": {
			"translation": [0, 4.5, 0],
			"scale": [0.5, 0.5, 0.5]
		},
		"gui": {
			"rotation": [16, -25, 0],
			"translation": [0, -1.25, 0],
			"scale": [0.6, 0.6, 0.6]
		},
		"head": {
			"translation": [0, 16.5, 0],
			"scale": [1.44492, 1.64805, 1.82383]
		},
		"fixed": {
			"rotation": [-90, 0, 0],
			"translation": [0, 0.75, -7]
		}
	}
}