{
	"credit": "Made with Blockbench",
	"parent": "carved_pumpkin",
	"texture_size": [64, 64],
	"textures": {
		"0": "block/splat_fish",
		"particle": "block/splat_fish"
	},
	"elements": [
		{
			"from": [5, 3, 4],
			"to": [11, 7, 12],
			"faces": {
				"north": {"uv": [5.5, 5, 7, 6], "texture": "#0"},
				"east": {"uv": [0, 5.5, 2, 6.5], "texture": "#0"},
				"south": {"uv": [5.75, 0, 7.25, 1], "texture": "#0"},
				"west": {"uv": [5.5, 4, 7.5, 5], "texture": "#0"},
				"up": {"uv": [1.5, 2, 0, 0], "texture": "#0"},
				"down": {"uv": [3, 0, 1.5, 2], "texture": "#0"}
			}
		},
		{
			"from": [5.25, 7, 4],
			"to": [10.75, 7.25, 12],
			"faces": {
				"north": {"uv": [0, 6.75, 1.375, 6.875], "texture": "#0"},
				"east": {"uv": [3, 6, 5, 6.125], "texture": "#0"},
				"south": {"uv": [6.75, 1, 8.125, 1.125], "texture": "#0"},
				"west": {"uv": [5, 6, 7, 6.125], "texture": "#0"},
				"up": {"uv": [1.375, 4, 0, 2], "texture": "#0"},
				"down": {"uv": [2.875, 2, 1.5, 4], "texture": "#0"}
			}
		},
		{
			"from": [5.25, 2.75, 4],
			"to": [10.75, 3, 12],
			"faces": {
				"north": {"uv": [6.75, 1.25, 8.125, 1.375], "texture": "#0"},
				"east": {"uv": [0, 6.5, 2, 6.625], "texture": "#0"},
				"south": {"uv": [1.5, 6.75, 2.875, 6.875], "texture": "#0"},
				"west": {"uv": [2, 6.5, 4, 6.625], "texture": "#0"},
				"up": {"uv": [4.375, 2, 3, 0], "texture": "#0"},
				"down": {"uv": [4.375, 2, 3, 4], "texture": "#0"}
			}
		},
		{
			"from": [5.75, 7.25, 4],
			"to": [10.25, 7.5, 12],
			"faces": {
				"north": {"uv": [6.75, 1.5, 7.875, 1.625], "texture": "#0"},
				"east": {"uv": [3, 6.25, 5, 6.375], "texture": "#0"},
				"south": {"uv": [6.75, 1.75, 7.875, 1.875], "texture": "#0"},
				"west": {"uv": [5, 6.25, 7, 6.375], "texture": "#0"},
				"up": {"uv": [4.125, 6, 3, 4], "texture": "#0"},
				"down": {"uv": [5.375, 4, 4.25, 6], "texture": "#0"}
			}
		},
		{
			"from": [5.75, 2.5, 4],
			"to": [10.25, 2.75, 12],
			"faces": {
				"north": {"uv": [6.75, 2, 7.875, 2.125], "texture": "#0"},
				"east": {"uv": [4, 6.5, 6, 6.625], "texture": "#0"},
				"south": {"uv": [6.75, 2.25, 7.875, 2.375], "texture": "#0"},
				"west": {"uv": [6, 6.5, 8, 6.625], "texture": "#0"},
				"up": {"uv": [5.625, 2, 4.5, 0], "texture": "#0"},
				"down": {"uv": [5.625, 2, 4.5, 4], "texture": "#0"}
			}
		},
		{
			"from": [5, 10, 8.5],
			"to": [11, 16, 8.5],
			"rotation": {"angle": 22.5, "axis": "x", "origin": [0, 0, 0]},
			"faces": {
				"north": {"uv": [0, 4, 1.5, 5.5], "texture": "#0"},
				"east": {"uv": [0, 0, 0, 1.5], "texture": "#0"},
				"south": {"uv": [1.5, 4, 3, 5.5], "texture": "#0"},
				"west": {"uv": [0, 0, 0, 1.5], "texture": "#0"},
				"up": {"uv": [1.5, 0, 0, 0], "texture": "#0"},
				"down": {"uv": [1.5, 0, 0, 0], "texture": "#0"}
			}
		},
		{
			"from": [-0.75, 3, 2],
			"to": [3.25, 7, 2],
			"rotation": {"angle": 22.5, "axis": "y", "origin": [16, 0, 0]},
			"faces": {
				"north": {"uv": [5.75, 2, 6.75, 3], "texture": "#0"},
				"east": {"uv": [0, 0, 0, 1], "texture": "#0"},
				"south": {"uv": [5.75, 3, 6.75, 4], "texture": "#0"},
				"west": {"uv": [0, 0, 0, 1], "texture": "#0"},
				"up": {"uv": [1, 0, 0, 0], "texture": "#0"},
				"down": {"uv": [1, 0, 0, 0], "texture": "#0"}
			}
		},
		{
			"from": [12.75, 3, 2],
			"to": [16.75, 7, 2],
			"rotation": {"angle": -22.5, "axis": "y", "origin": [0, 0, 0]},
			"faces": {
				"north": {"uv": [2, 5.5, 3, 6.5], "texture": "#0"},
				"east": {"uv": [0, 0, 0, 1], "texture": "#0"},
				"south": {"uv": [5.75, 1, 6.75, 2], "texture": "#0"},
				"west": {"uv": [0, 0, 0, 1], "texture": "#0"},
				"up": {"uv": [1, 0, 0, 0], "texture": "#0"},
				"down": {"uv": [1, 0, 0, 0], "texture": "#0"}
			}
		}
	],
	"display": {
		"thirdperson_righthand": {
			"rotation": [89, 16.25, -20],
			"translation": [2.5, -2, 15.5],
			"scale": [0.5, 0.5, 0.5]
		},
		"thirdperson_lefthand": {
			"rotation": [89, 16.25, -20],
			"translation": [2.5, -2, 15.5],
			"scale": [0.5, 0.5, 0.5]
		},
		"firstperson_righthand": {
			"rotation": [7, 124, 0],
			"translation": [1, 4.75, 0],
			"scale": [0.5, 0.5, 0.5]
		},
		"firstperson_lefthand": {
			"rotation": [7, 124, 0],
			"translation": [1, 4.75, 0],
			"scale": [0.5, 0.5, 0.5]
		},
		"ground": {
			"scale": [0.6, 0.6, 0.6]
		},
		"gui": {
			"rotation": [8, -167, 17],
			"translation": [0.75, 0.5, 0]
		},
		"head": {
			"rotation": [9, 13, -21],
			"translation": [11.25, -2.25, -1.25],
			"scale": [0.6, 0.6, 0.6]
		},
		"fixed": {
			"translation": [0, 2.5, 0]
		}
	}
}