{
	"credit": "Made with Blockbench",
	"parent": "carved_pumpkin",
	"texture_size": [128, 128],
	"textures": {
		"0": "block/the_snail",
		"particle": "block/the_snail"
	},
	"elements": [
		{
			"from": [0, 0, 0],
			"to": [16, 16, 16],
			"faces": {
				"north": {"uv": [0, 0, 2, 2], "texture": "#0"},
				"east": {"uv": [0, 2, 2, 4], "texture": "#0"},
				"south": {"uv": [2, 0, 4, 2], "texture": "#0"},
				"west": {"uv": [2, 2, 4, 4], "texture": "#0"},
				"up": {"uv": [2, 6, 0, 4], "texture": "#0"},
				"down": {"uv": [6, 0, 4, 2], "texture": "#0"}
			}
		},
		{
			"from": [-0.25, 0, 13.25],
			"to": [1.75, 13, 15.25],
			"faces": {
				"north": {"uv": [3.75, 5.25, 4, 6.875], "texture": "#0"},
				"east": {"uv": [3.5, 5.75, 3.75, 7.375], "texture": "#0"},
				"south": {"uv": [0.75, 6, 1, 7.625], "texture": "#0"},
				"west": {"uv": [1, 6, 1.25, 7.625], "texture": "#0"},
				"up": {"uv": [3.25, 7.75, 3, 7.5], "texture": "#0"},
				"down": {"uv": [3.5, 7.5, 3.25, 7.75], "texture": "#0"}
			}
		},
		{
			"from": [-0.25, 11, 1.25],
			"to": [1.75, 13, 13.25],
			"faces": {
				"north": {"uv": [3.75, 7.5, 4, 7.75], "texture": "#0"},
				"east": {"uv": [6, 2.75, 7.5, 3], "texture": "#0"},
				"south": {"uv": [7.5, 3.875, 7.75, 4.125], "texture": "#0"},
				"west": {"uv": [6, 3, 7.5, 3.25], "texture": "#0"},
				"up": {"uv": [5.5, 7.5, 5.25, 6], "texture": "#0"},
				"down": {"uv": [5.75, 6, 5.5, 7.5], "texture": "#0"}
			}
		},
		{
			"from": [-0.25, 2, 3.25],
			"to": [1.75, 4, 11.25],
			"faces": {
				"north": {"uv": [7.5, 5.375, 7.75, 5.625], "texture": "#0"},
				"east": {"uv": [6.25, 2.5, 7.25, 2.75], "texture": "#0"},
				"south": {"uv": [5.5, 7.5, 5.75, 7.75], "texture": "#0"},
				"west": {"uv": [6.5, 6.25, 7.5, 6.5], "texture": "#0"},
				"up": {"uv": [5, 7.5, 4.75, 6.5], "texture": "#0"},
				"down": {"uv": [5.25, 6.5, 5, 7.5], "texture": "#0"}
			}
		},
		{
			"from": [-0.25, 4, 9.25],
			"to": [1.75, 9, 11.25],
			"faces": {
				"north": {"uv": [7, 5.25, 7.25, 5.875], "texture": "#0"},
				"east": {"uv": [7.25, 1.375, 7.5, 2], "texture": "#0"},
				"south": {"uv": [7.25, 2, 7.5, 2.625], "texture": "#0"},
				"west": {"uv": [7.25, 3.375, 7.5, 4], "texture": "#0"},
				"up": {"uv": [7.75, 6.75, 7.5, 6.5], "texture": "#0"},
				"down": {"uv": [7.75, 6.75, 7.5, 7], "texture": "#0"}
			}
		},
		{
			"from": [-0.25, 7, 5.25],
			"to": [1.75, 9, 9.25],
			"faces": {
				"north": {"uv": [7.5, 7.5, 7.75, 7.75], "texture": "#0"},
				"east": {"uv": [7.25, 6, 7.75, 6.25], "texture": "#0"},
				"south": {"uv": [0, 7.625, 0.25, 7.875], "texture": "#0"},
				"west": {"uv": [7, 7.375, 7.5, 7.625], "texture": "#0"},
				"up": {"uv": [3.75, 7.875, 3.5, 7.375], "texture": "#0"},
				"down": {"uv": [7.75, 1.375, 7.5, 1.875], "texture": "#0"}
			}
		},
		{
			"from": [-0.25, 5, 5.25],
			"to": [1.75, 7, 7.25],
			"faces": {
				"north": {"uv": [1, 7.625, 1.25, 7.875], "texture": "#0"},
				"east": {"uv": [1.25, 7.625, 1.5, 7.875], "texture": "#0"},
				"south": {"uv": [1.5, 7.625, 1.75, 7.875], "texture": "#0"},
				"west": {"uv": [1.75, 7.625, 2, 7.875], "texture": "#0"},
				"up": {"uv": [7.25, 7.875, 7, 7.625], "texture": "#0"},
				"down": {"uv": [7.5, 7.625, 7.25, 7.875], "texture": "#0"}
			}
		},
		{
			"from": [-0.25, 2, 1.25],
			"to": [1.75, 11, 3.25],
			"faces": {
				"north": {"uv": [2.5, 6.375, 2.75, 7.5], "texture": "#0"},
				"east": {"uv": [2.75, 6.375, 3, 7.5], "texture": "#0"},
				"south": {"uv": [3, 6.375, 3.25, 7.5], "texture": "#0"},
				"west": {"uv": [3.25, 6.375, 3.5, 7.5], "texture": "#0"},
				"up": {"uv": [4.5, 7.75, 4.25, 7.5], "texture": "#0"},
				"down": {"uv": [7.75, 4.375, 7.5, 4.625], "texture": "#0"}
			}
		},
		{
			"from": [14.25, 2, 1.25],
			"to": [16.25, 11, 3.25],
			"rotation": {"angle": 0, "axis": "y", "origin": [16, 0, 0]},
			"faces": {
				"north": {"uv": [6.25, 1.375, 6.5, 2.5], "texture": "#0"},
				"east": {"uv": [6.25, 6.25, 6.5, 7.375], "texture": "#0"},
				"south": {"uv": [2, 6.375, 2.25, 7.5], "texture": "#0"},
				"west": {"uv": [2.25, 6.375, 2.5, 7.5], "texture": "#0"},
				"up": {"uv": [7.75, 3.625, 7.5, 3.375], "texture": "#0"},
				"down": {"uv": [7.75, 3.625, 7.5, 3.875], "texture": "#0"}
			}
		},
		{
			"from": [14.25, 0, 13.25],
			"to": [16.25, 13, 15.25],
			"rotation": {"angle": 0, "axis": "y", "origin": [16, 0, 0]},
			"faces": {
				"north": {"uv": [6, 1.125, 6.25, 2.75], "texture": "#0"},
				"east": {"uv": [1.25, 6, 1.5, 7.625], "texture": "#0"},
				"south": {"uv": [1.5, 6, 1.75, 7.625], "texture": "#0"},
				"west": {"uv": [1.75, 6, 2, 7.625], "texture": "#0"},
				"up": {"uv": [4.25, 7.75, 4, 7.5], "texture": "#0"},
				"down": {"uv": [7.75, 4.125, 7.5, 4.375], "texture": "#0"}
			}
		},
		{
			"from": [14.25, 5, 5.25],
			"to": [16.25, 7, 7.25],
			"rotation": {"angle": 0, "axis": "y", "origin": [16, 0, 0]},
			"faces": {
				"north": {"uv": [7.5, 4.625, 7.75, 4.875], "texture": "#0"},
				"east": {"uv": [4.75, 7.5, 5, 7.75], "texture": "#0"},
				"south": {"uv": [7.5, 4.875, 7.75, 5.125], "texture": "#0"},
				"west": {"uv": [5, 7.5, 5.25, 7.75], "texture": "#0"},
				"up": {"uv": [7.75, 5.375, 7.5, 5.125], "texture": "#0"},
				"down": {"uv": [5.5, 7.5, 5.25, 7.75], "texture": "#0"}
			}
		},
		{
			"from": [14.25, 11, 1.25],
			"to": [16.25, 13, 13.25],
			"rotation": {"angle": 0, "axis": "y", "origin": [16, 0, 0]},
			"faces": {
				"north": {"uv": [7.5, 5.625, 7.75, 5.875], "texture": "#0"},
				"east": {"uv": [5.75, 6, 7.25, 6.25], "texture": "#0"},
				"south": {"uv": [7.5, 6.25, 7.75, 6.5], "texture": "#0"},
				"west": {"uv": [6.25, 1.125, 7.75, 1.375], "texture": "#0"},
				"up": {"uv": [6, 7.75, 5.75, 6.25], "texture": "#0"},
				"down": {"uv": [6.25, 6.25, 6, 7.75], "texture": "#0"}
			}
		},
		{
			"from": [14.25, 2, 3.25],
			"to": [16.25, 4, 11.25],
			"rotation": {"angle": 0, "axis": "y", "origin": [16, 0, 0]},
			"faces": {
				"north": {"uv": [7.5, 7, 7.75, 7.25], "texture": "#0"},
				"east": {"uv": [6.5, 6.5, 7.5, 6.75], "texture": "#0"},
				"south": {"uv": [7.5, 7.25, 7.75, 7.5], "texture": "#0"},
				"west": {"uv": [6.75, 0, 7.75, 0.25], "texture": "#0"},
				"up": {"uv": [0.25, 7.625, 0, 6.625], "texture": "#0"},
				"down": {"uv": [0.5, 6.625, 0.25, 7.625], "texture": "#0"}
			}
		},
		{
			"from": [14.25, 4, 9.25],
			"to": [16.25, 9, 11.25],
			"rotation": {"angle": 0, "axis": "y", "origin": [16, 0, 0]},
			"faces": {
				"north": {"uv": [7.25, 4, 7.5, 4.625], "texture": "#0"},
				"east": {"uv": [7.25, 4.625, 7.5, 5.25], "texture": "#0"},
				"south": {"uv": [7.25, 5.25, 7.5, 5.875], "texture": "#0"},
				"west": {"uv": [7.25, 6.75, 7.5, 7.375], "texture": "#0"},
				"up": {"uv": [0.5, 7.875, 0.25, 7.625], "texture": "#0"},
				"down": {"uv": [1, 7.625, 0.75, 7.875], "texture": "#0"}
			}
		},
		{
			"from": [14.25, 7, 5.25],
			"to": [16.25, 9, 9.25],
			"rotation": {"angle": 0, "axis": "y", "origin": [16, 0, 0]},
			"faces": {
				"north": {"uv": [7.75, 0, 8, 0.25], "texture": "#0"},
				"east": {"uv": [7.5, 1.875, 8, 2.125], "texture": "#0"},
				"south": {"uv": [7.75, 0.625, 8, 0.875], "texture": "#0"},
				"west": {"uv": [2, 7.5, 2.5, 7.75], "texture": "#0"},
				"up": {"uv": [7.75, 2.625, 7.5, 2.125], "texture": "#0"},
				"down": {"uv": [2.75, 7.5, 2.5, 8], "texture": "#0"}
			}
		},
		{
			"from": [0, 0, -2.5],
			"to": [16, 3, 0],
			"rotation": {"angle": 0, "axis": "y", "origin": [16, 0, 0]},
			"faces": {
				"north": {"uv": [5.25, 3.75, 7.25, 4.125], "texture": "#0"},
				"east": {"uv": [6.25, 7.375, 6.625, 7.75], "texture": "#0"},
				"south": {"uv": [5.25, 4.125, 7.25, 4.5], "texture": "#0"},
				"west": {"uv": [6.625, 7.375, 7, 7.75], "texture": "#0"},
				"up": {"uv": [7.25, 4.875, 5.25, 4.5], "texture": "#0"},
				"down": {"uv": [7.25, 4.875, 5.25, 5.25], "texture": "#0"}
			}
		},
		{
			"from": [0, 0, 16],
			"to": [16, 1, 25.5],
			"rotation": {"angle": 0, "axis": "y", "origin": [16, 0, 0]},
			"faces": {
				"north": {"uv": [6.75, 0.25, 8.75, 0.375], "texture": "#0"},
				"east": {"uv": [7, 5.875, 8.25, 6], "texture": "#0"},
				"south": {"uv": [6.75, 0.375, 8.75, 0.5], "texture": "#0"},
				"west": {"uv": [7.25, 2.625, 8.5, 2.75], "texture": "#0"},
				"up": {"uv": [4, 5.25, 2, 4], "texture": "#0"},
				"down": {"uv": [6, 2, 4, 3.25], "texture": "#0"}
			}
		},
		{
			"from": [1, 0, 25],
			"to": [15, 1, 28.5],
			"rotation": {"angle": 0, "axis": "y", "origin": [16, 0, 0]},
			"faces": {
				"north": {"uv": [6.75, 0.5, 8.5, 0.625], "texture": "#0"},
				"east": {"uv": [7.75, 0.875, 8.25, 1], "texture": "#0"},
				"south": {"uv": [7, 3.25, 8.75, 3.375], "texture": "#0"},
				"west": {"uv": [7.75, 1, 8.25, 1.125], "texture": "#0"},
				"up": {"uv": [3.75, 5.75, 2, 5.25], "texture": "#0"},
				"down": {"uv": [7, 3.25, 5.25, 3.75], "texture": "#0"}
			}
		},
		{
			"from": [1, 3, -2],
			"to": [15, 6, 0],
			"rotation": {"angle": 0, "axis": "y", "origin": [16, 0, 0]},
			"faces": {
				"north": {"uv": [5.25, 5.25, 7, 5.625], "texture": "#0"},
				"east": {"uv": [7, 3.375, 7.25, 3.75], "texture": "#0"},
				"south": {"uv": [5.25, 5.625, 7, 6], "texture": "#0"},
				"west": {"uv": [2.75, 7.5, 3, 7.875], "texture": "#0"},
				"up": {"uv": [7.75, 0.875, 6, 0.625], "texture": "#0"},
				"down": {"uv": [7.75, 0.875, 6, 1.125], "texture": "#0"}
			}
		},
		{
			"from": [10, 6, -1],
			"to": [14.5, 19, 0],
			"rotation": {"angle": 0, "axis": "y", "origin": [16, 0, 0]},
			"faces": {
				"north": {"uv": [4, 3.25, 4.625, 4.875], "texture": "#0"},
				"east": {"uv": [0.5, 6.625, 0.625, 8.25], "texture": "#0"},
				"south": {"uv": [4.625, 3.25, 5.25, 4.875], "texture": "#0"},
				"west": {"uv": [0.625, 6.625, 0.75, 8.25], "texture": "#0"},
				"up": {"uv": [8.125, 2.875, 7.5, 2.75], "texture": "#0"},
				"down": {"uv": [8.125, 2.875, 7.5, 3], "texture": "#0"}
			}
		},
		{
			"from": [9.5, 18.75, -2],
			"to": [15, 23.25, 1],
			"rotation": {"angle": 0, "axis": "y", "origin": [16, 0, 0]},
			"faces": {
				"north": {"uv": [0, 6, 0.75, 6.625], "texture": "#0"},
				"east": {"uv": [4.125, 6.875, 4.5, 7.5], "texture": "#0"},
				"south": {"uv": [6, 0, 6.75, 0.625], "texture": "#0"},
				"west": {"uv": [6.875, 6.75, 7.25, 7.375], "texture": "#0"},
				"up": {"uv": [7.25, 2.5, 6.5, 2.125], "texture": "#0"},
				"down": {"uv": [4.75, 6.5, 4, 6.875], "texture": "#0"}
			}
		},
		{
			"from": [1, 18.75, -2],
			"to": [6.5, 23.25, 1],
			"faces": {
				"north": {"uv": [2, 5.75, 2.75, 6.375], "texture": "#0"},
				"east": {"uv": [6.5, 6.75, 6.875, 7.375], "texture": "#0"},
				"south": {"uv": [2.75, 5.75, 3.5, 6.375], "texture": "#0"},
				"west": {"uv": [3.75, 6.875, 4.125, 7.5], "texture": "#0"},
				"up": {"uv": [7.25, 1.75, 6.5, 1.375], "texture": "#0"},
				"down": {"uv": [7.25, 1.75, 6.5, 2.125], "texture": "#0"}
			}
		},
		{
			"from": [1.5, 6, -1],
			"to": [6, 19, 0],
			"faces": {
				"north": {"uv": [4, 4.875, 4.625, 6.5], "texture": "#0"},
				"east": {"uv": [4.5, 6.875, 4.625, 8.5], "texture": "#0"},
				"south": {"uv": [4.625, 4.875, 5.25, 6.5], "texture": "#0"},
				"west": {"uv": [4.625, 6.875, 4.75, 8.5], "texture": "#0"},
				"up": {"uv": [8.125, 3.125, 7.5, 3], "texture": "#0"},
				"down": {"uv": [8.125, 3.125, 7.5, 3.25], "texture": "#0"}
			}
		}
	],
	"display": {
		"thirdperson_righthand": {
			"translation": [0, 0.75, 0],
			"scale": [0.4, 0.4, 0.4]
		},
		"thirdperson_lefthand": {
			"translation": [0, 0.75, 0],
			"scale": [0.4, 0.4, 0.4]
		},
		"firstperson_righthand": {
			"rotation": [-13, 148, 0],
			"translation": [0, 4.25, 0],
			"scale": [0.3, 0.3, 0.3]
		},
		"firstperson_lefthand": {
			"rotation": [-13, 148, 0],
			"translation": [0, 4.25, 0],
			"scale": [0.3, 0.3, 0.3]
		},
		"ground": {
			"translation": [0, 3.25, 0],
			"scale": [0.4, 0.4, 0.4]
		},
		"gui": {
			"rotation": [7, 151, 0],
			"translation": [-0.5, -1, 0],
			"scale": [0.5, 0.5, 0.5]
		},
		"head": {
			"translation": [0, 8.25, 0],
			"scale": [0.95, 0.95, 0.95]
		},
		"fixed": {
			"rotation": [-90, 0, 0],
			"translation": [0, -1.75, -3.5],
			"scale": [0.6, 0.6, 0.6]
		}
	}
}