{
    "model": {
        "type": "range_dispatch",
        "property": "custom_model_data",
        "fallback": {
            "type": "model",
            "model": "minecraft:block/carved_pumpkin"
        },
        "entries": [
            {
                "threshold": 1,
                "model": {
                    "type": "model",
                    "model": "custom/plague_doctor_mask"
                }
            },
            {
                "threshold": 2,
                "model": {
                    "type": "model",
                    "model": "custom/black_cowboy_hat"
                }
            },
            {
                "threshold": 3,
                "model": {
                    "type": "model",
                    "model": "custom/fire_wizard_hat"
                }
            },
            {
                "threshold": 4,
                "model": {
                    "type": "model",
                    "model": "custom/splat_fish"
                }
            },
            {
                "threshold": 5,
                "model": {
                    "type": "model",
                    "model": "custom/green_elf"
                }
            },
            {
                "threshold": 6,
                "model": {
                    "type": "model",
                    "model": "custom/blue_cap"
                }
            },
            {
                "threshold": 7,
                "model": {
                    "type": "model",
                    "model": "custom/red_elf"
                }
            },
            {
                "threshold": 8,
                "model": {
                    "type": "model",
                    "model": "custom/shades"
                }
            },
            {
                "threshold": 9,
                "model": {
                    "type": "model",
                    "model": "custom/3d_glasses"
                }
            },
            {
                "threshold": 10,
                "model": {
                    "type": "model",
                    "model": "custom/brown_cowboy_hat"
                }
            },
            {
                "threshold": 11,
                "model": {
                    "type": "model",
                    "model": "custom/cavalry_hat"
                }
            },
            {
                "threshold": 12,
                "model": {
                    "type": "model",
                    "model": "custom/cheese_toastie"
                }
            },
            {
                "threshold": 13,
                "model": {
                    "type": "model",
                    "model": "custom/doug"
                }
            },
            {
                "threshold": 14,
                "model": {
                    "type": "model",
                    "model": "custom/gentle_crab"
                }
            },
            {
                "threshold": 15,
                "model": {
                    "type": "model",
                    "model": "custom/gray_cowboy_hat"
                }
            },
            {
                "threshold": 16,
                "model": {
                    "type": "model",
                    "model": "custom/middle_finger"
                }
            },
            {
                "threshold": 17,
                "model": {
                    "type": "model",
                    "model": "custom/raven_hood"
                }
            },
            {
                "threshold": 18,
                "model": {
                    "type": "model",
                    "model": "custom/sovitet_crab"
                }
            },
            {
                "threshold": 19,
                "model": {
                    "type": "model",
                    "model": "custom/2024_glasses"
                }
            },
            {
                "threshold": 20,
                "model": {
                    "type": "model",
                    "model": "custom/santa_hat"
                }
            },
            {
                "threshold": 21,
                "model": {
                    "type": "model",
                    "model": "custom/santa_hat_gold"
                }
            },
            {
                "threshold": 22,
                "model": {
                    "type": "model",
                    "model": "custom/antegg"
                }
            },
            {
                "threshold": 23,
                "model": {
                    "type": "model",
                    "model": "custom/arroraegg"
                }
            },
            {
                "threshold": 24,
                "model": {
                    "type": "model",
                    "model": "custom/bhelleyegg"
                }
            },
            {
                "threshold": 25,
                "model": {
                    "type": "model",
                    "model": "custom/bonezegg"
                }
            },
            {
                "threshold": 26,
                "model": {
                    "type": "model",
                    "model": "custom/chaosegg"
                }
            },
            {
                "threshold": 27,
                "model": {
                    "type": "model",
                    "model": "custom/crummegg"
                }
            },
            {
                "threshold": 28,
                "model": {
                    "type": "model",
                    "model": "custom/felixegg"
                }
            },
            {
                "threshold": 29,
                "model": {
                    "type": "model",
                    "model": "custom/foxyegg"
                }
            },
            {
                "threshold": 30,
                "model": {
                    "type": "model",
                    "model": "custom/fzegg"
                }
            },
            {
                "threshold": 31,
                "model": {
                    "type": "model",
                    "model": "custom/hamegg"
                }
            },
            {
                "threshold": 32,
                "model": {
                    "type": "model",
                    "model": "custom/harmonyegg"
                }
            },
            {
                "threshold": 33,
                "model": {
                    "type": "model",
                    "model": "custom/hornyegg"
                }
            },
            {
                "threshold": 34,
                "model": {
                    "type": "model",
                    "model": "custom/hunteregg"
                }
            },
            {
                "threshold": 35,
                "model": {
                    "type": "model",
                    "model": "custom/justinegg"
                }
            },
            {
                "threshold": 36,
                "model": {
                    "type": "model",
                    "model": "custom/l4egg"
                }
            },
            {
                "threshold": 37,
                "model": {
                    "type": "model",
                    "model": "custom/laneyegg"
                }
            },
            {
                "threshold": 38,
                "model": {
                    "type": "model",
                    "model": "custom/linaegg"
                }
            },
            {
                "threshold": 39,
                "model": {
                    "type": "model",
                    "model": "custom/malinegg"
                }
            },
            {
                "threshold": 40,
                "model": {
                    "type": "model",
                    "model": "custom/mattegg"
                }
            },
            {
                "threshold": 41,
                "model": {
                    "type": "model",
                    "model": "custom/mcegg"
                }
            },
            {
                "threshold": 42,
                "model": {
                    "type": "model",
                    "model": "custom/melonegg"
                }
            },
            {
                "threshold": 43,
                "model": {
                    "type": "model",
                    "model": "custom/mickyegg"
                }
            },
            {
                "threshold": 44,
                "model": {
                    "type": "model",
                    "model": "custom/muskegg"
                }
            },
            {
                "threshold": 45,
                "model": {
                    "type": "model",
                    "model": "custom/shaunegg"
                }
            },
            {
                "threshold": 46,
                "model": {
                    "type": "model",
                    "model": "custom/superegg"
                }
            },
            {
                "threshold": 47,
                "model": {
                    "type": "model",
                    "model": "custom/sushiegg"
                }
            },
            {
                "threshold": 48,
                "model": {
                    "type": "model",
                    "model": "custom/turtleegg"
                }
            },
            {
                "threshold": 49,
                "model": {
                    "type": "model",
                    "model": "custom/twinkegg"
                }
            },
            {
                "threshold": 50,
                "model": {
                    "type": "model",
                    "model": "custom/wallyegg"
                }
            },
            {
                "threshold": 51,
                "model": {
                    "type": "model",
                    "model": "custom/wizardegg"
                }
            },
            {
                "threshold": 52,
                "model": {
                    "type": "model",
                    "model": "custom/curlleyegg"
                }
            },
            {
                "threshold": 53,
                "model": {
                    "type": "model",
                    "model": "custom/mushroom_hat"
                }
            },
            {
                "threshold": 54,
                "model": {
                    "type": "model",
                    "model": "custom/fish_hat"
                }
            },
            {
                "threshold": 55,
                "model": {
                    "type": "model",
                    "model": "custom/raven_hat"
                }
            },
            {
                "threshold": 56,
                "model": {
                    "type": "model",
                    "model": "custom/pink_cat_cap"
                }
            },
            {
                "threshold": 57,
                "model": {
                    "type": "model",
                    "model": "custom/steam_punk_hat"
                }
            },
            {
                "threshold": 58,
                "model": {
                    "type": "model",
                    "model": "custom/frog_hat"
                }
            },
            {
                "threshold": 59,
                "model": {
                    "type": "model",
                    "model": "custom/the_snail"
                }
            },
            {
                "threshold": 60,
                "model": {
                    "type": "model",
                    "model": "custom/blitz_horns"
                }
            },
            {
                "threshold": 61,
                "model": {
                    "type": "model",
                    "model": "custom/cheese_head"
                }
            },
            {
                "threshold": 62,
                "model": {
                    "type": "model",
                    "model": "custom/drinking_hat"
                }
            },
            {
                "threshold": 63,
                "model": {
                    "type": "model",
                    "model": "custom/hat_stack"
                }
            },
            {
                "threshold": 64,
                "model": {
                    "type": "model",
                    "model": "custom/hells_deadliest_dad"
                }
            },
            {
                "threshold": 65,
                "model": {
                    "type": "model",
                    "model": "custom/hells_greatest_dad"
                }
            },
            {
                "threshold": 66,
                "model": {
                    "type": "model",
                    "model": "custom/stolas_tophat"
                }
            },
            {
                "threshold": 67,
                "model": {
                    "type": "model",
                    "model": "custom/tv"
                }
            },
            {
                "threshold": 68,
                "model": {
                    "type": "model",
                    "model": "custom/gold_trophy"
                }
            },
            {
                "threshold": 69,
                "model": {
                    "type": "model",
                    "model": "custom/silver_trophy"
                }
            },
            {
                "threshold": 70,
                "model": {
                    "type": "model",
                    "model": "custom/bronze_trophy"
                }
            },
            {
                "threshold": 71,
                "model": {
                    "type": "model",
                    "model": "custom/rkpridehat1"
                }
            },
            {
                "threshold": 72,
                "model": {
                    "type": "model",
                    "model": "custom/monacle_moustache"
                }
            },
            {
                "threshold": 73,
                "model": {
                    "type": "model",
                    "model": "custom/detective_hat_w_pipe"
                }
            },
            {
                "threshold": 74,
                "model": {
                    "type": "model",
                    "model": "custom/detective_hat"
                }
            },
            {
                "threshold": 75,
                "model": {
                    "type": "model",
                    "model": "custom/byron_springhat"
                }
            },
            {
                "threshold": 76,
                "model": {
                    "type": "model",
                    "model": "custom/gray_mushroom_hat"
                }
            },
            {
                "threshold": 77,
                "model": {
                    "type": "model",
                    "model": "custom/byrons_fur_cap"
                }
            },
            {
                "threshold": 78,
                "model": {
                    "type": "model",
                    "model": "custom/pan_ama_hat"
                }
            },
            {
                "threshold": 79,
                "model": {
                    "type": "model",
                    "model": "custom/lesbiantiaradiamond"
                }
            },
            {
                "threshold": 80,
                "model": {
                    "type": "model",
                    "model": "custom/lesbian_helm_v2_5"
                }
            },
            {
                "threshold": 81,
                "model": {
                    "type": "model",
                    "model": "custom/aro_ace_headphones"
                }
            },
            {
                "threshold": 82,
                "model": {
                    "type": "model",
                    "model": "custom/tran_maquis_beret"
                }
            },
            {
                "threshold": 83,
                "model": {
                    "type": "model",
                    "model": "custom/trans_crown"
                }
            },
            {
                "threshold": 84,
                "model": {
                    "type": "model",
                    "model": "custom/tie_dye_bi_bowtie"
                }
            },
            {
                "threshold": 85,
                "model": {
                    "type": "model",
                    "model": "custom/la_bestia_cap_fitted_sticker"
                }
            },
            {
                "threshold": 86,
                "model": {
                    "type": "model",
                    "model": "custom/vr_headset"
                }
            },
            {
                "threshold": 87,
                "model": {
                    "type": "model",
                    "model": "custom/wolf_plushie"
                }
            },
            {
                "threshold": 88,
                "model": {
                    "type": "model",
                    "model": "custom/harvest_hat_green"
                }
            },
            {
                "threshold": 89,
                "model": {
                    "type": "model",
                    "model": "custom/harvest_hat_red"
                }
            },
            {
                "threshold": 90,
                "model": {
                    "type": "model",
                    "model": "custom/snatahat"
                }
            }
        ]
    }
}